episode,training_mean_reward,validation_mean_reward
1,0.3839754057754198,
2,0.5285314542147714,
3,0.21271433075900653,
4,-0.012622529000561258,
5,-0.3306656204321825,
6,-0.01108111034750351,
7,0.26855902628834033,
8,0.3374204316269064,
9,0.4448612338183624,
10,0.4292247135724026,
11,0.46474586595834877,
12,0.39016353175409274,
13,0.35916956541771333,
14,0.30642693363898765,
15,0.012601621894906174,
16,0.0033761570808034805,
17,0.15888684631900515,
18,0.1402512704651505,
19,0.4330267671270929,
20,0.3847788688388085,
21,0.290037322606703,
22,0.4786722770669619,
23,0.34297014757380334,
24,0.014449228191021846,
25,-0.13996786397687916,
26,0.7349221743754499,
27,0.178425475209105,
28,-0.1644128688804212,
29,0.3526561668424716,
30,0.09396796546046889,
31,0.3220351749646459,
32,0.4833200823303841,
33,0.6075442047109028,
34,0.8099628260329641,
35,-0.0763143955619351,
36,0.7303859113304564,
37,0.6058836585260298,
38,0.6232106414349787,
39,0.30824632204811364,
40,-0.36496539283714635,
41,0.286324652114259,
42,0.5360607819959354,
43,0.08188093920186366,
44,0.09245583045874144,
45,-0.023931958571235167,
46,0.7241240416640687,
47,0.3339515994663458,
48,0.479439113650658,
49,0.40533658106692544,
50,0.05807228171310962,
51,0.31074772392297934,
52,-0.5326723547372207,
53,0.19437235277602297,
54,0.04453885925513759,
55,-0.12063045023585744,
56,0.28881320597872645,
57,-0.011366925183337316,
58,0.3088622354003803,
59,0.17261504434495803,
60,-0.17812745208970193,
61,-0.2748976035339108,
62,0.6390736937102537,
63,0.19992258886731526,
64,0.49417021208110146,
65,0.3925944126902592,
66,0.09546518747929328,
67,0.09002335500534867,
68,-0.04440458690047262,
69,0.11525193302669988,
70,-0.04654180696145008,
71,0.12335735652989245,
72,0.037708467899320364,
73,-0.18431171919847042,
74,0.35069441990080186,
75,-0.21341821218648074,
76,0.3084300084485281,
77,0.39495949724445234,
78,0.17783534892705805,
79,0.4748270011328286,
80,0.5250586872277664,
81,0.5033200031928357,
82,0.273809063640362,
83,0.03336872016290258,
84,0.08385714945363011,
85,0.31785868229798414,
86,0.3950770911679264,
87,0.074888273305506,
88,0.2903892929361054,
89,0.48527239351935314,
90,0.8896939698910087,
91,0.03518371362958615,
92,-0.200092877148242,
93,-0.2664413205334807,
94,0.5014322116740094,
95,-0.7889778897084473,
96,0.29008607910244993,
97,0.0016494514870493476,
98,-0.08195574184508318,
99,0.38951829173668273,
100,0.5224397017657691,
101,-0.8023264477860215,
102,0.16457636841080187,
103,0.4205862338973407,
104,0.26858501455741146,
105,0.13788149880699402,
106,0.19444243348909632,
107,0.565622770367093,
108,0.5360756598033722,
109,0.6454569559125575,
110,0.4864902743372333,
111,0.7613627791245281,
112,0.37607873294620014,
113,0.45630940588855673,
114,0.14857064668521577,
115,0.1591839754204446,
116,0.09722902790375167,
117,0.5618613773709145,
118,0.5569610872929129,
119,-0.011663431736701028,
120,0.40276185804200143,
121,0.699299720970662,
122,0.59824323556511,
123,0.4525026511896587,
124,0.42241353664598214,
125,0.7342538206229,
126,0.7765630704425328,
127,0.4614265877315931,
128,0.6986093836503946,
129,-0.04057865803213034,
130,0.6189978502166125,
131,0.511602594457009,
132,0.37864201617465243,
133,0.5567341941994319,
134,0.3449184984999996,
135,0.07163259100182037,
136,0.37619444280100023,
137,-0.0177492178020965,
138,0.6029959543617506,
139,0.5763376281936463,
140,0.3987551180739975,
141,0.673870673047518,
142,0.32637267218015065,
143,0.29789725775146664,
144,0.5111269874374439,
145,0.07540791984333874,
146,0.6263032189262954,
147,-0.15589631578980423,
148,0.25497680537665857,
149,0.13327036462379885,
150,-0.22238450965891252,
151,-0.08411822171686378,
152,-0.08186179970946153,
153,-0.01946138793193336,
154,-0.704066863575957,
155,-0.06831443622885894,
156,0.5975565966271255,
157,0.5891814311441568,
158,-0.017156605380038853,
159,0.0881232565348524,
160,-0.09294548825631774,
161,0.5792420894155953,
162,0.5191851566787059,
163,0.3190866918973707,
164,0.5003770224427393,
165,0.3345634055123232,
166,-0.24209608024465762,
167,0.5385786366849713,
168,0.6989335816486298,
169,0.2927250116431707,
170,-0.18624906546249045,
171,0.2026950939227489,
172,0.11391734496406064,
173,0.34402197269289114,
174,0.2656967359243881,
175,0.12268002925481715,
176,0.4961664984122941,
177,0.5410787339571782,
178,0.074974073522819,
179,-0.34893715361576594,
180,-0.1333023638860227,
181,0.11804547572375981,
182,-0.26993921689190303,
183,0.6333463251308844,
184,-0.13595881394784118,
185,0.3615944592572373,
186,0.08122393390951013,
187,-0.7029096831323975,
188,0.3334091889366672,
189,0.043108229789735955,
190,-0.029835067487892674,
191,0.5730218153552028,
192,0.23067482023892044,
193,0.2311355395925226,
194,0.558412818745258,
195,0.5372720297361738,
196,0.5697745656342778,
197,0.5633194588998292,
198,0.26043812176223535,
199,0.14355630266531125,
200,0.36135822378180676,
201,0.13438645269540356,
202,0.5486301396330425,
203,0.19637228833334436,
204,0.3389653752440265,
205,0.528870501126637,
206,0.46106627348661056,
207,0.408525067072926,
208,-0.03404650890546662,
209,0.007664728424662087,
210,0.0022726792878686127,
211,0.8297189710900278,
212,0.3595939161653695,
213,0.5015766454914761,
214,0.47286710514579366,
215,0.1984936593797257,
216,0.17050966705043855,
217,0.004229671806417045,
218,-0.4161357814944599,
219,-0.31490651687369775,
220,0.5028734078917303,
221,0.7757814496273423,
222,-0.02676849432994973,
223,0.513192442039998,
224,0.5916636721434007,
225,0.2681316233003712,
226,0.26496359071839337,
227,-0.03926362288855612,
228,0.5294493660954196,
229,0.37604009574999997,
230,0.4583138633685851,
231,0.012130308864177323,
232,0.580754179568505,
233,0.29636658344705963,
234,-0.1351998532517371,
235,0.40117811817237375,
236,0.557622135441697,
237,0.6378524774393807,
238,0.42893259922139304,
239,0.05493092216195038,
240,-0.10516559829617708,
241,0.5295450158610884,
242,0.7723204275929105,
243,0.5037326440192249,
244,0.42195457218403576,
245,0.48203203013418716,
246,0.04649581211696747,
247,0.43098996767237485,
248,0.5556116984507358,
249,0.21734074191985286,
250,0.6878618213088297,
251,0.5911493169594748,
252,0.61847082032364,
253,0.3283734624173996,
254,0.1763312164745746,
255,0.34580583270784077,
256,0.5295914042393843,
257,0.631195367226854,
258,0.29699857843089317,
259,0.33172741924579474,
260,0.27780489477585246,
261,0.05556327120455939,
262,0.4155801415294627,
263,0.49166993180351015,
264,0.40753298701803253,
265,0.8039330583428178,
266,0.10184274033903198,
267,0.26005297082210116,
268,0.5569820180277608,
269,0.024229427433186942,
270,0.23052313512087091,
271,0.5668662283092979,
272,0.2203440526664967,
273,0.32408086961705423,
274,0.3255141855368809,
275,0.42543138477910636,
276,0.29846145076219033,
277,0.6016588387191756,
278,0.5687893002521751,
279,0.5133396540421388,
280,0.6344522697058406,
281,0.4212603288534616,
282,0.3684094848860962,
283,0.7328860981590267,
284,0.11850942002372869,
285,0.4576501160133944,
286,0.5459099243115508,
287,0.2700723063105483,
288,0.8029828290455577,
289,0.5548342468686748,
290,0.5107201302574635,
291,0.21408429897306405,
292,0.22640723323614093,
293,0.32909594859758956,
294,0.3122297538495582,
295,0.6576082779787067,
296,0.20914121640998853,
297,0.5057808172159082,
298,0.054484182361011026,
299,0.3486105431713295,
300,0.1449780826500785,
301,0.38834201653858635,
302,0.11706367871909759,
303,0.9547218743482165,
304,0.453131435240995,
305,0.6105044793285007,
306,0.2762986882811438,
307,0.6651300670686744,
308,0.38047165002216454,
309,0.35287279909632724,
310,0.2898398675128498,
311,0.33052102383695664,
312,0.42975959877912556,
313,0.5770007321088938,
314,-0.22667460507196865,
315,0.2996423807676319,
316,0.13784735675939447,
317,0.6004226104677253,
318,0.7940321148885595,
319,0.3051399490640354,
320,0.9127656157311363,
321,0.030632631853227024,
322,-0.08562509734896279,
323,0.2354101418500294,
324,0.6159480361022502,
325,0.09145056846757257,
326,0.41062920312755286,
327,0.7536341303811208,
328,0.13492071775387277,
329,0.35357389013290014,
330,0.42737962763700243,
331,-0.08613711973103302,
332,0.43305343646220734,
333,-0.438646161627846,
334,0.8577250620218638,
335,0.16644524047696932,
336,0.23840292203684818,
337,0.5821034364589193,
338,0.15743816806981215,
339,0.35992276390903444,
340,0.5682680346408324,
341,-0.002006607286888425,
342,0.375810388821177,
343,0.4129881671992684,
344,0.6659411729133417,
345,0.8185404835864128,
346,0.5787713693344276,
347,0.260463634126888,
348,0.038882511889549984,
349,0.4673022689306844,
350,0.3781435401011258,
351,0.08182399854693093,
352,0.5484040661140037,
353,0.5941355580538974,
354,0.46878053549306914,
355,0.7084621799612344,
356,0.3442503433641679,
357,0.039457120858668066,
358,0.4787787906812018,
359,0.38078747041698363,
360,0.7352557845084091,
361,0.42333891216781255,
362,0.21459989788368355,
363,0.4543370706126416,
364,0.4845766158540186,
365,0.5364508055501078,
366,0.6925383665058339,
367,0.2356208124767856,
368,0.6151966488041716,
369,0.6223099786084554,
370,0.5650347848954858,
371,0.5197698019846941,
372,0.36976359443454304,
373,0.7047875285136891,
374,0.44653805154893206,
375,0.37199922284801434,
376,0.37296994089709745,
377,0.6797345618542244,
378,0.17888814956523055,
379,0.5913314729169658,
380,0.751703678892297,
381,0.44345624107528153,
382,0.3475175196476084,
383,0.32791874739462984,
384,0.37847333325547117,
385,0.1312341129487984,
386,0.14849501385544692,
387,-0.20567891346346512,
388,0.228874996725591,
389,0.25966215316528585,
390,0.6493413864622947,
391,-0.135785604811702,
392,-0.09385429767198104,
393,-0.14436967267609935,
394,0.28451530264712466,
395,0.019337257865185434,
396,0.40618539053581015,
397,0.43095577693089093,
398,0.4349401623118809,
399,0.38515618302215987,
400,0.4331025089676238,
401,0.1995584229290526,
402,0.3444945676920792,
403,0.21225533349329145,
404,0.19453571282455662,
405,0.20065285067525285,
406,0.3988783707207954,
407,0.3880505916777112,
408,-0.01576261326662211,
409,0.08271236122138811,
410,0.5019681126539772,
411,0.5370402157949424,
412,0.23327856925032583,
413,-0.18375415706934178,
414,0.39585300765655074,
415,0.5718697329669866,
416,-0.02761387227674554,
417,-0.06522883897074176,
418,0.07213860518034106,
419,0.19494567115367725,
420,0.13727683610208694,
421,-0.44333136369103054,
422,0.19128383164827448,
423,-0.15680598439163396,
424,0.4572853349416119,
425,0.14877724421632985,
426,0.23616799859137974,
427,0.019240491337324243,
428,0.29322295126249864,
429,0.0693423843008684,
430,0.2611972544705581,
431,0.02212368971576987,
432,-0.2934301272961595,
433,0.3872150567503962,
434,0.3711210924943601,
435,0.4266131194741617,
436,0.10321678062619735,
437,0.3480484674611569,
438,0.6176647259097067,
439,0.6563287016845774,
440,0.3722527008147725,
441,0.18210341676843433,
442,0.20848122558602133,
443,0.1561490381280982,
444,0.13588349044745796,
445,0.36420437720546645,
446,0.3971231360792746,
447,0.3453309356708764,
448,0.24160160312936654,
449,0.5368827926870563,
450,0.3516083652159346,
451,0.5441001981439558,
452,0.21222748000289637,
453,0.14755093996909288,
454,-0.23369769780278007,
455,0.5175410544003255,
456,0.41369011820029283,
457,0.3277447143935196,
458,0.5524601322493955,
459,0.33303453781274356,
460,0.08691603837394961,
461,0.19716580168260853,
462,0.8379853576678475,
463,-0.13996357548627447,
464,0.39619635117641944,
465,0.3713611142542859,
466,0.6470624088389327,
467,0.25997208081782985,
468,0.40022011450118034,
469,0.17069768138467264,
470,0.23355297561625962,
471,0.4831160738677038,
472,0.21027588141738435,
473,0.6639345591260567,
474,0.4631205401722385,
475,0.22900972666136038,
476,0.23919271667937397,
477,0.0808930348700991,
478,0.34357232132064713,
479,0.05015997117228517,
480,0.46605608602089527,
481,0.15178811765768108,
482,0.0671685918125334,
483,0.518802242733173,
484,0.08454293886493734,
485,-0.17877909380046325,
486,0.14542845541765953,
487,-0.26936526178757925,
488,-0.038926384569481956,
489,0.5992686418308681,
490,-0.02564373850746938,
491,0.42497512993906117,
492,-0.13958973659831755,
493,-0.06736702162136396,
494,0.009370866463336085,
495,0.24391987844761895,
496,0.5539008292269559,
497,0.42646406638617435,
498,0.3246294386022921,
499,0.2976487904193544,
500,0.30909293370999663,
501,0.24022034320319677,
502,0.5825766001809729,
503,0.8110522224694741,
504,0.33788697679197627,
505,0.08904187190579028,
506,0.34263161126926306,
507,0.4454177427434921,
508,0.4544282795781709,
509,0.6150357062553733,
510,0.4840694983332017,
511,0.2738425118920578,
512,0.4988972965514955,
513,0.2870098806582001,
514,0.5546826286460491,
515,0.30873672067462554,
516,0.5166692745649473,
517,0.5207139192901012,
518,-0.04090718821445319,
519,0.09127584148758383,
520,0.28069181734363585,
521,0.2726309725593276,
522,0.7697501495722565,
523,-0.17438247083071137,
524,0.30372188683819357,
525,-0.34400617455050303,
526,0.3297505670990291,
527,0.5791580584034316,
528,0.3059390909021254,
529,0.19350496396099162,
530,0.3574508271997803,
531,0.3061098500224996,
532,0.06373457518880689,
533,-0.0661579590524544,
534,0.5603688898775383,
535,0.2579668848156207,
536,0.43747297342066077,
537,0.659969974415384,
538,0.5291920463660438,
539,0.3107978002933316,
540,0.8422367977708882,
541,0.42596691502218303,
542,0.4759961311361101,
543,0.752116086970945,
544,0.3560584222975133,
545,0.20666368317753442,
546,0.6267253200622361,
547,-0.11714590487597218,
548,0.4850194038072993,
549,0.06756604943747004,
550,0.4169072562457626,
551,0.6379200684279347,
552,0.5054201435322256,
553,0.32925442672083477,
554,0.6037864371068403,
555,0.19001796636117263,
556,0.36073760412000666,
557,0.2550883109966932,
558,0.18029342242240443,
559,0.5664131441811887,
560,0.18569242031119215,
561,0.3114372522233364,
562,-0.3664500464029736,
563,0.2926187761479109,
564,0.38237409394085625,
565,0.19626611843606934,
566,0.24507060473823897,
567,0.4869802778115655,
568,0.18534655422032864,
569,0.4758518936547592,
570,0.21805250766849393,
571,0.36747446372117937,
572,0.37118192071698863,
573,0.10535188398969061,
574,-0.3580730566853,
575,0.45731411645400133,
576,0.6575438121323689,
577,0.5503570257610245,
578,0.3116190132858182,
579,0.4563951173556544,
580,-0.06674527179993019,
581,0.32052213406151164,
582,0.47020523698042066,
583,0.6914490751051755,
584,0.23909494824123995,
585,0.5396313476927536,
586,0.44907802149284237,
587,0.1338634740683498,
588,-0.10013414258716492,
589,-0.08780050281936125,
590,0.18908440816309402,
591,0.0033665174256611863,
592,0.3332419047374699,
593,0.38734647639764336,
594,-0.5458703456191278,
595,0.14016465651066656,
596,0.28690424104788353,
597,-0.11499498115080291,
598,0.6792164569415832,
599,0.3592219344372397,
600,0.4771573637341979,
601,-0.3702091159813771,
602,-0.17616183631202623,
603,0.09585293808394713,
604,0.5003939991703295,
605,0.4624793234182877,
606,0.3196066564572662,
607,0.36826974080461866,
608,0.7878857308150734,
609,0.4554512151432871,
610,0.4435527079787389,
611,0.42674960358206576,
612,0.1334942557512735,
613,0.3662476005365166,
614,0.4237364035467043,
615,0.3322293627329819,
616,-0.04986665632618511,
617,0.5211084494014188,
618,0.6275387444125574,
619,0.01437949177180223,
620,0.3998396366333151,
621,0.6566806823629717,
622,0.3331920182799835,
623,0.2536038579051356,
624,0.47430345724733924,
625,-0.08477024067732578,
626,0.5551871824480046,
627,0.36155095619958283,
628,0.350270020135599,
629,0.3862491974790027,
630,-0.057927777768101166,
631,0.4452549248150317,
632,0.2859148251634907,
633,0.33286384975805294,
634,0.4262786682789962,
635,0.5698498472422219,
636,0.34545073656389486,
637,0.32597943542155416,
638,0.21592999946227673,
639,0.49391655842245247,
640,-0.2951549230576249,
641,0.31837928560623685,
642,0.01508063506889522,
643,0.5069766727658703,
644,0.3567697872420361,
645,0.21865278817690045,
646,0.4869331551586335,
647,0.022324821213676387,
648,0.6595847006289047,
649,0.020591267626246933,
650,0.6295065957907051,
651,0.31870692058491856,
652,0.2243017750571372,
653,0.31104481432857917,
654,0.4111597409058034,
655,0.21701965514780938,
656,0.08893798522820454,
657,0.17357187159633844,
658,0.44901029501033546,
659,0.04489345796869924,
660,0.08194544174620824,
661,0.355482049710442,
662,0.4430425693692004,
663,0.680487710754144,
664,0.3254092213722472,
665,0.2220579703886665,
666,0.10020082300964617,
667,0.6187966857405813,
668,0.34822436609198737,
669,0.7032169030273194,
670,0.6343745276224821,
671,0.6618760702498059,
672,0.5111138782756579,
673,0.6133892609771274,
674,0.5657860501634594,
675,0.4588730599469836,
676,-0.046000109267570505,
677,0.2040361197547208,
678,-0.24684706233752654,
679,0.2526649964091514,
680,0.4087600204642777,
681,0.6129919782939253,
682,0.17517659249122725,
683,0.46989877436539784,
684,0.4904919356347713,
685,0.5185367819337316,
686,0.1789349609086866,
687,0.1067700041531058,
688,0.7593924911571012,
689,0.5151766043435595,
690,0.29550338861476716,
691,0.4035521986799653,
692,0.2060205718705404,
693,0.4939463988620738,
694,0.48548828752514184,
695,0.4477243244093122,
696,0.31518664467000734,
697,0.45522385539017873,
698,-0.11955156018075769,
699,0.666566218464908,
700,0.40610078294597707,
701,0.4324601560400836,
702,0.5223810965460804,
703,0.28097013516700026,
704,0.49972317210503786,
705,0.40277641297930633,
706,0.9488192774057637,
707,0.3973239491238251,
708,0.3156542343253362,
709,0.2515650872098745,
710,0.5623287603723668,
711,0.6297194508707544,
712,0.13308666093415344,
713,0.44633299522680986,
714,0.36543465012254567,
715,0.5339304868794575,
716,0.41142291367174927,
717,0.6917460513589332,
718,0.5778886551488245,
719,0.42824836207749456,
720,-0.07646997111357186,
721,0.4065386976828222,
722,0.2984130707831981,
723,0.23342524590530075,
724,0.2124130209138126,
725,0.1943881991267812,
726,0.40156367358091904,
727,0.41293719730781503,
728,0.30514232578635775,
729,0.5474124754335373,
730,0.7295727795947692,
731,0.6532523511158282,
732,0.45583376168141354,
733,-0.22775227631421147,
734,0.4111841286180188,
735,0.27337380808504474,
736,0.5699728785622129,
737,0.6362271453688548,
738,0.36911505226151803,
739,0.37790437828684886,
740,0.4141409548175955,
741,0.2970942693544358,
742,0.5375746748273845,
743,0.49622397854098793,
744,0.8193477876268405,
745,0.4804473342639687,
746,0.34359338380462306,
747,0.5171575827453299,
748,0.6064307077524359,
749,0.5942745058468872,
750,0.4278114566180244,
751,0.6981455381624319,
752,0.760748436847018,
753,0.5664912889251539,
754,0.5504060171007507,
755,0.1893715456613658,
756,0.49727860234549387,
757,0.556031947627005,
758,0.3785802572346647,
759,0.8653200675378119,
760,0.7459637250216453,
761,0.40519111324390256,
762,0.6288216589032305,
763,0.43805803227124657,
764,0.3696002844700109,
765,0.16089718623149485,
766,0.27229171682126185,
767,0.45243302037897853,
768,0.3431545073419596,
769,0.6679456480678075,
770,0.40207978033063035,
771,0.37042273449778346,
772,0.3341137347816651,
773,0.4640269670789639,
774,0.1510248818234976,
775,0.5105793936201345,
776,0.8212971140811471,
777,0.14186341109645437,
778,-0.21214833611607778,
779,0.7931376971081061,
780,0.04455140892900076,
781,0.4186682892753793,
782,0.38417914759169663,
783,0.5279871566987419,
784,0.5549236738584574,
785,0.6124851473868592,
786,0.3981060049470583,
787,0.4912729078790321,
788,0.29355590730394326,
789,0.3497020114363789,
790,0.48848575267641886,
791,0.29777203679123143,
792,0.5314242106901135,
793,0.19464715479956612,
794,0.454196340443299,
795,-0.32559694187095317,
796,0.23144239651513662,
797,0.16762491979670086,
798,0.1232358907615358,
799,0.28605768516315344,
800,0.6011603860848544,
801,0.4515633766598183,
802,0.30456469025398625,
803,0.4570068182739678,
804,0.6694409663028248,
805,0.4174475537617385,
806,0.5201035653689794,
807,0.5187849930416569,
808,0.3115844808512246,
809,0.647472175297907,
810,0.03939420513260192,
811,0.4949411548546382,
812,-0.245341501451765,
813,0.47695924693430275,
814,0.6597578385244097,
815,0.3167066856472219,
816,0.30247238618934214,0.3353989490614273
817,0.12849328890920012,
818,0.33896226248747086,
819,0.463758761698076,
820,0.28364303531393664,
821,0.3206508786092585,
822,0.31191203795380934,
823,0.43018214055817655,
824,0.8061460472415486,
825,-0.22919949044483282,
826,0.5591608588895591,
827,0.4132372739294415,
828,0.4669933151169309,
829,0.346954578960856,
830,0.40646827563530286,
831,-0.030039195433928655,
832,0.4737045850106758,
833,0.24139599437659082,
834,0.6318282757793738,
835,0.6461739243036383,
836,0.5385648839792211,
837,0.5732892767880478,
838,0.8637111732007056,
839,0.5926651103580506,
840,0.1821876950620388,
841,0.6524312797876459,
842,0.1780173874632004,
843,0.0786520416025823,
844,0.3686778165035165,
845,0.25256947985878303,
846,0.5230399295557429,
847,0.5515904381290901,
848,0.6028554347887362,
849,0.6189445067724728,
850,0.40045819562982254,
851,0.519008404809857,
852,-0.2161477942146696,
853,0.832204655037694,
854,0.4624025737356706,
855,0.7351230565346737,
856,0.7054943941483959,
857,0.39245204090477764,
858,0.728439721191453,
859,0.33023253432460115,
860,0.5168650294391487,
861,0.6003359998467774,
862,0.387663428450938,
863,0.6472546745259188,
864,0.7011838122940467,
865,0.14071536986448036,
866,0.07101026342721654,
867,0.11922320453926201,
868,0.49797644247978906,
869,0.7046195186068123,
870,0.7921077706252474,
871,0.7300472676961531,
872,0.5201968634330576,
873,0.3232557417190612,
874,0.10460416818242475,
875,0.3732526483907446,
876,0.566388082116265,
877,0.0996401230004527,
878,0.6409695472848098,
879,0.41271538774768,
880,0.4316123018463878,
881,-0.33378825683909824,
882,0.3158840079783869,
883,0.4503151521652259,
884,0.3089010780654736,
885,0.33747783572254714,
886,0.13598781744453217,
887,0.48693543343823537,
888,0.2348994014467843,
889,0.7058811896859226,
890,0.32045031054398876,
891,-0.2867169673859445,
892,0.25855721611476173,
893,0.22278229264773372,
894,0.7399384506809001,
895,0.403587015305197,
896,0.6310733178220402,
897,0.7631884178802805,
898,0.20749202392180627,
899,0.6495906660134478,
900,0.37725861919889325,
901,0.3386238643747991,
902,0.3765976545687914,
903,0.31700399952857,
904,0.4328866702274448,
905,0.9438650167004202,
906,0.7795380085290974,
907,0.6518080995395052,
908,0.6224847433459669,
909,0.4586023539193169,
910,0.3557792504446909,
911,0.8780754030224599,
912,0.6615532089018231,
913,0.34611561620339265,
914,0.3000433936091824,
915,0.3271609765842317,
916,0.7587443732894894,
917,0.5134622566137289,
918,0.3141308024788223,
919,0.5869406632524558,
920,0.7947585153988014,
921,0.27948762697315,
922,0.8535400196994273,
923,0.43020203238519406,
924,0.034340773895153706,
925,0.4055220555487456,
926,0.04875039144934567,
927,0.7381290994312594,
928,0.19017810971133303,
929,0.6570588736839674,
930,0.6291153004209697,
931,0.37419054470900925,
932,0.22796143235081834,
933,0.5120892005423091,
934,0.7810112842048883,
935,0.4076166650469909,
936,0.542817189892393,
937,0.5912661604806598,
938,0.7910180255364383,
939,0.49461347671602857,
940,0.5310602260212358,
941,0.5842829228911774,
942,0.6389374498904067,
943,0.49126854857422053,
944,0.37808301312046955,
945,0.5277906808394986,
946,0.5389868274051721,
947,0.43832083104815167,
948,0.5250464653400063,
949,0.07570478343473014,
950,0.2790101597465016,
951,0.3267901565326488,
952,0.17192494764405383,
953,0.815370038494928,
954,0.48591752208690053,
955,0.29071864934340136,
956,0.47011943490929153,
957,0.5116726964716638,
958,0.4498012570516605,
959,0.23293000406485406,
960,0.6774042767152424,
961,0.5085675017554817,
962,0.3952451385888868,
963,0.7379815197336799,
964,0.5673028478045833,
965,0.47728943337141844,
966,0.4137320079623303,
967,0.4279124655501049,
968,0.8373977142193739,
969,0.6369546347357118,
970,0.5481619241478454,
971,0.41658073876995666,
972,0.625007101529254,
973,0.364194961057588,
974,0.6298091317279239,
975,0.38595726332293057,
976,0.5590263006400785,
977,-0.08900194295869923,
978,0.6332017198226122,
979,0.12740528425773562,
980,0.546933864359364,
981,0.558910795470589,
982,0.6821776183152913,
983,0.1852617406873876,
984,0.5140877095690904,
985,0.6703497123586735,
986,0.23520464132849314,
987,0.5192676917066209,
988,0.2531370299735164,
989,0.5939985077731937,
990,0.5286339094402049,
991,0.4102160541359414,
992,0.3814136248019301,
993,0.6617483558401995,
994,0.44529819383842856,
995,0.6421073280960737,
996,0.5746735672227081,
997,0.8848806287115923,
998,0.6738640811009693,
999,0.7606460174516849,
1000,0.7936767169750673,
1001,0.6208190650292573,
1002,0.5193922185765669,
1003,0.4066516116447817,
1004,0.7160366893017258,
1005,0.5418105283167161,
1006,0.370280815986077,
1007,0.4761609110403687,
1008,0.7243690482647537,
1009,0.39736741560550787,
1010,0.19891488230786036,
1011,0.5298524395938855,
1012,0.6131509112850918,
1013,0.2724025162091547,
1014,0.27657784248832856,
1015,0.5267948167298036,
1016,-0.03642892148411707,
1017,0.28306232964738404,
1018,0.5167602952930258,
1019,0.38755937125419676,
1020,0.3173082461639847,
1021,0.4656306331642958,
1022,0.2810230363940153,
1023,0.1200431748801366,
1024,0.34228252378207635,
1025,0.4797585434620629,
1026,0.5684093660357816,
1027,0.5566601195206358,
1028,0.6779599568283811,
1029,0.47216294719275254,
1030,0.521127731366993,
1031,-0.10510295586023315,
1032,0.32434759076183584,
1033,0.4150923905374222,
1034,0.04326422855691483,
1035,0.6027994963170997,
1036,0.46926370045862587,
1037,0.4589352535987418,
1038,0.4115800693582287,
1039,0.21067601955604043,
1040,0.15240561291754356,
1041,0.5141901290754644,
1042,0.3527558949645672,
1043,0.5630763440479901,
1044,0.37631528599099096,
1045,0.7102763223403373,
1046,0.46908475395857807,
1047,0.3469642738868179,
1048,0.6689011602163709,
1049,0.8051864067581574,
1050,0.3016428937399926,
1051,0.5055303370948221,
1052,0.5120921402166668,
1053,0.5652244826261371,
1054,0.5348101545122469,
1055,0.7494193931248604,
1056,0.5722569675720135,
1057,0.5571643268142846,
1058,0.8745770215007764,
1059,0.6563902194944771,
1060,0.5561376785572834,
1061,0.8056945226456619,
1062,0.11962216953135046,
1063,0.5772383237683189,
1064,0.48956776585241557,
1065,0.5726843099334762,
1066,0.48119925814769915,
1067,0.5399706386495159,
1068,0.7586509576081021,
1069,0.8106050650152095,
1070,0.5955491694828166,
1071,0.673883449305691,
1072,0.6294492396803071,
1073,0.5348899306451584,
1074,0.42944800728169613,
1075,0.22686503335271196,
1076,0.23323519811470395,
1077,0.6057362913004454,
1078,0.6050539272408363,
1079,-0.6540071393450138,
1080,0.30066462753827894,
1081,0.47487246449607307,
1082,0.6076286518704428,
1083,0.3928141995205818,
1084,0.5019270119407049,
1085,0.35935917668891837,
1086,0.10303418676872854,
1087,0.6256710552551397,
1088,0.6440524668319629,
1089,0.8075559697583516,
1090,0.7800904734657131,
1091,0.592427865299697,
1092,0.4397110105817842,
1093,0.4751724869531306,
1094,0.8331284297429509,
1095,0.6768161196391983,
1096,0.929340715504128,
1097,0.6648956503684963,
1098,0.7300858635796384,
1099,0.6011820573163837,
1100,1.0089015761961089,
1101,0.549172988767359,
1102,0.5139114293552179,
1103,0.6430876266466741,
1104,0.38999021085292845,
1105,0.7775332164189083,
1106,0.4358272283230648,
1107,0.5496012199726327,
1108,0.30390826967422724,
1109,0.5103289324340697,
1110,0.5241025639628369,
1111,0.8827137464177981,
1112,0.5910863725197157,
1113,0.659502612223308,
1114,0.46001416379807347,
1115,0.7845822852885801,
1116,0.7343512887323249,
1117,0.7021412684961698,
1118,0.21314666973267055,
1119,0.6050332077199344,
1120,0.6405506889838463,
1121,0.3773324353939033,
1122,0.6890299685401248,
1123,0.6621902798248539,
1124,0.36344785100649435,
1125,0.6313571136625644,
1126,0.3502111995428736,
1127,0.4418109602941592,
1128,0.44355210046749305,
1129,0.48995926996988876,
1130,0.575910030620531,
1131,0.678455682320069,
1132,0.505204062560439,
1133,0.8499416062837238,
1134,0.4571317116416243,
1135,0.6475128938930397,
1136,0.5088277401091769,
1137,0.5354739983335693,
1138,0.6656920770707604,
1139,0.5499038056608526,
1140,0.554252402416229,
1141,-0.05208608990346795,
1142,0.4681556133776192,
1143,0.5112423324976619,
1144,0.17185411187741562,
1145,0.571485254967692,
1146,0.669828195875483,
1147,0.5818893509521158,
1148,0.47729557714980286,
1149,0.42889871003904023,
1150,0.5973946660797407,
1151,0.4106065446886886,
1152,0.6012644523116267,
1153,0.25377458042270684,
1154,0.40465398974176375,
1155,0.5977039604088593,
1156,0.45862051213402627,
1157,0.6952684199125281,
1158,0.5638949681776647,
1159,0.5963189526766945,
1160,0.5296094298041849,
1161,0.559953275428903,
1162,0.17548474412669715,
1163,0.22336459211173543,
1164,0.5302558180382152,
1165,0.5566504507301718,
1166,0.4655071174963352,
1167,0.9208256688293643,
1168,0.8161588750313251,
1169,0.8729772675520537,
1170,0.4822438714909554,
1171,0.4321507606049273,
1172,0.6851008413891856,
1173,0.7719817020999408,
1174,0.7774435343717664,
1175,0.39927622402672897,
1176,0.5949535786568525,
1177,0.6514127482166596,
1178,0.7956178236348566,
1179,0.44667894396980906,
1180,0.32441970036015494,
1181,0.4123909258196635,
1182,0.5028674707445123,
1183,0.6475985593984727,
1184,0.6263917234231767,
1185,0.42577989652404846,
1186,0.4751782304665114,
1187,0.5265165429499208,
1188,0.8129167428725829,
1189,0.6526545713085447,
1190,0.4492551016223251,
1191,0.5605893749549542,
1192,0.38923053237464467,
1193,0.7175811199219274,
1194,0.2811898879705917,
1195,0.5251471035131505,
1196,0.7873550172844396,
1197,0.8440077652189939,
1198,0.6606637930217524,
1199,0.5934728084047015,
1200,0.4550559170147824,
1201,0.6811967390889913,
1202,0.828568790477638,
1203,0.559379734758721,
1204,0.5214995695164558,
1205,0.49043428295447233,
1206,0.25243278554776327,
1207,0.6327047814100145,
1208,0.44422641582715855,
1209,0.7074429700114294,
1210,0.7236226544576558,
1211,0.7779095524690713,
1212,0.4743181712819144,
1213,0.7479525517855332,
1214,0.5612486797417546,
1215,0.6572349015219039,
1216,0.5817347469339579,
1217,0.6104877035206011,
1218,0.536593436984634,
1219,0.602129756426888,
1220,0.4566023965410269,
1221,0.49975393981168215,
1222,0.4762447210372883,
1223,0.9685839039623411,
1224,0.3706734491753886,
1225,0.6988702202888873,
1226,0.5009810121935114,
1227,0.8803281307347761,
1228,0.2710268515451427,
1229,0.7212968449269802,
1230,0.861315210492799,
1231,0.7330146678024495,
1232,0.4432373586698893,
1233,0.646829033046065,
1234,0.20456477255736696,
1235,0.6414735640546319,
1236,0.4298537537870488,
1237,0.7073481181577985,
1238,0.17155726532735735,
1239,0.6892311800394518,
1240,0.5327681054605322,
1241,0.8775910345371492,
1242,0.4710042597157884,
1243,0.8159757206685843,
1244,0.8385713802318382,
1245,0.36596093376551475,
1246,0.536090645881452,
1247,0.3134510368018046,
1248,0.39995305356339816,
1249,0.49146200233345805,
1250,0.6067115946699059,
1251,0.675949494870001,
1252,0.5892025836632713,
1253,0.35735738198766825,
1254,0.9293363567792455,
1255,0.4045882058529204,
1256,0.8295609216959048,
1257,0.6781835439185029,
1258,0.6234287856871963,
1259,0.6599166854851786,
1260,0.7768378073557693,
1261,0.6196315462174037,
1262,0.7626539816425985,
1263,0.6397499730846249,
1264,0.7098137566745892,
1265,0.7195453882725485,
1266,0.7458338203549318,
1267,0.4655560185870661,
1268,0.6098678770026433,
1269,0.6965351192137226,
1270,0.7002133505416088,
1271,0.6496914291489219,
1272,0.43738607460973894,
1273,0.7546358176474838,
1274,0.4288995073307375,
1275,0.8554286152005071,
1276,0.5958518454260283,
1277,0.6562210871626248,
1278,0.5825476702694105,
1279,0.5179686858641512,
1280,0.42347491584286256,
1281,0.6020895397673266,
1282,0.7710441640864941,
1283,0.6342621761674563,
1284,0.574095891674708,
1285,0.7588882300123094,
1286,0.8322578942065031,
1287,0.7263942859331266,
1288,0.5786879521334555,
1289,0.2875925606170404,
1290,0.6868455500390513,
1291,0.7073010846324618,
1292,0.22995867331687872,
1293,0.5988487201857335,
1294,0.5584314189592747,
1295,0.5099465282595542,
1296,0.23789410298454572,
1297,0.5372091086634563,
1298,0.509572897428631,
1299,0.6238624894972765,
1300,0.5192219199637054,
1301,0.4699870563059126,
1302,0.5908837284125188,
1303,0.6957348245650425,
1304,0.8233150338001649,
1305,0.6123286319118879,
1306,0.5282094067975754,
1307,0.4983789866830263,
1308,0.3480864565897314,
1309,0.6592567825078565,
1310,0.7714238964927367,
1311,0.6004590278358412,
1312,0.4098331339312301,
1313,0.872777493788679,
1314,0.8231106643482272,
1315,0.7553134369510929,
1316,0.7412387391390682,
1317,0.21817659166231573,
1318,0.7027991892198122,
1319,0.7219017356678578,
1320,0.6317678730346991,
1321,0.3189089288733119,
1322,0.7029400546258265,
1323,0.7066748201733863,
1324,0.7565468765618005,
1325,0.785642872470671,
1326,0.44329367314403395,
1327,0.6184798476570946,
1328,0.5711778639024865,
1329,0.6554493952599124,
1330,0.6293514399924365,
1331,0.6068344046785663,
1332,0.7681665446193995,
1333,0.7157228183183009,
1334,0.5522647391849149,
1335,0.29670265536690427,
1336,0.5884647222842534,
1337,0.25524743977850667,
1338,0.44601475257561746,
1339,0.09831291400683614,
1340,0.6929181814780996,
1341,0.6814312403200042,
1342,0.6455926154566592,
1343,0.6120454117945626,
1344,0.6107493479360842,
1345,0.7621681670025773,
1346,0.5463674679326609,
1347,0.47654830267134707,
1348,0.7122264588849315,
1349,0.6000939597629176,
1350,0.5193762221685101,
1351,0.702807508029591,
1352,0.661247261014673,
1353,0.7128357095831696,
1354,0.3829067990326183,
1355,0.625768300325306,
1356,0.49279595934073456,
1357,0.6727976165513969,
1358,0.6436452695396192,
1359,0.5076088727778151,
1360,0.386175200253443,
1361,0.8340223253230316,
1362,0.7519282754832017,
1363,0.8215779020880271,
1364,0.659720912432157,
1365,0.28208100701563654,
1366,0.7745843833469669,
1367,0.608536314377895,
1368,0.46719990531258393,
1369,0.6365208432184905,
1370,0.5707037788364113,
1371,0.2845505143699674,
1372,0.4330864437808758,
1373,0.812290026112892,
1374,0.7298117847912472,
1375,0.539001140918308,
1376,0.40794838341544676,
1377,0.6443672434447264,
1378,0.6962073010321264,
1379,0.44183788097368115,
1380,0.4666631055422295,
1381,0.5414475150122092,
1382,0.3881241742616152,
1383,0.5680017292395764,
1384,0.13258935554175172,
1385,0.43461222988943654,
1386,0.5181948802032152,
1387,0.4552299053919184,
1388,0.5472604061243163,
1389,0.5352164622076276,
1390,0.6637499395921999,
1391,0.23657632323274153,
1392,0.4658797559138094,
1393,0.331459657490203,
1394,0.6044263807659086,
1395,0.22285118393645195,
1396,0.6839274567079301,
1397,0.6125275399869021,
1398,0.7424126663673222,
1399,0.6182986371408058,
1400,0.8469357541108994,
1401,0.42162736117462507,
1402,0.5057920428019304,
1403,0.6738329940969927,
1404,0.5707223922114297,
1405,0.5241203669190804,
1406,0.7214161778641369,
1407,0.61074419730881,
1408,0.5463469714226583,
1409,0.5128480922508593,
1410,0.7112971429483467,
1411,0.4921097638912808,
1412,0.4237547414549666,
1413,0.5566154022397913,
1414,0.7169261141747179,
1415,0.2544136852534648,
1416,0.4390837480918931,
1417,0.35372569137633914,
1418,0.392328023928254,
1419,0.5065209142742424,
1420,0.43257324062183455,
1421,0.5957127417677134,
1422,0.498826841162871,
1423,0.3018640144304932,
1424,0.6882220853633684,
1425,0.5083486474826797,
1426,0.7372476659954025,
1427,0.8942540411742943,
1428,0.36575024443872634,
1429,0.6727090818452889,
1430,0.7936524547030674,
1431,0.5927310623048234,
1432,0.5105263236131474,
1433,0.3609553494339525,
1434,0.6807847867451505,
1435,0.5045462133992972,
1436,0.6645602932558459,
1437,0.5392593362961727,
1438,0.4523120474871796,
1439,0.7826214638396025,
1440,0.3652563540043382,
1441,0.29027461964413726,
1442,0.5461621741609575,
1443,0.2409623275347358,
1444,0.6806474786075817,
1445,0.16344196781070885,
1446,-0.06037964076923632,
1447,0.14058445762836702,
1448,0.057111478879192504,
1449,0.5052184485761132,
1450,0.6493965049741515,
1451,0.45787629079131353,
1452,0.3265771019914843,
1453,0.32814179408993904,
1454,0.11344414911071035,
1455,0.31134783438015085,
1456,0.14723258639077505,
1457,0.5003749820362661,
1458,0.6068626615944679,
1459,0.44386749633278727,
1460,0.8684428130833243,
1461,0.49575938081802723,
1462,0.3334432333640068,
1463,0.5247499832563253,
1464,0.7220772881212866,
1465,0.7109953008153596,
1466,0.692807169887335,
1467,0.12360532964080895,
1468,0.4404384343542537,
1469,0.6852716236000383,
1470,0.4593085575952833,
1471,0.42290552895698125,
1472,0.8627586685933628,
1473,0.43071533868404677,
1474,0.6342612750812505,
1475,0.27420755934688257,
1476,0.6126899973698883,
1477,0.689928280842541,
1478,0.7172068415643188,
1479,0.4890165913300263,
1480,0.6035702564294416,
1481,0.665217006560586,
1482,0.4200594765466802,
1483,0.45147800026323476,
1484,0.628011086667887,
1485,0.24951338439885587,
1486,0.5400893051457166,
1487,0.6297808746816544,
1488,0.39008412746331694,
1489,0.5737137273220915,
1490,0.5929156989606778,
1491,0.5661164780206771,
1492,0.6495407433304518,
1493,0.6563461561426521,
1494,0.22358100095813027,
1495,0.5663840846821617,
1496,0.7471887582576126,
1497,0.7659649913007358,
1498,0.6527440676924657,
1499,0.6920274857432399,
1500,0.15780067202692902,
1501,0.5085473171919805,
1502,0.2267988303709234,
1503,0.7280110791816109,
1504,0.9205425988522368,
1505,0.5793687167639395,
1506,0.5864110306482171,
1507,0.7791864921627625,
1508,0.5195731889231484,
1509,0.5770038687092505,
1510,0.48063235503599755,
1511,0.5518554030441717,
1512,0.8311378726972851,
1513,0.6012657325093312,
1514,0.6423870518127167,
1515,0.5597352310448146,
1516,0.4848648502383569,
1517,0.740896924432747,
1518,0.7694188108997141,
1519,0.6363162802120103,
1520,0.7791226104039849,
1521,0.6085372136907903,
1522,0.5983148688601764,
1523,0.6909013806188247,
1524,0.6997553501975803,
1525,0.8259668131059786,
1526,0.4193223899398252,
1527,0.635335336614547,
1528,0.8165775179244753,
1529,-0.0719057737586422,
1530,0.537753925690398,
1531,0.6256696251697199,
1532,0.7094993465734997,
1533,0.2930598780131026,
1534,0.7547391070034283,
1535,0.6389021017964344,
1536,0.3577673147481007,
1537,0.7538152496468283,
1538,0.46632715693684224,
1539,0.6791452611361289,
1540,0.6041290764839901,
1541,0.7476494661161287,
1542,0.8325777397031723,
1543,0.7531573980512046,
1544,0.6628186308701406,
1545,0.8437543227137653,
1546,0.8660853389516707,
1547,0.6808474768784767,
1548,0.515537777123236,
1549,0.682543436936671,
1550,0.6801654074335508,
1551,0.30676357594233244,
1552,0.6027223708120728,
1553,0.4876370330659455,
1554,0.43552432566474675,
1555,0.7572170760086255,
1556,0.6948524405460987,
1557,0.42600922392156126,
1558,0.672498926593755,
1559,0.792375541845917,
1560,0.41552667116236536,
1561,0.5488764741496062,
1562,0.6214003328874543,
1563,0.49507060463507474,
1564,0.6588849028297515,
1565,0.5442978833592024,
1566,0.6366803251571398,
1567,0.4872047147771122,
1568,0.6924291398518789,
1569,0.7525975104558956,
1570,0.7958062106841637,
1571,0.470768978714985,
1572,0.7717387183544728,
1573,0.5626966738032984,
1574,0.7313029651176155,
1575,0.8364293316186552,
1576,0.48340757914949634,
1577,0.6232329438985171,
1578,0.5817636514150875,
1579,0.9559136140711048,
1580,0.7262603777059019,
1581,0.40875771570431996,
1582,0.7036718145111258,
1583,0.5489264816175511,
1584,0.7933216433620012,
1585,0.7552174430128041,
1586,0.6079444375533375,
1587,0.4922831566152815,
1588,0.7940453858478763,
1589,0.45573527424893207,
1590,0.6773097407504554,
1591,0.6699519011043699,
1592,-0.16655717871821726,
1593,0.5888967351876602,
1594,0.6725547242046771,
1595,0.5454870981747029,
1596,0.22383790876883383,
1597,0.844756697375009,
1598,0.5117963005416761,
1599,0.43287246502974575,
1600,0.39832369999691913,
1601,0.6586793511686312,
1602,0.520922242271403,
1603,0.424181793323061,
1604,0.5076691065374664,
1605,0.6823653479533935,
1606,0.5111361127461612,
1607,0.5296798478446723,
1608,0.9539588806039814,
1609,0.44937717755013146,
1610,0.5932015984842488,
1611,0.7280786963369614,
1612,0.5240585503688462,
1613,0.6219064770502714,
1614,0.44611278979855057,
1615,0.48559052032261696,
1616,0.6459823252675633,
1617,0.4627804899796453,
1618,0.6987157361823105,
1619,0.5459068493449897,
1620,0.45304750017270157,
1621,0.6793523787564152,
1622,0.5001633121846829,
1623,0.3610614410915663,
1624,0.6464874856853914,
1625,0.5188440638163521,
1626,0.7638597852241121,
1627,0.27659669236386664,
1628,0.8662895704196865,
1629,0.699889551710386,
1630,0.8229723459367676,
1631,0.6736191416543551,
1632,0.48078708752817884,0.5441711753780979
1633,0.5673313445581251,
1634,0.6210375870731901,
1635,0.5570942183263599,
1636,0.6993135517206229,
1637,0.39169030748520056,
1638,0.7795019396594709,
1639,0.4804686719078602,
1640,0.3573302515031483,
1641,0.8262652499988656,
1642,0.7146438629553366,
1643,0.729491637317009,
1644,0.4595504022831704,
1645,0.5118365619141385,
1646,0.4533156687950665,
1647,0.6134318958765009,
1648,0.4330420766760675,
1649,0.49141002838622727,
1650,0.6799863512668091,
1651,0.517767801508266,
1652,0.6824656813558747,
1653,0.3746311286882361,
1654,0.93115758966809,
1655,0.6992126028860542,
1656,0.519004609924428,
1657,0.6776522964253008,
1658,0.6650774095916973,
1659,0.4844389065075694,
1660,0.38675643345754296,
1661,0.49578919874410315,
1662,0.6181125339455145,
1663,0.4745945984718056,
1664,0.5447342095182987,
1665,0.5097337917139314,
1666,0.7082116724576929,
1667,0.5747976104190482,
1668,0.3659855118339497,
1669,0.6868473821265182,
1670,0.6894311731188729,
1671,0.3492818997920787,
1672,0.5328766182624737,
1673,0.5411421722708173,
1674,0.522962762934082,
1675,0.38597379663043135,
1676,0.6732716114754921,
1677,0.6353987282291514,
1678,0.5848576908797802,
1679,0.49908319798189593,
1680,0.39239124603145376,
1681,0.6833766705971921,
1682,0.39398060994898365,
1683,0.38384768733574104,
1684,0.4758932130860599,
1685,0.29637985190551774,
1686,0.543815984278267,
1687,0.3680149829741544,
1688,0.43124070401558345,
1689,0.31490236083067863,
1690,0.6046015610530112,
1691,0.655183815298272,
1692,0.47939987069705425,
1693,0.4361802706397946,
1694,0.45732243564783015,
1695,0.5528210400971028,
1696,0.3614008244129077,
1697,0.8398927200470353,
1698,0.5572845069814175,
1699,0.8169272790367809,
1700,0.6658374115465945,
1701,0.4848316321789493,
1702,0.8970046946015912,
1703,0.8052864811977366,
1704,0.635308866966083,
1705,0.6136905497777448,
1706,0.5520989573665489,
1707,0.7380552581050775,
1708,0.8011079470956635,
1709,0.5653017307523576,
1710,0.4873498193750885,
1711,0.5993297613940648,
1712,0.6699034194629497,
1713,0.4217448084541488,
1714,0.5854385551901687,
1715,0.6322929133440511,
1716,0.7238650118654454,
1717,0.5673749543518883,
1718,0.6792085135487553,
1719,0.5967652569430104,
1720,0.7030648104351785,
1721,0.5637424021562638,
1722,0.737740075854411,
1723,0.7999084886646592,
1724,0.7806014937910294,
1725,0.7249151481570332,
1726,0.643392785483646,
1727,0.5077304673152412,
1728,0.6290143069404854,
1729,0.63288246851817,
1730,0.6555994555482774,
1731,0.7717742780075377,
1732,0.6953767813919453,
1733,0.652400687953065,
1734,0.666941764492702,
1735,0.3697942263115281,
1736,0.808627184819751,
1737,0.5287711935480178,
1738,0.7234672704098802,
1739,0.796952961879005,
1740,0.716007008994012,
1741,0.5751668319104274,
1742,0.5782770194592644,
1743,0.5664239062100376,
1744,0.5709354068935966,
1745,0.603208305141408,
1746,0.7649461268783773,
1747,0.5776047043915887,
1748,0.5030549962577723,
1749,0.7233408455867102,
1750,0.6229728302095673,
1751,0.7795437211829623,
1752,0.8050231328281339,
1753,0.9414367187906605,
1754,0.5453715757452894,
1755,0.745618066185199,
1756,0.5216257850390131,
1757,0.6053425891987624,
1758,0.6434301756495698,
1759,0.5710556801607228,
1760,0.4747555196888269,
1761,0.7353512557745098,
1762,0.35778621491848744,
1763,0.5384216214865429,
1764,0.7342163048503796,
1765,0.5723241679754266,
1766,0.7709892902155127,
1767,0.8338610045310226,
1768,0.7035956427505666,
1769,0.5604570630395959,
1770,0.588575249927423,
1771,0.2284644164519441,
1772,0.4950729588036933,
1773,0.5811824626684663,
1774,0.35315954457119836,
1775,0.7041699153590232,
1776,0.8342093530098241,
1777,0.6497210812088478,
1778,0.6310991373584045,
1779,0.5614257306790489,
1780,0.7462924309621841,
1781,0.6412949243855228,
1782,0.5556489311401976,
1783,0.7497514068137177,
1784,0.8242698301029462,
1785,0.4832507352532625,
1786,0.5946028925559333,
1787,0.7967782640175936,
1788,0.6006192497643503,
1789,0.5511431847259586,
1790,0.48644088815511605,
1791,0.7613152702844198,
1792,0.6552728148258781,
1793,0.4178118201731172,
1794,0.6084440582980554,
1795,0.6410762984193162,
1796,0.4921450163255367,
1797,0.5415737379271169,
1798,0.6650028984393281,
1799,0.20956904378990227,
1800,0.5550513797286527,
1801,0.7898194571212332,
1802,0.6590702980182628,
1803,0.7773403264639273,
1804,0.7366140161554431,
1805,0.41173640528510286,
1806,0.6166980841634677,
1807,0.6919476903779739,
1808,0.6972920996009095,
1809,0.6785391016187122,
1810,0.5768886304907788,
1811,0.6391388982673477,
1812,0.6921892925211285,
1813,0.4940612896017904,
1814,0.5426543443765428,
1815,0.790207674306718,
1816,0.6822259684453515,
1817,0.3044283774648106,
1818,0.4361382387584753,
1819,0.7766089922302342,
1820,0.5038544320396823,
1821,0.6231384136502639,
1822,0.7237600596381634,
1823,0.930934313403859,
1824,0.3951061945514052,
1825,0.49899475561057915,
1826,0.42375057595670185,
1827,0.4144115276022594,
1828,0.6264708855929165,
1829,0.8637928875789661,
1830,0.7551752726170419,
1831,0.6356603036729858,
1832,0.565635776940822,
1833,0.6481572256631483,
1834,0.6437984868721541,
1835,0.5473102230339715,
1836,0.6694166163560754,
1837,0.43120533541419775,
1838,0.5732863282523638,
1839,0.373649756370164,
1840,0.6546210014425256,
1841,0.6307018070844039,
1842,0.7001720364979228,
1843,0.4795468959026872,
1844,0.7526118290040182,
1845,0.49789285821125534,
1846,0.5041109791058697,
1847,0.7833261430560723,
1848,0.3888125536897921,
1849,0.6637354485843073,
1850,0.8269515481014115,
1851,0.7296179067410319,
1852,0.4194095635251383,
1853,0.739176476583947,
1854,0.5827918765077428,
1855,0.6571712336363712,
1856,0.6330792418486115,
1857,0.6866837637285279,
1858,0.8720548556640032,
1859,0.5019942764701394,
1860,0.7633833517943003,
1861,0.5331913473992362,
1862,0.44336297046084594,
1863,0.5363967705605699,
1864,0.5103332865426888,
1865,0.7580401365014804,
1866,0.6071197244043065,
1867,0.676394366456631,
1868,0.6856331961365693,
1869,0.9191300768269033,
1870,0.5318434768626921,
1871,0.5566511511517818,
1872,0.789852458659403,
1873,0.6007611803367799,
1874,0.9168675454083186,
1875,0.5836541594295245,
1876,0.8631771046476601,
1877,0.40392152035252277,
1878,0.637763694626012,
1879,0.5119777126460577,
1880,0.5348405822139934,
1881,0.8084682274730385,
1882,0.5916876900578527,
1883,0.5229178954639119,
1884,0.730155316116814,
1885,0.5050520957400453,
1886,0.947706918563489,
1887,0.5735976196255954,
1888,0.5769917734799691,
1889,0.47366545833098816,
1890,0.3301682219812275,
1891,0.8171517250888237,
1892,0.4997194929116805,
1893,0.7498262102070269,
1894,0.43289584505166245,
1895,0.4518985977614725,
1896,0.6349940151273504,
1897,0.6543514652620765,
1898,0.5146554176345787,
1899,0.6030528231122704,
1900,0.5347654817919864,
1901,0.6711607887602227,
1902,0.6815959122190525,
1903,0.6021860411596808,
1904,0.5711588520070346,
1905,0.7056722983688072,
1906,0.660099953321988,
1907,0.8125274986766351,
1908,0.6505642128255444,
1909,0.44230502055794413,
1910,0.7325043714843367,
1911,0.5339850056295659,
1912,0.5989689178828103,
1913,0.6099557212060667,
1914,0.759788886465858,
1915,0.49023290129853636,
1916,0.7602509194581728,
1917,0.5266068573590279,
1918,0.28249095612398184,
1919,0.7858679161054472,
1920,0.8389840256652566,
1921,0.7197880947732183,
1922,0.5890856294656278,
1923,0.4571624812985799,
1924,0.39228034597063727,
1925,0.585608853703081,
1926,0.6466505314425105,
1927,0.36963066621051255,
1928,0.7800962147229268,
1929,0.7152378958174583,
1930,0.781555437222685,
1931,0.38735745529459314,
1932,0.5004957412785573,
1933,0.5813732454083786,
1934,0.5963007242197526,
1935,0.5154164962759434,
1936,0.5482353557313823,
1937,0.4331456025189076,
1938,0.679692643758751,
1939,0.6414479755457846,
1940,0.4837943671552989,
1941,0.6257687739416006,
1942,0.8531457552771683,
1943,0.6009929249416059,
1944,0.7760416588838768,
1945,0.6191931162142824,
1946,0.48113912386715707,
1947,0.7364195908790147,
1948,0.9252125591275006,
1949,0.8710586822445604,
1950,0.48478744036178045,
1951,0.5028015810766561,
1952,0.6389473661527482,
1953,0.8199295302613872,
1954,0.8289503765709538,
1955,0.9599937678534832,
1956,0.6768184840783366,
1957,0.595468294339197,
1958,0.561586921395844,
1959,0.644466408295674,
1960,0.597583715239643,
1961,0.7357079223318755,
1962,0.6067146048819252,
1963,0.74893532410626,
1964,0.6589066655778384,
1965,0.7053503699795699,
1966,0.4594465132119192,
1967,0.7320810123643651,
1968,0.6581693138169734,
1969,0.6220209731408284,
1970,0.7072917341736393,
1971,0.5482375463175599,
1972,0.47947455163502506,
1973,0.7271432235914054,
1974,0.5601764765553479,
1975,0.8254467397456853,
1976,0.649674008206306,
1977,0.6433073237304149,
1978,0.4891044527034261,
1979,0.5765005785817943,
1980,0.7734893226729878,
1981,0.8145832969918664,
1982,0.6871912412372067,
1983,0.7097626947393935,
1984,0.5242050971039902,
1985,0.6251427057741418,
1986,0.6874465005892143,
1987,0.5191926470794529,
1988,0.4241541331442351,
1989,0.57329131637579,
1990,0.5909697204972749,
1991,0.7197945629226824,
1992,0.44651854134611196,
1993,0.8096732201897004,
1994,0.6708463138962028,
1995,0.5699157074928141,
1996,0.44153391199598807,
1997,0.6874230541654115,
1998,0.6894189613829019,
1999,0.5181236796538857,
2000,0.6454612264151465,
2001,0.6403125755449594,
2002,0.6818715005516021,
2003,0.6739475673329023,
2004,0.6469019708417117,
2005,0.4172138260843818,
2006,0.762901576620596,
2007,0.8001694304601424,
2008,0.8637770763731196,
2009,0.5608742950775373,
2010,0.7602635088665263,
2011,0.5088127403190473,
2012,0.5977249917726669,
2013,0.5894149598428778,
2014,0.6633054615983172,
2015,0.6762017306724105,
2016,0.5803104809859007,
2017,0.7410492962256253,
2018,0.5893655978028344,
2019,0.5908799854920083,
2020,0.9985013984746892,
2021,0.7580483858291737,
2022,0.7913733753007682,
2023,0.600720817797872,
2024,0.767074746058885,
2025,0.6214910789427737,
2026,0.7130407528111593,
2027,0.7005038238166609,
2028,0.7611199094640448,
2029,0.5692784167084556,
2030,0.5424247844658998,
2031,0.46036974937478736,
2032,0.8799683671564102,
2033,0.4639005310227362,
2034,0.6379226280620532,
2035,0.7682539887470935,
2036,0.5640651913279173,
2037,0.4752692756327164,
2038,0.8751900497653365,
2039,0.43938802617412287,
2040,0.547162644496759,
2041,0.49363652546154696,
2042,0.7509650702115005,
2043,0.6656093032868354,
2044,0.700260994683989,
2045,0.5400541843772989,
2046,0.42113152074976584,
2047,0.6818327914982486,
2048,0.43851214664554966,
2049,0.5007816857205662,
2050,0.5235084151204985,
2051,0.7063987365966348,
2052,0.7373926218723013,
2053,0.4666310218132982,
2054,0.36947641799617975,
2055,0.3911877554556789,
2056,0.5984067439233963,
2057,0.7710547014835204,
2058,0.7963871416684363,
2059,0.70429088149953,
2060,0.6985179582611678,
2061,0.40017693346079414,
2062,0.5895967188961544,
2063,0.760814846180908,
2064,0.6368407278601939,
2065,0.7860576707605089,
2066,0.7127295943247725,
2067,0.529888276569595,
2068,1.0280884717096805,
2069,0.5624237791096256,
2070,0.7694913681893013,
2071,0.500458454400238,
2072,0.7491094227389179,
2073,0.5142800499616181,
2074,0.6764220184944991,
2075,0.5701188026774457,
2076,0.6781383680627578,
2077,0.7595595490742307,
2078,0.4803234170681392,
2079,0.41262128124528663,
2080,0.6025386330224803,
2081,0.827626028428522,
2082,0.546522497982557,
2083,0.811169462151591,
2084,0.5704614466072155,
2085,0.701842318894059,
2086,0.46389592567942556,
2087,0.7179716836096813,
2088,0.6795061174303758,
2089,0.7148892895063504,
2090,0.7175733891315219,
2091,0.6918960010053196,
2092,0.4927509523518984,
2093,0.7955505948512777,
2094,0.4312476509277275,
2095,0.7574806629465679,
2096,0.7430748725847613,
2097,0.40193989673167985,
2098,0.5907042058602633,
2099,0.7631187155217407,
2100,0.6625147771020427,
2101,0.697548621058264,
2102,0.5354524507722384,
2103,0.9211118808353235,
2104,0.6729790017328193,
2105,0.8084368333686991,
2106,0.7964112953351622,
2107,0.6514324925112462,
2108,0.6517792510525764,
2109,0.6060744504941189,
2110,0.5316237243269912,
2111,0.8414237823914046,
2112,0.5867757548167711,
2113,0.6268129823672101,
2114,0.7316474951454702,
2115,0.5520319796930004,
2116,0.7387874405037608,
2117,0.5158099746290414,
2118,0.4583679967504625,
2119,0.8527257516221031,
2120,0.7621814672535979,
2121,0.3755915704637811,
2122,0.6741998824061247,
2123,0.7549184085025281,
2124,0.7320716504845639,
2125,0.7488788347226737,
2126,0.5253557890883729,
2127,0.4854576627918824,
2128,0.6941034187698025,
2129,0.8005424557727857,
2130,0.5968727458253562,
2131,0.6176769186043032,
2132,0.692730371270532,
2133,0.5468755140619422,
2134,0.773382556185291,
2135,0.6313363456350336,
2136,0.6839804712326484,
2137,0.752674094512286,
2138,0.6579266131485831,
2139,0.9209363670576579,
2140,0.36879349862956606,
2141,0.7349402511103986,
2142,0.49303024641466836,
2143,0.5446796857881117,
2144,0.8805067773079868,
2145,0.4665565324954659,
2146,0.789040360516493,
2147,0.7513560594204721,
2148,0.6866221462475107,
2149,0.7924804286818673,
2150,0.7372888667640561,
2151,0.7482592194492453,
2152,0.6100125176557383,
2153,0.5014543875975844,
2154,0.6104260106145607,
2155,0.5828257979612727,
2156,0.6981635730992622,
2157,0.7284354257942683,
2158,0.5448076214885939,
2159,0.5247584565296415,
2160,0.8408630145550074,
2161,0.775805488007847,
2162,1.02052339889385,
2163,0.4543871528778548,
2164,0.8802400297023789,
2165,0.43318513185161883,
2166,0.4664042143289334,
2167,0.601345751547169,
2168,0.6645987290347661,
2169,0.5832275742029098,
2170,0.6389026848984859,
2171,0.5647855203409607,
2172,0.4345778564913302,
2173,0.7154247878446692,
2174,0.7766044929853589,
2175,0.5736428511022971,
2176,0.7955138177057663,
2177,0.610791503410911,
2178,0.6694125845972457,
2179,0.6524723081836498,
2180,0.4624571708041824,
2181,0.6778118589186438,
2182,0.4548061979501812,
2183,0.6416217754962454,
2184,0.7410496664831103,
2185,0.6979483980278278,
2186,0.6561857846960161,
2187,0.44280003418717434,
2188,0.650457253250509,
2189,0.5301556910175129,
2190,0.30670395704384645,
2191,0.6886834133784245,
2192,0.559509134687548,
2193,0.795817549308045,
2194,0.6730112216171449,
2195,0.517352037611338,
2196,0.7652384868237886,
2197,0.6600764614797201,
2198,0.7424119983452764,
2199,0.6303262343631238,
2200,0.4504062913936125,
2201,0.7716417597557071,
2202,0.8015357746784637,
2203,0.4816229781575811,
2204,0.49536474742700126,
2205,0.5484241211516346,
2206,0.8113592458575662,
2207,0.45114425012861875,
2208,0.6830269653054228,
2209,0.7240889141209869,
2210,0.41687272310863627,
2211,0.38255006144716835,
2212,0.43144595190948976,
2213,0.4036584936768429,
2214,0.9318000249889848,
2215,0.5093335466046833,
2216,0.6420908171625191,
2217,0.6233561551652876,
2218,0.6562597234757095,
2219,0.7952122921617913,
2220,0.42315938188025903,
2221,0.7089936182803876,
2222,0.41877439398078786,
2223,0.8552649539605163,
2224,0.487406519970005,
2225,0.6385784427478276,
2226,0.5388399189727391,
2227,0.35051354824964026,
2228,0.6752705499468754,
2229,0.5157433315986566,
2230,0.4743856185998293,
2231,0.5022873281999449,
2232,0.5696284880509768,
2233,0.6108159649795146,
2234,0.7725616580670412,
2235,0.4324494091925752,
2236,0.8024090114805253,
2237,0.2403428836874806,
2238,0.8316179581658624,
2239,0.82979178577932,
2240,0.7175007449717923,
2241,0.7624915214046508,
2242,0.7174494002225166,
2243,0.6207104685980587,
2244,0.7114927744243992,
2245,0.6822513940833494,
2246,0.7643591738982402,
2247,0.8229273557919563,
2248,0.39322291723564423,
2249,0.5766343159868222,
2250,0.7728455135233302,
2251,0.49272860200752994,
2252,0.3290453232818212,
2253,0.7040617426637802,
2254,0.513786903113588,
2255,0.7357545855626861,
2256,0.8349959117724346,
2257,0.6438414891203184,
2258,0.7581508216298377,
2259,0.5013135210840548,
2260,0.42048714853974645,
2261,0.5953801463281408,
2262,0.79830781890468,
2263,0.28594247495605735,
2264,0.7765525822244107,
2265,0.6258910807606303,
2266,0.9750422419166062,
2267,0.834379977183057,
2268,0.5322376379574946,
2269,0.6113282488903081,
2270,0.49231711029246517,
2271,0.9556895746032432,
2272,0.6202841050095618,
2273,0.6784544323437092,
2274,0.6491326646092775,
2275,0.6857102183254027,
2276,0.6280966113115344,
2277,0.8530898377264161,
2278,0.6858340001275838,
2279,0.6927638392364529,
2280,0.5842980927770453,
2281,0.6115855905682783,
2282,0.75006555462644,
2283,0.4565613087864728,
2284,0.5518802329146903,
2285,0.41560290253043425,
2286,0.6365759132035307,
2287,0.4015882467311332,
2288,0.6874247912559469,
2289,0.7628955028968861,
2290,0.7024749162427054,
2291,0.4110936049182685,
2292,0.4719718309264402,
2293,0.6604385534590449,
2294,0.6920173327194561,
2295,0.6076691134898073,
2296,0.6896203502398301,
2297,0.13248385934772677,
2298,0.6671858198994883,
2299,0.547993872008264,
2300,0.8092685826142841,
2301,0.8701988979729903,
2302,0.6925772816958653,
2303,0.5158412514037086,
2304,0.7947173156476866,
2305,0.5107432301994664,
2306,0.7883704517630257,
2307,0.5784473246747847,
2308,0.6209851284733933,
2309,0.5086760565497834,
2310,0.6444552436152646,
2311,0.6875364910778692,
2312,0.7487159551143098,
2313,0.6309254360690458,
2314,0.9286004589006563,
2315,0.5821257922373003,
2316,0.6615024099285065,
2317,0.8116721500263318,
2318,0.6975930852476636,
2319,0.905861091002212,
2320,0.6661288702548555,
2321,0.5612445129742084,
2322,0.57463188204051,
2323,0.5543612817537804,
2324,0.5574565869791304,
2325,0.40241233171114255,
2326,0.4895066008059442,
2327,0.6817404077674506,
2328,0.690859667486694,
2329,0.673066800089315,
2330,0.43654433614393534,
2331,0.6718189242310024,
2332,0.6945191709163768,
2333,0.24477986518524034,
2334,0.6624579799388017,
2335,0.682293407767082,
2336,0.5932950703594866,
2337,1.0216638844896087,
2338,0.606278447580818,
2339,0.557259832543487,
2340,0.60320031496012,
2341,0.6519747233266296,
2342,0.7377877380493201,
2343,0.8213566669728523,
2344,0.916138222579998,
2345,0.763180733254703,
2346,0.8155384684915928,
2347,0.4278156710436851,
2348,0.6100351381552201,
2349,0.9171945485158899,
2350,1.092848655089134,
2351,1.1027768487036451,
2352,0.6435926722533738,
2353,0.3952300425899315,
2354,0.7843152325657237,
2355,0.7663352836027273,
2356,0.622848068308154,
2357,0.6486102307834664,
2358,0.8319571590096501,
2359,0.5947395578609311,
2360,0.36764257486999175,
2361,0.8376530992780552,
2362,0.6939082359591466,
2363,0.7379646819216085,
2364,0.7553087653580437,
2365,0.7486790793828701,
2366,0.5316081793599772,
2367,0.6705987951107866,
2368,0.7570456475411368,
2369,0.5969108757002145,
2370,0.6828720853034512,
2371,0.7306097691354551,
2372,0.41169505133761447,
2373,0.4809220444281663,
2374,0.7494339829410105,
2375,0.7372008438729809,
2376,0.4667354465739596,
2377,0.5652373896366544,
2378,0.6630898351440002,
2379,0.7794314175573676,
2380,0.9083235303389173,
2381,0.3288673847985627,
2382,0.5752357569603664,
2383,0.3609509967285215,
2384,0.7189507612387334,
2385,0.8852943370289882,
2386,0.7131390292226483,
2387,0.8660896573020043,
2388,0.7403697573865868,
2389,0.5901319386738005,
2390,0.5300858561634632,
2391,0.5252358990877224,
2392,0.4951295911676951,
2393,0.515682815550666,
2394,0.7684439598152606,
2395,0.7371258077999198,
2396,0.7868143952316957,
2397,0.6180373546669148,
2398,0.7216480218112297,
2399,0.7726655997217617,
2400,0.7867795987190666,
2401,0.9883405262396394,
2402,0.36534917342241297,
2403,0.7158589687137462,
2404,0.7502803111643704,
2405,0.6805686266079408,
2406,0.6122748346287026,
2407,0.7246012971870496,
2408,0.7470818705279194,
2409,0.5343759252810502,
2410,0.6985788301259275,
2411,0.8172191958766128,
2412,0.6614213277954254,
2413,0.5381376188526332,
2414,0.6134467808124338,
2415,0.8356630221565371,
2416,0.5940945377308146,
2417,0.4338105092163903,
2418,0.5307224280361288,
2419,0.5588086740737497,
2420,0.8010288102402965,
2421,0.5237140766942711,
2422,0.7481980191459856,
2423,0.6138862730263186,
2424,0.7169589226527028,
2425,0.7097803174614569,
2426,0.6779357638962967,
2427,0.6709427449224941,
2428,0.5462242310459285,
2429,0.5092615659178302,
2430,0.6666234555712394,
2431,0.6819136562134368,
2432,0.8471763281142596,
2433,0.6769934580126313,
2434,0.8352467358860816,
2435,0.8971216481582731,
2436,0.47365385569936025,
2437,0.757848968538259,
2438,0.5720689001509212,
2439,0.6716312330173436,
2440,0.5571394540468562,
2441,0.5869524400379379,
2442,0.609904568389082,
2443,0.8142146154255042,
2444,0.7273830019288586,
2445,0.42409616801063993,
2446,0.7264441758406497,
2447,0.573141713380776,
2448,0.5376575436748725,0.30335140565651997
2449,0.9957348421738182,
2450,0.7275355241696004,
2451,0.7342167764639603,
2452,0.5704710688613088,
2453,0.3115698275763863,
2454,0.755353141584882,
2455,0.49823899595640586,
2456,0.6748993177842181,
2457,0.57827288270749,
2458,0.6484799261470783,
2459,0.5842735903562573,
2460,0.5979509244035528,
2461,0.5590550446750097,
2462,0.5900250466986755,
2463,0.709284324508709,
2464,0.5696384839717247,
2465,0.6679672645838033,
2466,0.8200249425647572,
2467,0.7619561944259683,
2468,0.6465768578690207,
2469,0.7471722050783018,
2470,0.6906598146981049,
2471,0.7053915956092255,
2472,0.7519826496198395,
2473,0.6381015675002294,
2474,0.5327012938099224,
2475,0.8059827325665333,
2476,0.7008251194048413,
2477,0.7297057130813994,
2478,0.5752690128706902,
2479,0.7130296196474766,
2480,0.6560026338466853,
2481,0.629975120602053,
2482,0.7699279470724711,
2483,0.5736584980357864,
2484,0.3915900417756786,
2485,0.45885028834915204,
2486,0.651048279949289,
2487,0.6382781783343322,
2488,0.855137511967915,
2489,0.4606377444574584,
2490,0.8774268877283581,
2491,0.7271637302099289,
2492,0.8531423298218904,
2493,0.8495350451621334,
2494,0.8394481138076901,
2495,0.6830089274756054,
2496,0.9780531677832119,
2497,0.7178197408340009,
2498,0.41855708132903113,
2499,0.4497104051111771,
2500,0.6744894699851456,
2501,0.8387458185392909,
2502,0.5989406913223945,
2503,0.7386228769672839,
2504,0.8485400288634453,
2505,0.4604258244106392,
2506,0.5479860578440019,
2507,0.5593607866282391,
2508,0.6946891758668315,
2509,0.3163751254768732,
2510,0.7042810812534058,
2511,0.6354518241888512,
2512,0.7809588440587415,
2513,0.7145301248285119,
2514,0.6998894703431449,
2515,0.6481065225275457,
2516,0.7450007658039265,
2517,0.4304381399055213,
2518,0.5967056294148624,
2519,0.5475974954487262,
2520,0.6944430326735941,
2521,0.8230422051415587,
2522,0.9082260024161912,
2523,0.8981679157106908,
2524,0.5599686262539129,
2525,0.7394121414276196,
2526,0.6873795721181221,
2527,0.8111806426771695,
2528,0.829010928604415,
2529,0.547604472557559,
2530,0.6509201080157975,
2531,0.503393546008643,
2532,0.671654375895008,
2533,0.6709988603950618,
2534,0.32816331372793833,
2535,0.45060239797821655,
2536,0.5828046009124571,
2537,0.6987563214302835,
2538,0.5688689196589019,
2539,0.8701146839392033,
2540,0.49182663895627854,
2541,0.5406405551953075,
2542,0.7427491173484495,
2543,0.7788312058373192,
2544,0.5784372465761487,
2545,0.7213624359624111,
2546,0.562961243957577,
2547,0.5756153167291959,
2548,0.9641331037613643,
2549,0.5451173713135945,
2550,0.3773178245535956,
2551,0.7248274857647209,
2552,0.5121572279493903,
2553,0.9232892552787295,
2554,0.7431068767786368,
2555,0.554978724324969,
2556,0.6833615056409664,
2557,0.5545912083604717,
2558,0.6462659758411098,
2559,0.5732297767090224,
2560,0.5897730792860006,
2561,0.36183307894048045,
2562,0.4918218323531288,
2563,0.5747841655420463,
2564,0.5969669140701005,
2565,0.707541847855444,
2566,0.6150490378918869,
2567,0.45273457683794965,
2568,0.5667869139351551,
2569,0.5547651681139562,
2570,0.42031171517795063,
2571,0.7153926163798731,
2572,0.4457309030551961,
2573,0.561473777347195,
2574,0.6850400330540977,
2575,0.5125878442244713,
2576,0.6490072054570557,
2577,0.4898702667990422,
2578,0.5410749392368832,
2579,0.6026715485808192,
2580,0.3948042841566892,
2581,0.8031193842683322,
2582,0.6253870130651644,
2583,0.8540378221299074,
2584,0.6890445760250936,
2585,0.5404470158424,
2586,0.6569903414367643,
2587,0.8530609872823679,
2588,0.48468480660459456,
2589,0.6415329535665428,
2590,0.44472875107248966,
2591,0.8768720447735343,
2592,0.558569912831075,
2593,0.5565822787627981,
2594,0.7324368614430311,
2595,0.6012509857712864,
2596,0.46739371394089785,
2597,0.39176084336852435,
2598,0.8398264509699077,
2599,0.8676369521707513,
2600,0.5354338484588034,
2601,0.6215661557518578,
2602,0.8214266491251667,
2603,0.7227820742949511,
2604,0.6452266579275657,
2605,0.648849595079098,
2606,0.7761781895003204,
2607,0.5677987890582494,
2608,0.5361478750489623,
2609,0.6407430462237349,
2610,0.7879462851671467,
2611,0.5949688604044482,
2612,0.41714373008628775,
2613,0.6965143437102993,
2614,0.8546168808335494,
2615,0.7203949473496534,
2616,0.7640642698669987,
2617,0.44546771284701786,
2618,0.48491765342911575,
2619,0.6629997023163766,
2620,0.7742662131446745,
2621,0.8569038310371171,
2622,0.6632005623744567,
2623,0.4416300712048617,
2624,0.6331438540852523,
2625,0.4290042630415718,
2626,0.7658345094733602,
2627,0.16267364623469888,
2628,0.6020617396664755,
2629,0.6278087881396964,
2630,0.5178137652459772,
2631,0.7850279529406212,
2632,0.746342217284817,
2633,0.720026619238942,
2634,0.5073622876173244,
2635,0.7100448555785553,
2636,0.38468901924182525,
2637,0.4368490100621165,
2638,0.5194292076627502,
2639,0.7615382803111114,
2640,0.5341258539317789,
2641,0.8390413275854385,
2642,0.6631919945797916,
2643,0.6331488851058947,
2644,0.6551730098422262,
2645,0.8902840360311598,
2646,0.7959395424806357,
2647,0.5668728591276272,
2648,0.788036044361447,
2649,0.5192357872684991,
2650,0.7325232651272022,
2651,0.4544763356964112,
2652,0.4631370309766878,
2653,0.7068037523648342,
2654,0.6010846048218029,
2655,0.6407194889013251,
2656,0.5261135778611125,
2657,0.9758919411766471,
2658,0.6785167598453811,
2659,0.5941583174018897,
2660,0.6840633677883274,
2661,0.7947866721458211,
2662,0.6209139888420048,
2663,0.5193941489388674,
2664,0.5594669509690516,
2665,0.6654466937713042,
2666,0.6958914276798973,
2667,0.97129404402606,
2668,0.5814775113261844,
2669,0.8630407567997984,
2670,0.6826504562456855,
2671,0.40451526973927177,
2672,0.5933129633206332,
2673,0.5860336836514748,
2674,0.7373702658337244,
2675,0.5347278653727022,
2676,0.5811928039819098,
2677,0.7065407918127469,
2678,0.5945085506561296,
2679,0.6567678396732777,
2680,0.38040274698961446,
2681,0.7644503372536149,
2682,0.5502540543953194,
2683,0.7674133622732047,
2684,0.6055132645870922,
2685,0.6016410628114859,
2686,0.8004144792928265,
2687,0.8164152746938604,
2688,0.47034650705832987,
2689,0.6250303941785205,
2690,0.6816580919636438,
2691,0.7248144237192453,
2692,0.4839495901404838,
2693,0.5391684408002048,
2694,0.5854864142052122,
2695,0.6855464349992609,
2696,0.46510352503040897,
2697,0.5228030543871452,
2698,0.5581978439260611,
2699,0.8125206485470039,
2700,0.5215484923685235,
2701,0.6698799213535798,
2702,0.7769951914321527,
2703,0.6036116909282503,
2704,0.7891653216437959,
2705,0.7964317655527566,
2706,0.5517645922300644,
2707,0.9701325264695508,
2708,0.6547127538711754,
2709,0.4641963310358308,
2710,0.5996239744093873,
2711,0.7521008825158888,
2712,0.6063251628296041,
2713,0.5935473617279629,
2714,0.5907193984904551,
2715,0.621401436816195,
2716,0.6709622372231473,
2717,0.8962172637653572,
2718,0.6538948312240519,
2719,0.7600628407311232,
2720,0.7143460059765646,
2721,0.8322991513395908,
2722,0.5490252994502128,
2723,0.6883362101291607,
2724,0.8199737301555626,
2725,0.5112396351244879,
2726,0.548386920369393,
2727,0.6417351225352073,
2728,0.46880285895612267,
2729,0.7601065886972252,
2730,0.6242574031901473,
2731,0.623033795426529,
2732,0.5039201265842251,
2733,0.41422628913990855,
2734,0.5460792407659568,
2735,0.4251683091542143,
2736,0.7444574380446332,
2737,0.31412541953931045,
2738,0.7876450500658008,
2739,0.7196063717725667,
2740,0.5430496399835546,
2741,0.8720899789719868,
2742,0.5334062838319094,
2743,0.8716031465808194,
2744,0.8095283821724809,
2745,0.6657849393071457,
2746,0.7164796640717449,
2747,0.6770298902512675,
2748,0.7207304743810221,
2749,0.7031137641576499,
2750,0.4359797699299289,
2751,0.6182432041468358,
2752,0.4431834975267353,
2753,0.4469602142508004,
2754,0.7185525394680928,
2755,0.6339468166159591,
2756,0.7603185087551702,
2757,0.6468195297282289,
2758,0.5955730430600895,
2759,0.6475947538212342,
2760,0.7681108431218895,
2761,0.682201083098121,
2762,0.6778561299208686,
2763,0.6370222446983734,
2764,0.5804166590641511,
2765,0.645774491904793,
2766,0.6593343157802849,
2767,0.8698288733283259,
2768,0.711838048074258,
2769,0.6224801640747244,
2770,0.7796156215606544,
2771,0.8403791480268729,
2772,0.6228880752991954,
2773,0.6941478682999646,
2774,0.6564452971971649,
2775,0.6583969023935752,
2776,0.6475579210090031,
2777,0.7329657107695591,
2778,0.7290264168097758,
2779,0.7457982845957914,
2780,0.3762797093509967,
2781,0.7647710200424342,
2782,0.7864304939851587,
2783,0.5158307925279961,
2784,0.33254462245829675,
2785,0.6227936139301944,
2786,0.46978276332560587,
2787,0.8543520676380267,
2788,0.6633503030721354,
2789,0.824394237052444,
2790,0.6831580060415613,
2791,0.6126868815696805,
2792,0.6355463199576349,
2793,0.6960303430336288,
2794,0.7966277266484544,
2795,0.6632462454860157,
2796,0.5710571934026013,
2797,0.5627331813031134,
2798,0.7081281763809631,
2799,0.5044455892325876,
2800,0.8433850274076164,
2801,0.8563822308400661,
2802,0.4008760424641469,
2803,0.2577856011650875,
2804,0.9858744987612549,
2805,0.6175304884074241,
2806,0.6259354123863098,
2807,0.5944020722096114,
2808,0.5604731182490724,
2809,0.7287609033311869,
2810,0.8412209719748005,
2811,0.6392097741587899,
2812,0.9574865203056612,
2813,0.31407612063993484,
2814,0.7190164512302658,
2815,0.41465642233419925,
2816,0.8016773965591554,
2817,0.35053276332165273,
2818,0.87270726301476,
2819,0.7617447506646711,
2820,0.6560945150953746,
2821,0.6068545299601897,
2822,0.5730617091011124,
2823,0.7218277587071723,
2824,0.48335655599658245,
2825,0.8469914823876835,
2826,0.8392402869996107,
2827,0.5511046911129345,
2828,0.4765836982457564,
2829,0.5100642261965486,
2830,0.5843820797958243,
2831,0.5272268708507797,
2832,0.586245131475891,
2833,0.8052450489797002,
2834,0.9020891040220227,
2835,0.7316612819713683,
2836,0.8417057059814584,
2837,0.680835805776268,
2838,0.4858092315088093,
2839,0.8171954946198189,
2840,0.6957978587026712,
2841,0.5942148518508782,
2842,0.6436856128566669,
2843,0.29293090736635363,
2844,0.5357033153397321,
2845,0.5475816339585504,
2846,0.7890723550049565,
2847,0.6498583207712436,
2848,0.8048609831301348,
2849,0.7200790599833478,
2850,0.6421104042870163,
2851,0.6281258153691451,
2852,0.6307684339470027,
2853,0.8753005357092855,
2854,0.6355999664167814,
2855,0.6049374424589539,
2856,0.6219525885725425,
2857,0.40858348424480195,
2858,0.9117844003620582,
2859,0.8311501061324436,
2860,0.47741179328392175,
2861,0.5310630620067787,
2862,0.6703162511731721,
2863,0.8391669669986767,
2864,0.7935621724601551,
2865,0.6319799473257843,
2866,0.44484530723602067,
2867,0.5813859150738238,
2868,0.6779836951391062,
2869,0.6423624204816222,
2870,0.6310039549955085,
2871,0.5479493302274845,
2872,0.44147848294213893,
2873,0.7034675087472513,
2874,0.6797709936367854,
2875,0.7529515188360667,
2876,0.6351589295404693,
2877,0.5782816374805807,
2878,0.5742378343995792,
2879,0.8181671691781288,
2880,0.6922315835013813,
2881,0.7063845392932693,
2882,0.6790271406937858,
2883,0.7789420156726364,
2884,0.7436382724060511,
2885,0.5889319584469058,
2886,0.7232329243747574,
2887,0.7343033887382987,
2888,0.8536603352156058,
2889,0.8376288145258574,
2890,0.5608414310524481,
2891,0.6399061653067152,
2892,0.3613649802858067,
2893,0.719061001032113,
2894,0.7618278571596269,
2895,0.647327395132762,
2896,0.45034710170443853,
2897,0.6908745558312037,
2898,0.8514490986406643,
2899,0.6916786465279395,
2900,0.6089673436249473,
2901,0.34433940468079827,
2902,0.7334018457259206,
2903,0.788493010067561,
2904,0.6368462582174095,
2905,0.5402639213149386,
2906,0.7841304285250474,
2907,0.5567499195270131,
2908,0.6743751972086829,
2909,0.5548557161238264,
2910,0.7842298448742517,
2911,0.6971347162949357,
2912,0.7513981856497475,
2913,0.7087608854980328,
2914,0.6710739888684416,
2915,0.8493828583420664,
2916,0.7791169752370124,
2917,0.48501963800714704,
2918,0.8277615942516233,
2919,0.8222413845404986,
2920,0.7790675608469134,
2921,0.26043718524530096,
2922,0.7089645217123107,
2923,0.8837038411117558,
2924,0.4527580771496829,
2925,0.9041214806230312,
2926,0.8878043769939301,
2927,0.6747828874429387,
2928,0.769628816931421,
2929,0.6093610641656619,
2930,0.910975745260784,
2931,0.6467918699918878,
2932,0.8112852220305262,
2933,0.5468158151877819,
2934,0.7163377017509445,
2935,0.6613084711164325,
2936,0.6488243291698435,
2937,0.5794743514210254,
2938,0.6514739466606969,
2939,0.7843236553167298,
2940,0.840674318513286,
2941,0.6784638774178666,
2942,0.42910620069058075,
2943,0.613523096807784,
2944,0.5256008531123462,
2945,0.7734032277202495,
2946,0.9097615904061774,
2947,0.5274161006260235,
2948,0.5672986353790453,
2949,0.989928374598121,
2950,0.8138948728325159,
2951,0.5099277048775246,
2952,0.5730156270260781,
2953,0.7951989928945982,
2954,0.6917469866380993,
2955,0.6685077435012841,
2956,0.6653764420949644,
2957,0.6299670943249216,
2958,0.8088045079711855,
2959,0.7734774105360532,
2960,0.7380341949539685,
2961,0.8810597588872531,
2962,0.6827817101072757,
2963,0.7533400548750453,
2964,0.7540816018405233,
2965,0.8845987446815411,
2966,0.8624795464327734,
2967,0.6886787326345409,
2968,0.9210555574735364,
2969,0.7330923766673554,
2970,0.7747543081898556,
2971,0.6160529703093711,
2972,0.7438367119080862,
2973,0.45250748210097574,
2974,0.5142882374123054,
2975,0.7182238214429943,
2976,0.7033826948028417,
2977,0.6050897915157045,
2978,0.6248105670909113,
2979,0.6920439033161162,
2980,0.8327013177014562,
2981,0.4828184000672457,
2982,0.3793651232296353,
2983,0.6308675600494862,
2984,0.5702929990677451,
2985,0.558703651166053,
2986,0.5765311467253971,
2987,0.8667161392220453,
2988,0.48108126330770157,
2989,0.49295205365710126,
2990,0.5374879901248504,
2991,0.7438934668269435,
2992,0.8768582900808098,
2993,0.8068893123430533,
2994,0.661816499346577,
2995,0.7191870008062761,
2996,0.5231824643318665,
2997,1.0138915708067289,
2998,0.6175810723603907,
2999,0.7445239066514976,
3000,0.6073455632533753,
3001,0.9456184234520756,
3002,0.8373501095623753,
3003,0.7313703638502475,
3004,0.4155536838292753,
3005,0.5488513685477325,
3006,0.6592914165497413,
3007,0.7429016302425039,
3008,0.7812127422750429,
3009,0.6143120827649929,
3010,0.6579289637098926,
3011,0.6489077608726761,
3012,0.6050334862861902,
3013,0.8215143437019071,
3014,0.8872414227425884,
3015,0.5937056364462012,
3016,0.6435479019232189,
3017,0.6741924503218,
3018,0.8073450679507886,
3019,0.7378522778390966,
3020,0.6046395453380596,
3021,0.6528085001881468,
3022,0.907410886739643,
3023,0.5782402677705444,
3024,0.7142469501208266,
3025,0.6722066306247586,
3026,0.5970860059763079,
3027,0.48254694509298773,
3028,0.7402400461201403,
3029,0.7950035105017339,
3030,0.647718345746669,
3031,0.8612266525831134,
3032,0.6937399907723761,
3033,0.8173818041733023,
3034,0.6853123703290906,
3035,0.672138076874995,
3036,0.5358947877418943,
3037,0.6922139455156091,
3038,0.7889887514458459,
3039,0.7319877813982016,
3040,0.7240049981649056,
3041,0.42745526125908767,
3042,0.6182573455944415,
3043,0.6585789500246063,
3044,0.6717349762933468,
3045,0.6648506228836163,
3046,0.4249900750921412,
3047,0.6683571332757478,
3048,0.8643223976655192,
3049,0.9662277511669265,
3050,0.7935614202583888,
3051,0.4009905074520235,
3052,0.9171085111137527,
3053,0.6178665463758296,
3054,0.7938369881475894,
3055,0.6445406097156297,
3056,0.7835822784870036,
3057,0.6413290845120642,
3058,0.6164258379652326,
3059,0.7004485362034943,
3060,0.2934081850600637,
3061,0.625303354221437,
3062,0.738925338441967,
3063,0.8765234619304163,
3064,0.7064485545673792,
3065,0.8947593660462162,
3066,0.6776110307312054,
3067,0.8049218580318093,
3068,0.5084051772552741,
3069,0.8466730335228971,
3070,0.8554483061029118,
3071,0.8921026688279371,
3072,0.8172910855742875,
3073,0.5920196522913879,
3074,0.7647231709592076,
3075,0.6615533924713592,
3076,0.7377930844567107,
3077,0.6673560852564666,
3078,0.7818021144774924,
3079,0.521303184795287,
3080,0.703071847878884,
3081,0.741734082640309,
3082,0.8126532834126426,
3083,0.7132947192551282,
3084,0.8092127897493281,
3085,0.7113565723997664,
3086,0.7636655929188048,
3087,0.7837312187470467,
3088,0.8227517368091635,
3089,0.6603139902663157,
3090,0.7352076669536868,
3091,0.8881921669820836,
3092,0.724381155635725,
3093,1.1109353974105265,
3094,0.7505553970400881,
3095,0.5885236671354956,
3096,0.736778007820405,
3097,0.7567052284908903,
3098,0.7343136697785531,
3099,0.8071337562778929,
3100,0.6412205478692506,
3101,0.8139672941933037,
3102,0.627167502386102,
3103,0.5793473908412955,
3104,0.4144579613956788,
3105,0.6837572394021192,
3106,0.7241949446707938,
3107,0.8282891929691145,
3108,0.7124221656093572,
3109,0.7642460828847809,
3110,0.8307050252362882,
3111,0.8155634350090855,
3112,0.5196406958978803,
3113,0.6615695204023502,
3114,0.5956502040222236,
3115,0.5654085710286005,
3116,0.4737602943554173,
3117,0.6532500935649179,
3118,0.4848854789008135,
3119,0.8800010765759703,
3120,0.7179534964952785,
3121,0.7352685501832696,
3122,0.6069091762784358,
3123,0.6354463896301489,
3124,0.49515087982367045,
3125,0.513763102480591,
3126,0.7000431003036204,
3127,0.5227963733166537,
3128,0.5226702001420113,
3129,0.6394602122815682,
3130,0.3280398501422178,
3131,0.6049481901978563,
3132,0.45664424897176126,
3133,0.5405678348415777,
3134,0.7678705684323839,
3135,0.9656107463767158,
3136,0.4638149546934677,
3137,0.582938740756165,
3138,0.4058801642790752,
3139,0.6341695199059846,
3140,0.39921045264898153,
3141,0.4929025671668915,
3142,0.7273955635877187,
3143,0.5679611153380465,
3144,0.6877074340013549,
3145,0.48069667776423003,
3146,0.4424822323750741,
3147,0.775011953018631,
3148,0.920171320856083,
3149,0.7955767812081621,
3150,0.7688271493162936,
3151,0.7952455846861031,
3152,0.8044066912968013,
3153,0.4965695333140365,
3154,0.8246348472208631,
3155,0.6544984885976918,
3156,0.7210892387331862,
3157,0.7801504106204822,
3158,0.8901001851668838,
3159,0.7551220716084948,
3160,0.5823318204610616,
3161,0.7134162178555001,
3162,0.6830918846808833,
3163,0.860930473532008,
3164,0.5686206842332318,
3165,0.5939040927306164,
3166,0.6580093074126558,
3167,0.6641552966456655,
3168,0.5397102081399017,
3169,0.6585253057264433,
3170,0.7341459718143823,
3171,0.8902763824132823,
3172,0.5701745942096523,
3173,0.5978729950071782,
3174,0.7413962877062018,
3175,0.8327379665912717,
3176,0.7327717498912525,
3177,0.7406688203834,
3178,0.8954091989107087,
3179,0.7413655191689839,
3180,0.8526804483281079,
3181,0.7256503406875665,
3182,0.5049284839601952,
3183,0.7794303617820773,
3184,0.8444463455502982,
3185,0.8394974828397194,
3186,0.8029998040122035,
3187,0.6197541116280749,
3188,0.6323958197969148,
3189,0.7193810500342609,
3190,0.5568631227563696,
3191,0.631987849504112,
3192,0.8002866473840735,
3193,0.6928847159240945,
3194,0.6506012768635323,
3195,0.723492661357915,
3196,0.7679713179401658,
3197,0.6521775330400483,
3198,0.738347512035203,
3199,0.6414520852268811,
3200,0.826194976369758,
3201,0.7709435999259461,
3202,0.6369554676669077,
3203,0.6120359309718433,
3204,0.7086361001237503,
3205,0.6103099639017742,
3206,0.6531739808976783,
3207,0.594518322078357,
3208,0.6021176801800586,
3209,0.7130125769671223,
3210,0.6572380568132903,
3211,0.6521028563665658,
3212,0.6601124874564136,
3213,0.931119829828169,
3214,0.8172081021897365,
3215,0.675240672350284,
3216,0.6088972746425924,
3217,0.819593709076418,
3218,0.9705619963787606,
3219,0.7389456356179418,
3220,0.72812771355104,
3221,0.6960465348568688,
3222,0.7489573750018796,
3223,0.7532740990996142,
3224,0.3770989808096226,
3225,0.6117587458406347,
3226,0.8726881146624322,
3227,0.6152620309833731,
3228,0.3159804336107114,
3229,0.8115762287352061,
3230,0.4929772739066641,
3231,0.9687765964556891,
3232,0.6737916676601692,
3233,0.7183466629863913,
3234,0.6998540542377006,
3235,0.8983717578976891,
3236,0.6149779329343439,
3237,0.4992841308920245,
3238,0.7592170297900949,
3239,0.9519637929951156,
3240,0.6444837310252954,
3241,0.770439078553565,
3242,0.6443906428380723,
3243,0.6430776946052811,
3244,0.6462224021197766,
3245,0.5873324255078827,
3246,0.6344001170224433,
3247,0.7835550299475533,
3248,0.6885146397061636,
3249,0.5409196432902896,
3250,0.4978143424752358,
3251,0.7173217338772995,
3252,0.5742631480178972,
3253,0.5835987328888776,
3254,0.6296680864641292,
3255,0.5723004412808096,
3256,0.6618337386844645,
3257,1.0730659444568786,
3258,0.5787933736525527,
3259,0.7779380737560911,
3260,0.6433494757657774,
3261,0.6082277596834171,
3262,0.8274327582191904,
3263,0.5955301631924254,
3264,0.5641594975382501,0.6448456017114903
3265,0.5120553648295914,
3266,0.7749462011454707,
3267,1.0340024817065283,
3268,0.7145176935788575,
3269,0.8412200997220138,
3270,0.7427784699494959,
3271,0.736921224459692,
3272,0.8074827271963906,
3273,0.8217999340983961,
3274,0.6516437588868864,
3275,0.6291345268393782,
3276,0.6408041893820761,
3277,0.8931700659910786,
3278,0.7064668328425096,
3279,0.6947092764442959,
3280,0.7481175241375818,
3281,0.6184293296772491,
3282,0.9470161291283944,
3283,0.5017426462596103,
3284,0.6684748811558329,
3285,0.4003468533231521,
3286,0.8757541614079805,
3287,0.7585084396550237,
3288,0.6828986006503194,
3289,0.5619673985277429,
3290,0.804318671119057,
3291,0.8320669969925217,
3292,0.46131938384093435,
3293,0.792483026987303,
3294,0.6903053450311242,
3295,0.5897989751050717,
3296,0.7094325972585732,
3297,0.49446489297837365,
3298,0.5986225658773713,
3299,0.8282645603896962,
3300,0.7699935279848605,
3301,0.7499621014594814,
3302,0.7160534833059657,
3303,0.7751658960073612,
3304,0.6981554703254976,
3305,0.6928899917097215,
3306,0.768651456827348,
3307,0.6410340651971749,
3308,0.7276327647606958,
3309,0.5513094336028929,
3310,0.5801752561960768,
3311,0.5167296042256789,
3312,0.7461889524549984,
3313,0.7754115034215747,
3314,0.4540983406852051,
3315,0.6627282769200538,
3316,0.4497497091285124,
3317,0.9513612069145152,
3318,0.7375253393208441,
3319,0.8285837178817115,
3320,0.4346381164552618,
3321,0.6307471431988609,
3322,0.6420468324320029,
3323,0.6595051624995506,
3324,0.5880333056035328,
3325,0.5705472997152301,
3326,0.6165829462530542,
3327,0.6919491005915887,
3328,0.5608485740473006,
3329,1.060320684249649,
3330,0.7590922135664901,
3331,0.6409995454908057,
3332,0.470806154066208,
3333,0.8235422669636184,
3334,0.8222121843913469,
3335,0.5049226024142293,
3336,0.6610822870048121,
3337,0.40687531667133714,
3338,0.7530803452998047,
3339,0.7722092699696059,
3340,0.7540941743465143,
3341,0.8498372579444752,
3342,0.5651791258805311,
3343,0.5951866500963624,
3344,0.6641042060675473,
3345,0.5280351185264562,
3346,0.612109549442446,
3347,0.7444576788563629,
3348,0.6806984474343835,
3349,0.6475311075820551,
3350,0.6983366387228799,
3351,0.743026412315783,
3352,0.566706788163248,
3353,0.6004363821123082,
3354,0.8917027136521302,
3355,0.6104099563263846,
3356,0.8147249144172496,
3357,0.7894113721484209,
3358,0.6725754080807165,
3359,0.7645367275945938,
3360,0.5375120948547776,
3361,0.5400439496686552,
3362,0.8271850482973666,
3363,0.705156112334881,
3364,0.6273998191244791,
3365,0.5316824134140908,
3366,0.7695191110863757,
3367,0.9037395313388127,
3368,0.6995252819271952,
3369,0.416507163178217,
3370,0.6228133451302303,
3371,0.7502171972655673,
3372,0.6893970144937234,
3373,0.6420157939189552,
3374,0.4252272457073169,
3375,0.4691919419720353,
3376,0.5010212495115507,
3377,0.5988195555902457,
3378,0.7253304268516984,
3379,0.7500832955144721,
3380,0.46124674857435044,
3381,0.7665489918096756,
3382,0.7344703370582588,
3383,0.8621486337684642,
3384,0.8730207682643155,
3385,0.5663180470603548,
3386,0.6582529430130403,
3387,0.6885197797703393,
3388,0.6757882377488151,
3389,0.5020132059170325,
3390,0.634148981438678,
3391,1.002091462573881,
3392,0.969715007609034,
3393,0.6464315908400822,
3394,0.6819150769662754,
3395,0.8467405221151041,
3396,0.7409631499284104,
3397,0.5996978142628714,
3398,0.8825414601311261,
3399,0.6851825172270073,
3400,0.7139523429872927,
3401,0.7123173011321138,
3402,0.989486517920205,
3403,0.7341307403035412,
3404,0.766251005295802,
3405,0.7337673979284449,
3406,0.5381035789897873,
3407,0.5958045752146576,
3408,0.471135478420793,
3409,0.8858660010236982,
3410,0.647459630762832,
3411,0.7361927774471712,
3412,0.802904473485064,
3413,0.7969282267942301,
3414,0.7050217253831449,
3415,0.5386747289092495,
3416,0.9850310877941326,
3417,0.7605842039607802,
3418,0.8015688749066819,
3419,0.4127803269771694,
3420,0.5112465489290765,
3421,0.4906575035826619,
3422,0.7421682325200192,
3423,0.6345732274475485,
3424,0.8545498966142779,
3425,0.6405873299625126,
3426,0.6481278911527366,
3427,0.6961595885425095,
3428,0.5991111216361178,
3429,0.9488348093303766,
3430,0.6683650634711314,
3431,0.6198979777992476,
3432,0.6357115234440847,
3433,0.5175043166843077,
3434,0.706581535768204,
3435,0.8580743487874475,
3436,0.6532891989676715,
3437,0.7854266991532531,
3438,0.6374052217466769,
3439,0.7958811650647757,
3440,0.6904666634766718,
3441,0.7263559786822121,
3442,0.8634841092576209,
3443,0.6334878049718158,
3444,0.6800616626630367,
3445,0.5047569392730258,
3446,0.6032472123781625,
3447,0.4760331682077891,
3448,0.7247891136844401,
3449,0.6576837837119858,
3450,0.8877485098818224,
3451,0.6395417506136898,
3452,0.6312776746930296,
3453,0.5775254811243025,
3454,0.7278891758331613,
3455,0.9260910624552462,
3456,0.7794911414250281,
3457,0.8008646285220202,
3458,0.6753490396531603,
3459,0.5228446906364518,
3460,0.6401517006893389,
3461,0.7125817600297569,
3462,0.793600277403549,
3463,0.7153929080670532,
3464,0.5813591275403479,
3465,0.596379240603911,
3466,0.72451854873686,
3467,0.6376113001171271,
3468,0.7086350135000754,
3469,0.8186758891959737,
3470,1.0295299544403362,
3471,0.8295044466008445,
3472,0.8944133483771357,
3473,0.6871819773133554,
3474,0.6148572195582646,
3475,0.7305957940099616,
3476,0.39456240366191725,
3477,0.8820965801870949,
3478,0.6972982968363881,
3479,0.7143586372259669,
3480,0.5882341034131873,
3481,0.6793989343803712,
3482,0.7450683302746216,
3483,0.8006463921490697,
3484,0.7230650044152926,
3485,0.6402617794664948,
3486,0.7396181141278085,
3487,0.733976181598207,
3488,0.8219053148871149,
3489,0.8064080611291125,
3490,0.8081952438695569,
3491,0.713276697380365,
3492,0.6570391315589625,
3493,0.6461044737355354,
3494,0.7135176784730067,
3495,0.5980394641809588,
3496,0.802169105340457,
3497,0.6804154656866171,
3498,0.48610366066217214,
3499,0.6396189548491393,
3500,0.8118817371640809,
3501,0.481996893725589,
3502,0.6505243361358968,
3503,0.7479904588356824,
3504,0.7291512904694614,
3505,0.4344055407035567,
3506,0.7371967353076273,
3507,0.5535043683696763,
3508,0.6920220717164746,
3509,0.7293847274762852,
3510,0.7826525709806502,
3511,0.5720757091011196,
3512,0.8994584378798189,
3513,0.6952740764042575,
3514,0.6819244779397734,
3515,0.6466503409168499,
3516,0.5920593728370513,
3517,0.7771627299808977,
3518,0.9063919261583583,
3519,0.8029131352130332,
3520,0.6440130783357747,
3521,0.5233617433311987,
3522,0.6669471017936723,
3523,0.8803773089408301,
3524,0.7695103542718477,
3525,0.5407698340627564,
3526,0.6668236696995246,
3527,0.757665192835587,
3528,0.7143064430441028,
3529,0.8092830925372987,
3530,0.7312502721105836,
3531,0.6426950437563816,
3532,0.8198733102287168,
3533,0.8331647720385781,
3534,0.818840732344939,
3535,0.6777661522620643,
3536,0.6447816553037616,
3537,0.6265258203265208,
3538,0.8259817711709599,
3539,0.9004162989049851,
3540,0.7853964079277507,
3541,0.7167942436668879,
3542,0.8545535254987499,
3543,0.9135397854795126,
3544,0.5248676568355826,
3545,0.8083472911520506,
3546,0.932614372542019,
3547,0.3887383407547096,
3548,0.7664406753833238,
3549,0.5400257013961598,
3550,0.8241395999935118,
3551,0.6033186746320848,
3552,0.6474822430059133,
3553,0.6481344100894815,
3554,0.9092534608509987,
3555,0.6182416992621897,
3556,0.6037085125707451,
3557,0.5934220131055354,
3558,0.7231556560506213,
3559,0.5409437174140334,
3560,0.7142568802867756,
3561,0.7489294662174232,
3562,0.7163577525445164,
3563,0.8482417802383327,
3564,0.5078289652029891,
3565,0.7484439025229306,
3566,0.8447953095754517,
3567,0.6844715108579611,
3568,0.8553208926982092,
3569,0.5916291087696973,
3570,0.6000166734976735,
3571,0.548582959083348,
3572,0.6202542490158499,
3573,0.8245006010084335,
3574,0.9142980810352141,
3575,0.8337502923732916,
3576,0.7595492863849019,
3577,0.8390031635462489,
3578,0.6923821290337387,
3579,0.6436640234415955,
3580,0.7074854433368177,
3581,0.6588119244093423,
3582,0.4750668434138472,
3583,0.6806364475084363,
3584,0.6878627642345423,
3585,0.49189176821177355,
3586,0.670508202181787,
3587,0.6794289744639359,
3588,0.688029192854973,
3589,0.5979045095385107,
3590,0.7889877629932134,
3591,0.47544487657220386,
3592,0.4644882322236041,
3593,0.9441001957405233,
3594,0.7098364147582789,
3595,0.7524745631883822,
3596,0.605841324002696,
3597,0.5447233308063263,
3598,0.513632556316984,
3599,0.6783078338503201,
3600,0.4798317864323656,
3601,0.8292400444438877,
3602,0.8492579031521029,
3603,0.6856097149103497,
3604,0.7211032981351065,
3605,0.7478014775402746,
3606,0.6631730060929799,
3607,0.918960070070977,
3608,0.5692857525684537,
3609,1.0223140402196753,
3610,0.38660640972181837,
3611,0.7302550586159733,
3612,0.6143138448631967,
3613,0.5400081544453287,
3614,0.5978208389615456,
3615,0.7364621552900681,
3616,0.8494416145812442,
3617,0.7229994344443497,
3618,0.6538918463328398,
3619,0.8545666526451509,
3620,0.9029213260562906,
3621,0.8221583532199952,
3622,0.6942323124585129,
3623,0.7098255309786821,
3624,0.6740706795219151,
3625,0.790640939963133,
3626,0.7776955636813516,
3627,0.5003556545712056,
3628,1.0619725620050904,
3629,0.8106293448746478,
3630,0.5209093810302466,
3631,0.5177235115992496,
3632,0.7815353602814337,
3633,0.8363986785509125,
3634,0.6693334262126898,
3635,0.7861697439045563,
3636,0.5971053947443843,
3637,0.5832282481383486,
3638,0.8798541661547179,
3639,0.6030138392510742,
3640,0.8530132935242496,
3641,0.4836182905133619,
3642,0.7309222448412881,
3643,0.6966690138606223,
3644,0.813113988795021,
3645,0.5628852771933803,
3646,0.6737382967089502,
3647,0.7410686325375005,
3648,0.7430135965640561,
3649,0.5507970526037707,
3650,0.6011776286736233,
3651,0.7734327449068528,
3652,0.559979211672219,
3653,0.6934915277863588,
3654,0.5622354901725672,
3655,0.3307021916426782,
3656,0.7167114267763314,
3657,0.4521004707995751,
3658,0.5851812624358017,
3659,0.8139580376600386,
3660,0.8175024917940432,
3661,0.9392806117406899,
3662,0.9605577434626804,
3663,0.7158933686411635,
3664,0.7913223678540633,
3665,0.7807763191919173,
3666,0.833469327063678,
3667,0.7570756853035434,
3668,0.8368017283761414,
3669,0.6499645313872198,
3670,0.7155643765153069,
3671,0.6007155700188098,
3672,0.7938364951365833,
3673,0.7320500030707326,
3674,0.6738507256283058,
3675,1.0021880132776955,
3676,0.8015330255651681,
3677,0.7283944901664432,
3678,0.7157712105991473,
3679,0.6353524218678797,
3680,0.7079642216797025,
3681,0.7264689293870252,
3682,0.8028701701390042,
3683,0.9529083649010803,
3684,0.9856797681838062,
3685,0.8572278734344353,
3686,0.3821406835342834,
3687,0.7654259414131961,
3688,0.7206313900448822,
3689,0.6869000944203553,
3690,0.8441397067250561,
3691,0.7550180543209613,
3692,0.7858561606268902,
3693,0.8066756600270507,
3694,0.6260205933923676,
3695,0.7322049104868127,
3696,0.5312860050893644,
3697,0.6887430472821482,
3698,0.7549819292694121,
3699,0.8648771585585618,
3700,0.7455789180829538,
3701,0.6951535158410386,
3702,0.8167778158216439,
3703,0.6319217305702031,
3704,0.6110829962409539,
3705,0.6365640347786408,
3706,0.593836266309844,
3707,0.8738574945091264,
3708,0.5885570364052396,
3709,0.7468711409626686,
3710,0.8049848740141815,
3711,0.7409704209228268,
3712,0.6453338647963676,
3713,0.6989158637375611,
3714,0.7309890158201489,
3715,0.6817579252157548,
3716,0.5318668189116748,
3717,0.5596845388858612,
3718,0.7081912330458812,
3719,0.8178694367779601,
3720,0.5051792884786532,
3721,0.6052590667756494,
3722,0.6138792197388354,
3723,0.6571685857143208,
3724,0.8749850474363309,
3725,0.5777018753628659,
3726,0.7523479034836001,
3727,0.8013613000635573,
3728,0.8786251588994205,
3729,0.6323833566904227,
3730,0.671015117887298,
3731,0.7855601893309727,
3732,0.6724916988844197,
3733,0.7046356591316546,
3734,0.9372099079236903,
3735,0.7209177608379795,
3736,0.6688299208713265,
3737,0.6687089108560228,
3738,0.8189179792714786,
3739,0.7260037343656327,
3740,0.7847848495311589,
3741,0.5735798108469428,
3742,0.7708250211273712,
3743,0.7975705725058849,
3744,0.6729132764573772,
3745,0.6895079259046871,
3746,0.7145676550323061,
3747,0.7020723897823824,
3748,0.6768589164942181,
3749,0.7448128505288044,
3750,0.7776672291008319,
3751,0.7361343756317785,
3752,0.7674807794849527,
3753,0.6727202485478055,
3754,0.6546082442771678,
3755,0.8096455212887572,
3756,0.6819187035777399,
3757,0.792497956421352,
3758,0.7232137237645287,
3759,1.0638435663722967,
3760,0.6612417904386623,
3761,0.6461457991804005,
3762,0.7617685661223973,
3763,0.7065218421227778,
3764,0.7809949356317333,
3765,0.6564001901922979,
3766,1.0004606012219723,
3767,0.584480093721027,
3768,0.7466079489121027,
3769,0.7277408244623573,
3770,0.5672251514603688,
3771,0.582754064480206,
3772,0.9663446018517222,
3773,0.712995148728975,
3774,0.2876003789575033,
3775,0.6968378613291872,
3776,0.6039869690346732,
3777,0.8746648799715921,
3778,0.8691966126107712,
3779,0.7431627050109458,
3780,0.8761277909449714,
3781,0.7339701808860916,
3782,0.7965362828268164,
3783,0.7433372863877842,
3784,0.8734715961915843,
3785,0.6396848685153904,
3786,0.5345540026659934,
3787,0.811203059975936,
3788,0.6850457326837548,
3789,0.6308680765778789,
3790,0.6472238709973576,
3791,0.7088587377943376,
3792,0.848307725880401,
3793,0.8045174139915471,
3794,0.7239872066678734,
3795,0.6055606666170983,
3796,0.5706115786897585,
3797,0.60052437978572,
3798,0.7068451689462282,
3799,0.7313709836229103,
3800,0.40281380180043935,
3801,0.45247455451310814,
3802,0.6329579991248804,
3803,0.7009799025587752,
3804,0.6500480025019533,
3805,0.6561734990482062,
3806,0.6823162750438896,
3807,0.7987005398643576,
3808,0.5133450395916138,
3809,0.6364607151628263,
3810,0.5692956402860327,
3811,0.9663310670544348,
3812,0.7113602876705034,
3813,0.7238920554337428,
3814,0.7257724249547235,
3815,0.7011895611338196,
3816,0.6443662317092289,
3817,0.7678542712643622,
3818,0.716587273475856,
3819,0.7257936945441547,
3820,0.8082133835456157,
3821,0.47245591183499736,
3822,0.46555793615747665,
3823,0.6319123122827308,
3824,0.894950651888688,
3825,0.7012463559474064,
3826,0.7318248834909072,
3827,0.7938540091704724,
3828,0.5100444671223904,
3829,0.7244772790701564,
3830,0.7395157555727507,
3831,0.7944061427042277,
3832,0.7906693060641744,
3833,0.9763152878473325,
3834,0.6333863994634514,
3835,0.5253890668629454,
3836,0.7416671782459423,
3837,0.5916792677188882,
3838,0.7905142395658986,
3839,0.5650640448365704,
3840,0.7037556012399139,
3841,0.6253784374904272,
3842,0.7040696823728544,
3843,0.789329260707792,
3844,0.8068253047716741,
3845,0.6275628235319325,
3846,0.8971149332309907,
3847,0.8219916618885694,
3848,0.6697907923994958,
3849,0.5851034993655431,
3850,0.6767023460246037,
3851,0.5334455794993035,
3852,0.7120175369888274,
3853,0.6802649373007127,
3854,0.7300616341082972,
3855,0.6832647578792469,
3856,0.9097602933957735,
3857,0.5117497556481568,
3858,0.7077978744359208,
3859,0.40534108910708483,
3860,0.6099400680750434,
3861,0.4684469628769281,
3862,0.7129322055836317,
3863,0.7076972664640638,
3864,0.57650163903209,
3865,0.4524787213363707,
3866,0.838742081071946,
3867,0.8975604583798544,
3868,0.7226357679708071,
3869,0.9690560936827675,
3870,0.7574845865803553,
3871,0.7733701349525492,
3872,0.5728399101725233,
3873,0.7725822298251271,
3874,0.7212521073080704,
3875,0.6910150326456026,
3876,0.6337466033110843,
3877,0.8693890831045319,
3878,0.7471612483598635,
3879,0.7914405684289145,
3880,0.7276274702255087,
3881,0.7985537804311094,
3882,0.7889628046564886,
3883,0.6915577500973104,
3884,0.7126175668773501,
3885,0.7084034727381874,
3886,0.8957726653567284,
3887,0.766701629923371,
3888,0.7985560535947658,
3889,0.581360465041372,
3890,0.9038914337939219,
3891,0.6884347889960928,
3892,0.7311056935175813,
3893,0.6044546825899986,
3894,0.7315554418644935,
3895,0.740233327042868,
3896,0.6621057794803737,
3897,0.8825005070718496,
3898,0.8012830336357818,
3899,0.6487394361605973,
3900,0.8374674143954259,
3901,0.8583748981151439,
3902,0.9233633391181076,
3903,0.8866932643634271,
3904,0.8713288853506596,
3905,0.7997275860171321,
3906,0.5691846042272859,
3907,0.6893106296204192,
3908,0.5300788348196271,
3909,0.7583748520817384,
3910,0.6738903896643011,
3911,0.7237748960470092,
3912,0.6940205269384783,
3913,0.6785115407952323,
3914,0.5075256899219105,
3915,0.6488685943611487,
3916,0.61601332288205,
3917,0.7644630554803065,
3918,0.6648701929735271,
3919,0.6793870366851179,
3920,0.7771717381205113,
3921,0.46302418469545703,
3922,0.5603111229821259,
3923,0.7154856480745161,
3924,0.7079576428868187,
3925,0.7061798282327564,
3926,0.633673693254302,
3927,0.6918885859821694,
3928,0.8457749266741666,
3929,0.691649962590331,
3930,0.5424350387619981,
3931,0.6704342983312565,
3932,0.5802229745682478,
3933,0.6709090448348047,
3934,0.8229037437844561,
3935,0.5616094960905137,
3936,0.7398567237805049,
3937,0.5662261464080712,
3938,0.9262325184779259,
3939,0.7087278917036658,
3940,0.7514366039505908,
3941,0.8581906719775994,
3942,0.6350401205295925,
3943,0.5188742038674061,
3944,0.7926273699915609,
3945,0.6771151093454496,
3946,0.7409602697537236,
3947,0.7845631007559384,
3948,0.6787525236738028,
3949,0.6942240972887355,
3950,0.5207794369690663,
3951,0.6915559031087823,
3952,0.43645958766575377,
3953,0.5252460582170535,
3954,0.7500230519947307,
3955,0.7973514944576989,
3956,0.6318469036689075,
3957,0.7235430432578832,
3958,0.8548861452406918,
3959,0.5768155936743462,
3960,0.8814644642828028,
3961,0.6804602086027766,
3962,0.6746335709056229,
3963,0.715048957678655,
3964,0.6870267556018567,
3965,0.6443196983789099,
3966,0.6806785200099382,
3967,0.6093350777181061,
3968,0.8765752405521355,
3969,0.8074540788281597,
3970,0.7480720335669803,
3971,0.6816178830110007,
3972,0.8677595390407116,
3973,0.6672431936584566,
3974,0.6468226575309336,
3975,0.7655216756530542,
3976,0.5970625987783573,
3977,0.5606344330055392,
3978,0.8758474222977871,
3979,0.8135809360004648,
3980,0.7327444142688319,
3981,0.8868514197200016,
3982,0.5930432894398033,
3983,0.664392176758322,
3984,0.6174156518741977,
3985,0.5958895811507461,
3986,0.6647279980563301,
3987,0.7513470169835791,
3988,0.4802466424505749,
3989,0.5352359436792379,
3990,0.681528392289423,
3991,0.6984151210266969,
3992,0.6358422886030256,
3993,0.8223288085138581,
3994,0.8295552475400887,
3995,0.7731634698433681,
3996,0.6456212590164496,
3997,0.8757751279704,
3998,0.6455125637495938,
3999,0.732205461485536,
4000,0.5590012164017804,
4001,0.5651156763296699,
4002,0.8827724724974718,
4003,0.6399681862766333,
4004,0.5934078780928013,
4005,0.7256147485177028,
4006,0.73629982946697,
4007,0.5124037759165442,
4008,0.8275022102843016,
4009,0.503230235306145,
4010,0.6267317700118552,
4011,0.9129709625574405,
4012,0.5686568441161757,
4013,0.6565471229239677,
4014,0.717508208202152,
4015,0.7512509431588035,
4016,0.9478807815924791,
4017,0.6806799680061866,
4018,0.9023866114137261,
4019,0.7585561538960901,
4020,0.7091435522438618,
4021,0.5938187018708108,
4022,0.6538685302213394,
4023,0.869164228144487,
4024,0.7992478490879027,
4025,0.7825565620515457,
4026,0.5447873724616568,
4027,0.6127109832864751,
4028,0.8925634015769178,
4029,0.4372563585971794,
4030,0.9266961615380284,
4031,0.5907013406792493,
4032,0.8472715757599933,
4033,0.6820964210684832,
4034,0.8167103345362032,
4035,0.8597368681594509,
4036,0.8411316661089691,
4037,0.6260345869968458,
4038,0.5450118846211198,
4039,0.6219772103589953,
4040,0.5920020547464968,
4041,0.5570829875892839,
4042,0.8997661380017703,
4043,0.8675832230557222,
4044,0.7599426431345027,
4045,0.6026995144341102,
4046,0.6314375591872031,
4047,0.6549216328454466,
4048,0.4993622179311337,
4049,0.636485620407992,
4050,0.5627553962437223,
4051,0.8319845957395886,
4052,0.9279695951802414,
4053,0.6076455682513294,
4054,0.7237749847413751,
4055,0.7395598890762703,
4056,0.8814018570261372,
4057,0.6763537979649457,
4058,0.6383403899401537,
4059,0.7254692666716248,
4060,0.5533906160132794,
4061,0.5413892825469176,
4062,0.7409675451843692,
4063,0.4629996467306098,
4064,0.7545965530042713,
4065,0.7225978502873738,
4066,0.7244567600103184,
4067,0.7688035405264195,
4068,0.6331680324462018,
4069,0.6362840209915048,
4070,0.7743474762618384,
4071,0.8239563030436232,
4072,0.5418719561309767,
4073,0.4676323543598063,
4074,0.5916301545241829,
4075,0.899130739522053,
4076,0.5005523102367533,
4077,0.8919220024485776,
4078,0.6337277083381246,
4079,0.8202751699486095,
4080,0.845569228372684,0.5347215008996479
4081,1.1410553134993666,
4082,0.7347930333774061,
4083,0.8802057075182204,
4084,0.6130841706516323,
4085,0.6717367022899091,
4086,0.7052522312312892,
4087,0.6199957802360393,
4088,0.7315662815160524,
4089,0.644863076920494,
4090,0.6705990518280057,
4091,0.8589189630036638,
4092,0.5877950015241089,
4093,0.8066098747817028,
4094,0.6119921752146192,
4095,1.0467490986854333,
4096,0.7889652104523496,
4097,0.7024841236949799,
4098,0.4026622589877469,
4099,0.8415314038789995,
4100,0.6711518652270766,
4101,0.8572661308984632,
4102,0.7958189831505349,
4103,0.6481047930995593,
4104,0.6762994614332895,
4105,0.9081413874621964,
4106,0.7566942054197557,
4107,0.7499889697780493,
4108,0.861371050050619,
4109,0.8410225951248733,
4110,0.6759247816511039,
4111,0.5919671934167575,
4112,0.578938585495854,
4113,0.8093417673746747,
4114,0.7468194406264445,
4115,0.5864671350763789,
4116,0.5972690140704395,
4117,0.675182756106713,
4118,0.5708104998771031,
4119,0.906470791125396,
4120,0.5797679649954968,
4121,0.8599815541827857,
4122,0.8719073427207216,
4123,0.4379259216641504,
4124,0.6321254262768907,
4125,0.6518356835917078,
4126,0.7382067334084352,
4127,0.5735019458072763,
4128,0.6434808977465256,
4129,0.5474061830427022,
4130,0.9271466736607626,
4131,0.8687699509869355,
4132,0.42644265931405206,
4133,0.6082045933125627,
4134,1.0139665122564736,
4135,0.745488832274153,
4136,0.8195881325333687,
4137,0.7713277315474488,
4138,0.7156957950227013,
4139,0.603827793214256,
4140,0.6401963609549626,
4141,0.8519920095769228,
4142,0.605846841313034,
4143,0.7788188393601433,
4144,0.7913229775822274,
4145,0.8557224303947663,
4146,0.734680593476513,
4147,0.797546612642768,
4148,0.8204672993636625,
4149,0.7484001050140323,
4150,0.48557186104624167,
4151,0.5340902390380314,
4152,0.5355436070841585,
4153,0.5581351250201821,
4154,0.6453394816423712,
4155,0.7478804064435098,
4156,0.459176219668301,
4157,0.6393772073273598,
4158,0.7897738000437978,
4159,0.7674914410939939,
4160,0.5341068038507198,
4161,0.7551635340525952,
4162,0.8910495333041091,
4163,0.7238418347393385,
4164,0.906608075686104,
4165,0.6479133739451961,
4166,0.8132756091777005,
4167,0.7829450150821983,
4168,0.7624206653031715,
4169,0.7563540671219982,
4170,0.6195424345892931,
4171,0.674817463865928,
4172,0.47503521851351743,
4173,0.6972822308563625,
4174,0.7382011873651793,
4175,0.6196694131548248,
4176,0.8776579714276918,
4177,0.6816932583607653,
4178,0.7105157949099415,
4179,0.685450092784249,
4180,0.7923961590712422,
4181,0.690460735627639,
4182,0.6092153792359177,
4183,0.7959518014315856,
4184,0.849086302845152,
4185,0.8607075850996875,
4186,0.7326106357513095,
4187,0.9792559822208043,
4188,0.61460003029683,
4189,0.7598916955004095,
4190,0.70261669951881,
4191,0.7470099330261216,
4192,0.4391020985555082,
4193,0.5725101117198911,
4194,0.595208372443154,
4195,0.7010295308445673,
4196,0.717113222016402,
4197,0.658447134768549,
4198,0.7141288045533727,
4199,0.558709721394684,
4200,0.4922151377323328,
4201,0.6567439391395283,
4202,0.7823065306953442,
4203,0.6496227162548227,
4204,0.6051609059399097,
4205,0.713257304567506,
4206,0.8361032845912632,
4207,0.5349029181535482,
4208,0.6963373951845362,
4209,0.7322841772046794,
4210,0.6594586279030955,
4211,0.5361549840664332,
4212,0.6733241619698619,
4213,0.7270840496144173,
4214,0.5971817625791417,
4215,0.6490869636724168,
4216,0.8018221132484089,
4217,0.8773407187057489,
4218,0.23436510952952097,
4219,0.6851625222285272,
4220,0.6124099230532858,
4221,0.7231446980691537,
4222,0.733467196607959,
4223,0.5862659703499606,
4224,0.6870181410333133,
4225,0.4785833827186605,
4226,0.740021660445106,
4227,0.718722276325693,
4228,0.9194569047175615,
4229,0.3576887645520697,
4230,0.5959588432358149,
4231,0.8337197876907808,
4232,0.8439779029419251,
4233,0.7758853230914067,
4234,0.5243960989836958,
4235,0.6114765176307313,
4236,0.6434777384563104,
4237,0.56689646218043,
4238,0.9858874403797117,
4239,0.4319989663424259,
4240,0.5416108854710128,
4241,0.8729791122062935,
4242,0.7265839683458776,
4243,0.7230371246473924,
4244,0.6120271495610948,
4245,0.7096661962692972,
4246,0.5464233673141614,
4247,0.6193846940175133,
4248,0.5728917283546261,
4249,0.7053902998739567,
4250,0.8019452672514505,
4251,0.9329005996510957,
4252,0.6418134207800905,
4253,0.6663874958255908,
4254,0.8992537916885381,
4255,0.9054413336447813,
4256,0.6995258549574046,
4257,0.6200257014386776,
4258,0.8504942717822286,
4259,0.6718916116155685,
4260,0.685655864872403,
4261,0.8335680163619038,
4262,0.7412999974021397,
4263,0.6620363304578246,
4264,1.0167725282358788,
4265,0.784879346437621,
4266,0.5976541982346694,
4267,0.6435091325704878,
4268,0.5759368874371099,
4269,0.5550063481284462,
4270,0.6817494246181293,
4271,0.8551264260618203,
4272,0.825423181612095,
4273,0.9279336868304515,
4274,0.7349592723056424,
4275,0.7749495180673439,
4276,0.76793299572895,
4277,0.7360996650583443,
4278,0.6967869353146046,
4279,0.7917343396924155,
4280,0.7005400382827595,
4281,0.722334001878023,
4282,0.7975273994468052,
4283,0.6912041706994633,
4284,0.7197326445100716,
4285,0.8092202622844205,
4286,0.7733063806129901,
4287,0.8740447792328829,
4288,0.8552211145626685,
4289,0.661386831859945,
4290,0.6951236150634355,
4291,0.6496044142581837,
4292,0.5126964426147507,
4293,0.6735480902764661,
4294,0.38622952012265455,
4295,0.6914459044395437,
4296,0.7805032185557739,
4297,0.7774667646335156,
4298,0.8934758021765687,
4299,0.5927437349804514,
4300,0.8096079091004174,
4301,0.4367324846521191,
4302,0.7645498643976112,
4303,0.6927800838920091,
4304,0.6545776249600087,
4305,0.9318412825383183,
4306,0.7365999809869727,
4307,0.6068117009662563,
4308,0.6013846854661351,
4309,0.8132699110706769,
4310,0.7244282745852538,
4311,0.7391471152762348,
4312,0.7806491862148318,
4313,0.6815159966016462,
4314,0.8928681625488177,
4315,0.6846091585003867,
4316,0.7437956868924717,
4317,0.8236053066739227,
4318,0.7247753186538932,
4319,0.7427523879416827,
4320,0.6587507095048655,
4321,0.6823676132429598,
4322,0.5180796218955275,
4323,0.6024784281332843,
4324,0.6428574103784394,
4325,0.7783797588751681,
4326,0.8449744020525896,
4327,0.483318067849086,
4328,0.8506531875696179,
4329,0.7478321823131016,
4330,0.7845991035059462,
4331,0.8134904928528092,
4332,0.6703702668803732,
4333,0.7592961625463049,
4334,0.8477511227612069,
4335,0.9069717726516419,
4336,0.6112551306839249,
4337,0.9024173561348613,
4338,0.7181833454059094,
4339,0.6265672420291002,
4340,0.6793168808167818,
4341,0.69682010432763,
4342,0.5460727906274006,
4343,0.8028076777533495,
4344,0.5960571652578684,
4345,0.7507140656478635,
4346,0.8285795781235511,
4347,0.7164352957451324,
4348,0.7114841467915503,
4349,0.6061075608463713,
4350,0.6708054734766504,
4351,0.5462893717520254,
4352,0.6351129430575988,
4353,0.8053011452796058,
4354,0.7167658386242823,
4355,0.4259061831038623,
4356,0.7810307749694775,
4357,0.7573844497074963,
4358,0.6271126630167084,
4359,0.840893978672223,
4360,0.6433946535550099,
4361,0.6784856403996454,
4362,0.44009787304631104,
4363,0.6003439732007723,
4364,0.8291073157563974,
4365,0.833636094885992,
4366,0.6412647324291706,
4367,0.8763625794430766,
4368,0.8016437650300619,
4369,0.7610814773743205,
4370,0.6985585779645224,
4371,0.8211093214765215,
4372,0.5866798137265004,
4373,0.7633556599608043,
4374,0.6984776996253422,
4375,0.5742330692809455,
4376,0.8183881523282667,
4377,0.907459158094465,
4378,0.7560352210288879,
4379,0.7096003631000024,
4380,0.5792657284431458,
4381,0.696217919969918,
4382,0.8633034232006107,
4383,0.6122704078362111,
4384,0.7041960984434222,
4385,0.9557143709554061,
4386,0.7353608056395247,
4387,0.7469018301233189,
4388,0.49774952400598266,
4389,0.5896876196322919,
4390,0.8020690326808162,
4391,0.7610387581632138,
4392,0.45447372557571086,
4393,0.8145738996298233,
4394,0.6896682032668078,
4395,0.8165417733496328,
4396,0.6194424369741334,
4397,0.7666773136435612,
4398,0.7461944926406768,
4399,0.6360978320551948,
4400,0.5351034017746904,
4401,0.784834913343376,
4402,0.7291572414109991,
4403,0.9864840183094054,
4404,0.8759554355484973,
4405,0.8531690269540395,
4406,0.869551205286521,
4407,0.5491084261106255,
4408,0.8814238156161764,
4409,0.6034450748614332,
4410,1.008980356129333,
4411,0.8205594716482333,
4412,0.6682560563835737,
4413,0.9403355584284573,
4414,0.8457716551638463,
4415,0.8626889295155392,
4416,0.7462115587411051,
4417,0.6074040437301327,
4418,0.6448387826082387,
4419,0.7959541319120204,
4420,0.7928776561218553,
4421,0.679927614483966,
4422,0.5885461857432256,
4423,0.8913268319095471,
4424,0.7732759265767429,
4425,0.6868821480143795,
4426,0.5907701491472437,
4427,0.6555393616519741,
4428,0.6406910416726073,
4429,0.830986361414985,
4430,0.761088715845482,
4431,0.6892058920585585,
4432,0.8070054149475421,
4433,0.8099399658151628,
4434,0.7339734700538402,
4435,0.6882204209331072,
4436,0.6201571549386281,
4437,0.44980241739280236,
4438,0.8361197732012297,
4439,0.6410649691497592,
4440,0.8338764192207796,
4441,0.9399408282926329,
4442,0.7371664727428793,
4443,0.6533199436658517,
4444,0.8391811481182422,
4445,0.7134386971321155,
4446,0.6154001546405166,
4447,0.937426644839653,
4448,0.6062336835015874,
4449,0.9041249553748577,
4450,0.7307833618106906,
4451,0.728105456066819,
4452,0.6553053756689851,
4453,0.615911699673689,
4454,0.8204188071240032,
4455,0.8679599320935337,
4456,0.8065036176611752,
4457,0.7519575983618888,
4458,0.6503873534214717,
4459,0.7339614225642913,
4460,0.7754873033472384,
4461,0.9258184286916767,
4462,0.6273470845324581,
4463,0.9428843428452408,
4464,0.697120300580168,
4465,0.8343659846760137,
4466,0.6798894048207653,
4467,0.647554856525393,
4468,0.7205997905747165,
4469,0.5833738554203974,
4470,0.7899203685815908,
4471,0.7197363449663442,
4472,0.7398404275486883,
4473,0.747756343947924,
4474,0.8055759714017395,
4475,0.6733615029063812,
4476,0.7683460054307543,
4477,0.47960774162027714,
4478,0.7859919767622421,
4479,0.6465139928914262,
4480,0.731096477437225,
4481,0.7238471588166665,
4482,0.741314969476561,
4483,0.731711252513682,
4484,0.7771716022610945,
4485,0.7272344253199367,
4486,0.9579731707535617,
4487,0.6800231092672536,
4488,0.4544292236244908,
4489,0.4747007696563027,
4490,0.7753977917849111,
4491,0.5563837322700362,
4492,0.681822853336387,
4493,0.5631914696907463,
4494,0.6739984699591329,
4495,0.5949712739592312,
4496,0.9929750278695204,
4497,0.6379699243800309,
4498,1.0319702346095974,
4499,0.6577205402992311,
4500,0.7664466041190015,
4501,0.8299175389172693,
4502,0.5016329727991106,
4503,0.913066484847556,
4504,0.8269515766910406,
4505,0.7925119112650234,
4506,0.6278605050704217,
4507,0.8640544328721009,
4508,0.6975010121525077,
4509,0.6954015144763463,
4510,0.9467002698523476,
4511,0.6238997282658985,
4512,0.8428047434220188,
4513,0.8109981191657012,
4514,0.6296381105399399,
4515,0.5629978490472745,
4516,0.7765531533655995,
4517,0.777680323271072,
4518,0.678449738005812,
4519,0.7266195177665205,
4520,0.7301166955067973,
4521,0.7951428106068227,
4522,0.8659875296778575,
4523,0.7585521591367705,
4524,0.45452475125468017,
4525,0.7283044090072283,
4526,0.7100021970239249,
4527,0.6768028398084658,
4528,0.7360298090655738,
4529,0.7446586677178066,
4530,0.6001425632728039,
4531,0.6113243144766731,
4532,0.8214649246180526,
4533,0.6941988990060493,
4534,0.6638323412037087,
4535,0.9258319704150617,
4536,0.8141699436900696,
4537,0.6498890826388374,
4538,0.759403830548431,
4539,0.8413021892366589,
4540,0.855915261551011,
4541,0.7346923574618713,
4542,0.7861222040125576,
4543,0.8973930958735573,
4544,0.5661469529806356,
4545,0.8608381912345601,
4546,0.8726431761933497,
4547,0.585012910227816,
4548,0.9730243471725906,
4549,0.6635955341113022,
4550,0.6658422626363686,
4551,0.7780813993446619,
4552,0.7265020685064192,
4553,0.7415680359980654,
4554,0.8026603624364413,
4555,0.8391848587189868,
4556,0.8762248508654548,
4557,0.7489134320363422,
4558,0.8956978075073818,
4559,0.7003703867648438,
4560,0.8440388362858211,
4561,0.6798270212018961,
4562,0.8786299140836409,
4563,0.8090424538261375,
4564,0.3225313644170985,
4565,0.8349103234226176,
4566,0.8843469585009527,
4567,0.8502944468918581,
4568,0.7996834772173997,
4569,0.9138452213260737,
4570,0.7712815145394482,
4571,0.8763868665161251,
4572,0.6214935170789901,
4573,0.7685300865820418,
4574,0.6786978593799129,
4575,0.7538830482311254,
4576,0.7586093969268723,
4577,0.7438033422518476,
4578,0.835886725289411,
4579,0.6179021296851621,
4580,0.9042949534951167,
4581,0.5236204053223544,
4582,0.6545577041609758,
4583,0.8051605559389121,
4584,0.747807746297998,
4585,0.681472355524371,
4586,0.7634945251822304,
4587,0.6288161071632403,
4588,0.7333547170173408,
4589,0.7917175156390556,
4590,0.6937921804781283,
4591,0.8010659461654004,
4592,0.8332864800186707,
4593,0.7982793753974708,
4594,0.6674884016258441,
4595,0.7301975537600193,
4596,0.8441908247964067,
4597,0.6411708409517689,
4598,0.8884451445742944,
4599,0.8496360273547487,
4600,0.5753971286616097,
4601,0.692318720707204,
4602,0.8327931494530135,
4603,0.48374039161312116,
4604,0.853921647564659,
4605,0.7323741519162005,
4606,0.42748553655703075,
4607,0.5845661212596562,
4608,0.7970198728113369,
4609,0.650791226135908,
4610,1.1040892582477435,
4611,0.7908721358080972,
4612,0.6047923455191355,
4613,0.5846960559498257,
4614,0.7422320809557675,
4615,0.6715887707396819,
4616,0.5849367882749689,
4617,0.8425922232452153,
4618,0.5980869902821535,
4619,0.8698700211398879,
4620,0.8789488410706167,
4621,0.8166524069858057,
4622,0.7436571575823366,
4623,0.7999367815811227,
4624,0.7117756922410073,
4625,0.93904386424137,
4626,0.54604551364386,
4627,0.7691022745247872,
4628,0.9683296773638098,
4629,0.6158437276156682,
4630,0.841498981356044,
4631,0.6316678395445013,
4632,0.6599844492451387,
4633,0.6926064224979718,
4634,0.8810201739566619,
4635,0.7423874888227697,
4636,0.8701620218213361,
4637,0.7921067988574562,
4638,0.6456214315335611,
4639,0.7606202340623963,
4640,0.8161950555574854,
4641,0.7515299887356494,
4642,0.7727526538919679,
4643,0.6561919295999369,
4644,0.824950752717033,
4645,0.7291817200587363,
4646,0.857613674560278,
4647,0.7974008266916228,
4648,0.6350408883064834,
4649,0.750552699189622,
4650,0.8130387214475837,
4651,0.7332993604009039,
4652,0.749842570264482,
4653,0.6745018821509309,
4654,0.8931793682464872,
4655,0.8133020324268403,
4656,0.628812039256354,
4657,0.6809218857350793,
4658,0.7634248360759498,
4659,0.5700517173438436,
4660,0.6712847874254377,
4661,0.8174888405457563,
4662,0.6135298977645189,
4663,0.5118291065145735,
4664,0.8320783019230937,
4665,0.6129498836148932,
4666,0.4878247990617497,
4667,0.6829869147862805,
4668,0.9026537497736176,
4669,0.7334589003784026,
4670,0.7043537049361589,
4671,0.6992162809509509,
4672,0.6085705684654659,
4673,0.7932719291456669,
4674,1.057242000144096,
4675,0.8002303329155157,
4676,0.547397660382778,
4677,0.9560298319797361,
4678,0.8443761093754942,
4679,0.8332653869787556,
4680,0.7461555259720009,
4681,0.865614898291072,
4682,0.7072412050643289,
4683,0.7957130701691358,
4684,0.959663497142092,
4685,0.6686754176923272,
4686,0.7164777832659722,
4687,0.7551901667821861,
4688,0.6471743329825331,
4689,0.6018697112563814,
4690,0.8184279082225633,
4691,0.41439135245892705,
4692,0.7396575322737767,
4693,0.7793898982423475,
4694,0.6340938763238425,
4695,0.6465315531884656,
4696,0.5557933695545552,
4697,0.8367779864909235,
4698,0.8844437498148038,
4699,0.7367384338527472,
4700,0.8442960669190299,
4701,0.665820479242643,
4702,0.6405059127466702,
4703,0.5549014175008379,
4704,0.8209382968930504,
4705,0.8308929028121297,
4706,0.5139001523766891,
4707,0.8225130010361886,
4708,0.8070477603359366,
4709,0.4679436926218908,
4710,0.80991338631509,
4711,0.703693214630359,
4712,0.6724566352035477,
4713,0.8038316541055462,
4714,0.7166047479632168,
4715,0.7182031940592674,
4716,0.6286763478844084,
4717,0.6604609654939334,
4718,0.7317124581801844,
4719,0.8212490686415175,
4720,0.8209389254979563,
4721,0.7620890088184321,
4722,0.8612185687477658,
4723,0.8119539502107578,
4724,1.1331170652534275,
4725,0.6750156669877652,
4726,0.6618605671116928,
4727,0.6072799732111003,
4728,0.6921063407670965,
4729,0.8559143723556105,
4730,0.890913462382453,
4731,0.8184852139461585,
4732,0.885735488778537,
4733,0.8574031896978832,
4734,0.7007624667739786,
4735,0.9189707711965082,
4736,0.7106890898506169,
4737,0.7552978267874375,
4738,0.7737863437829885,
4739,0.637009246460153,
4740,0.8427668492646044,
4741,0.6268675937101088,
4742,0.6488861785721762,
4743,0.7401134790239182,
4744,0.6722225902335686,
4745,0.73221471068161,
4746,0.8373396429409344,
4747,0.8764038207007493,
4748,0.7024914803886858,
4749,0.6586161233339957,
4750,0.9144863578061275,
4751,0.8997850773134708,
4752,0.7915922920894084,
4753,0.7777785644699831,
4754,0.7252483172009022,
4755,0.841116631366617,
4756,0.5118696576922387,
4757,0.9011446192465211,
4758,0.4863679017164151,
4759,0.7824747648010703,
4760,0.679594960920111,
4761,0.7763029167027558,
4762,0.8060912403459302,
4763,0.9201068980720117,
4764,0.8204175034378027,
4765,0.578776322682096,
4766,0.6349224226089464,
4767,0.897755292492719,
4768,0.6173899142536498,
4769,0.48922012743254484,
4770,0.6739881328836883,
4771,0.8031030950755549,
4772,0.6206144467649622,
4773,0.8572423321960126,
4774,0.89397081118661,
4775,0.4680099007426414,
4776,0.9551678455575568,
4777,0.7172356754406619,
4778,0.6359934718798931,
4779,0.578468378538834,
4780,0.8653515127630368,
4781,0.7215446912582526,
4782,0.577490965179808,
4783,0.7921329782880696,
4784,0.7677045576561072,
4785,0.7284053671856785,
4786,0.796510507858904,
4787,0.6564673110620667,
4788,0.5606843320862802,
4789,0.9413453903195648,
4790,0.6987346206641312,
4791,0.8255992032594462,
4792,0.7643881723456752,
4793,0.8478926896328528,
4794,0.9562001201299709,
4795,0.6279464869594039,
4796,0.7266630752279893,
4797,0.5156279943847359,
4798,0.7467170360113861,
4799,0.9457399795996837,
4800,0.7724177425973693,
4801,1.071995472084299,
4802,0.7231119444584123,
4803,0.6874894782344454,
4804,0.7973981367497781,
4805,0.582803308295973,
4806,0.8737063043725141,
4807,0.5810242777727096,
4808,0.6015463204855294,
4809,0.6356366096742522,
4810,0.6536455776036377,
4811,0.6032671968926638,
4812,0.6426386082327447,
4813,0.7022033049342694,
4814,0.8274209296505856,
4815,0.9113006417004451,
4816,0.6951701343808554,
4817,0.6539640775646599,
4818,0.5441040790991394,
4819,0.9459102940182532,
4820,1.1371339058677452,
4821,0.760807049751174,
4822,0.5514607628376393,
4823,0.641779587882156,
4824,0.8781572323402858,
4825,0.5985312568563627,
4826,0.8709932293658208,
4827,0.7743737259914172,
4828,0.8307021787801602,
4829,0.7612661137669873,
4830,0.5807956856136983,
4831,0.7918608691625187,
4832,0.8090829383970196,
4833,0.6014397645102938,
4834,0.7769540652390197,
4835,0.7349404818958434,
4836,0.8949525614054137,
4837,0.8772793705567594,
4838,0.7843776399886274,
4839,0.6992532241128891,
4840,0.4466782168794135,
4841,0.7006413610889597,
4842,0.6348471224346681,
4843,0.6349208238921068,
4844,0.8875169790501347,
4845,0.615555257493069,
4846,0.7385317246042753,
4847,0.7270108332871336,
4848,0.6510001628322902,
4849,0.8885715412183933,
4850,0.5898453992184544,
4851,0.8246633660747206,
4852,0.4871979025332422,
4853,0.7956805710261474,
4854,0.8018532234242819,
4855,0.7106879234831333,
4856,0.6980818875198453,
4857,0.7521907141001417,
4858,1.0106186507862245,
4859,0.5314529879813435,
4860,0.5648443917412942,
4861,0.7918295489482898,
4862,0.7392341477370677,
4863,0.6785497496573564,
4864,0.9129395476336609,
4865,0.548361712548183,
4866,0.8076566121584887,
4867,0.8640317914945895,
4868,0.9034326616778362,
4869,0.8067427562066336,
4870,0.6975605633054709,
4871,0.8387688732999684,
4872,0.566268031501774,
4873,0.5702200061797169,
4874,0.7797045030413927,
4875,0.8201492175646671,
4876,0.906398827202504,
4877,0.774603484518675,
4878,0.9012908449959243,
4879,0.8490357219311643,
4880,0.6588888856755518,
4881,0.5760776863511217,
4882,0.7658927417407524,
4883,0.6755594130693965,
4884,0.6886899157649827,
4885,0.8228829151139618,
4886,0.693351091774226,
4887,0.6873436140715375,
4888,0.6326079587541332,
4889,0.5489064779292963,
4890,0.615916634609716,
4891,0.7114314162553296,
4892,0.6276738196312371,
4893,0.8046954646669952,
4894,0.5643016480317472,
4895,0.7946166173363592,
4896,0.8326784349543748,0.5927249217290957
4897,0.677161089862174,
4898,0.6501926272619697,
4899,0.716157230042662,
4900,0.7980804762961523,
4901,0.746564125590618,
4902,0.6770430884778452,
4903,0.5438117108992411,
4904,0.558688626983231,
4905,0.7388640080747527,
4906,0.8276336612492824,
4907,0.6204728825733484,
4908,0.5240107705859048,
4909,0.8360675294569918,
4910,0.8324146985882966,
4911,0.778357059539552,
4912,0.7843621288490958,
4913,0.7784598354284155,
4914,0.7086375840598641,
4915,0.555517691769863,
4916,0.6652135853895995,
4917,0.8255508093162262,
4918,0.9692006098341397,
4919,0.704618258380821,
4920,0.7368410474833079,
4921,0.7484610376868954,
4922,0.66276724219597,
4923,0.8319814400978567,
4924,0.740555186820129,
4925,0.9539146496976264,
4926,0.6793890854600845,
4927,0.7248290575961793,
4928,0.7444839883355141,
4929,0.624583275245129,
4930,0.8261341323957804,
4931,0.7021446300428984,
4932,0.8419614100953717,
4933,0.6604481946277635,
4934,0.9202444435411667,
4935,0.7997478736802354,
4936,0.6865920751325753,
4937,0.6603807950788789,
4938,0.8616411349821764,
4939,0.7293744882952244,
4940,0.6996187170184355,
4941,0.8322995710176626,
4942,0.7699920532067551,
4943,0.8021266371151262,
4944,0.8186234827044898,
4945,0.607181020551962,
4946,0.6546907422766963,
4947,0.4998486180936446,
4948,0.822337021197659,
4949,0.834241229481098,
4950,0.4968243523611882,
4951,0.7314224775842563,
4952,0.6206883252321251,
4953,0.6994994311429565,
4954,0.7858337687749968,
4955,0.5885717588341863,
4956,0.308418350325538,
4957,0.7864681570410189,
4958,0.6974200330977446,
4959,0.7363997287179443,
4960,0.7616572132750691,
4961,0.735967363228318,
4962,0.4282834455735101,
4963,0.6381466642254076,
4964,0.5166865429158097,
4965,0.7882737750250601,
4966,0.8602433972298118,
4967,0.7177757695909223,
4968,0.6924241724667379,
4969,0.5719659364878507,
4970,0.7078964356577772,
4971,0.5528960538701438,
4972,0.8276545940979502,
4973,0.4709765199741512,
4974,0.6622928418354745,
4975,0.8267309277304705,
4976,0.9964199852307616,
4977,0.7614092603066481,
4978,0.13297852543685837,
4979,0.4731643904341921,
4980,0.9426231837112764,
4981,0.8548648615176554,
4982,0.49713648856851467,
4983,0.7042135787450274,
4984,0.6111657988062543,
4985,0.6858011357341921,
4986,0.8841324188724359,
4987,0.6285281425294583,
4988,0.9237381343568127,
4989,0.718441340712099,
4990,0.4621183225292949,
4991,0.44583292101735733,
4992,0.541220671773506,
4993,0.7119130459131957,
4994,0.6833029152389704,
4995,0.869225924264889,
4996,0.6111186494873354,
4997,0.733518916663939,
4998,0.9664505544950962,
4999,0.7028260458645036,
5000,0.6240899212558355,
5001,0.7478125554447783,
5002,0.9186685693392362,
5003,0.712365940460638,
5004,0.544913076882061,
5005,0.5678375248067826,
5006,0.5975109388665475,
5007,0.7561726918517389,
5008,0.5548087513710854,
5009,0.6753232595444463,
5010,0.6606291518787547,
5011,0.7298206598668316,
5012,0.6415957460457102,
5013,0.833041932176879,
5014,0.6993301558864111,
5015,0.7124928882694931,
5016,0.7480165448124927,
5017,0.7891231592009006,
5018,0.8527496729817333,
5019,0.9251285928717818,
5020,0.7620053348819394,
5021,0.856177036031173,
5022,0.7018899815699458,
5023,0.7751226976677502,
5024,0.8186122189335928,
5025,0.7808222175419919,
5026,0.6468820721476606,
5027,0.7979747868276911,
5028,0.726099580305646,
5029,0.7455743067494598,
5030,0.5110646103958333,
5031,0.7460839543858708,
5032,0.5116254450452773,
5033,0.6804874249556224,
5034,0.8680860037485636,
5035,0.761378945943303,
5036,0.5204671546863974,
5037,0.5515794793367985,
5038,0.7576633513486658,
5039,0.783009065684771,
5040,0.7686016190903276,
5041,0.8338135961255659,
5042,0.6870966964834029,
5043,0.7819765979348889,
5044,0.6933603827594895,
5045,0.5870386812907625,
5046,0.5989654065200548,
5047,0.5811891406000919,
5048,0.6946040799229602,
5049,0.7438593468063611,
5050,1.0282706994877822,
5051,0.7973522425625845,
5052,0.3567971273235336,
5053,0.6152069128827453,
5054,0.8073342285227293,
5055,0.6492054102500805,
5056,0.5401739839406434,
5057,0.7959398730900272,
5058,0.547533435578181,
5059,0.5515692543909665,
5060,0.7716722398578556,
5061,0.6189165335577557,
5062,0.798288387193968,
5063,0.7474706944441075,
5064,0.49885549608464724,
5065,0.5664446752903929,
5066,0.6427731586526915,
5067,0.7651617955171097,
5068,0.8550664241281788,
5069,0.5912984969626275,
5070,0.759647047262553,
5071,0.48904006466664274,
5072,0.7309214797037239,
5073,0.7152714738862568,
5074,0.9924180965349763,
5075,0.3727839936484775,
5076,0.7189451940031945,
5077,0.5458695991826468,
5078,0.9680055910863655,
5079,0.7237826663814505,
5080,0.8397305923380206,
5081,0.6646773449870246,
5082,0.7072233859276681,
5083,0.8187316705937655,
5084,0.66105647193134,
5085,0.8176435960293849,
5086,0.8009036856151271,
5087,0.8609384221831803,
5088,0.7035769166412204,
5089,0.892679080914794,
5090,0.9539827934284354,
5091,0.7434728055483573,
5092,0.7229911989393814,
5093,0.7130697137078414,
5094,0.9045558029949786,
5095,0.7853430503401407,
5096,0.7894073243628861,
5097,0.7209750292271058,
5098,0.6624092279942594,
5099,0.7120546151715718,
5100,0.8710792435827195,
5101,0.6770636826251321,
5102,0.8211531213773247,
5103,0.7780828023632731,
5104,0.9051555632572681,
5105,0.8171422305649125,
5106,0.6131297729226196,
5107,0.6247381631883367,
5108,0.9505464413635311,
5109,0.7844322547273552,
5110,0.6683909979491651,
5111,0.7891388475185412,
5112,0.6747841303358926,
5113,0.8924273613195665,
5114,0.657595682939808,
5115,0.5985009205228166,
5116,0.6115086180032863,
5117,0.6518942396092718,
5118,0.9288377377265792,
5119,0.7815334142231869,
5120,0.42094016220634023,
5121,0.5365958503821953,
5122,0.9379782856484191,
5123,0.7762406465142463,
5124,0.8855896289604408,
5125,0.5878664403455325,
5126,0.7768785671122103,
5127,0.6811176824477267,
5128,0.7488985722440578,
5129,0.5444746168614297,
5130,0.8243092210135403,
5131,0.7849330403763153,
5132,0.7235724269150705,
5133,0.7140248859613163,
5134,0.8703519877751885,
5135,0.8882723097518073,
5136,0.7943065823486434,
5137,0.723549878297176,
5138,0.6030772165911531,
5139,0.6323603375097356,
5140,0.7043457398768312,
5141,0.6579522492017112,
5142,0.5899274329744105,
5143,0.9563877894706024,
5144,0.6680365598997571,
5145,0.8096551005503476,
5146,0.7784790565513394,
5147,0.8493806832813717,
5148,0.5323237437034829,
5149,0.6698411231652537,
5150,0.6207224381406219,
5151,0.421880133141699,
5152,0.921933283075024,
5153,0.9637630527859555,
5154,0.5942914122361528,
5155,0.5875510031634505,
5156,0.5876067617764272,
5157,0.6830994003366042,
5158,0.610929066206663,
5159,0.5474668877234754,
5160,0.8298448305773395,
5161,0.8244781047433951,
5162,0.6704399652800955,
5163,0.774779438905819,
5164,0.7056895089068296,
5165,0.7118782783154805,
5166,0.73098218524342,
5167,0.5893348963028409,
5168,0.6196793870630781,
5169,0.6298643899168747,
5170,0.5708645469574396,
5171,0.7551976245588341,
5172,0.728660422369109,
5173,0.7302682138440255,
5174,0.5309525900161777,
5175,0.5670662931083545,
5176,0.6097894464892496,
5177,0.6370960486489061,
5178,0.9023737438523147,
5179,0.7474017992695156,
5180,0.5343776768479722,
5181,0.8455019225994727,
5182,0.7629275848063387,
5183,0.5533795959991533,
5184,0.6806430068758503,
5185,0.849052602809347,
5186,0.7961198723647055,
5187,1.0596786874468966,
5188,0.6858593676567587,
5189,0.8209206180283559,
5190,0.720998143238709,
5191,0.3848617775817303,
5192,0.596171939644621,
5193,0.8072219541759122,
5194,0.5632696299562623,
5195,0.6616867130446505,
5196,0.8061146132524191,
5197,0.8770675616312571,
5198,0.8504779609043499,
5199,0.7857190993913667,
5200,0.943599819839584,
5201,0.6690462582335174,
5202,0.7791662346071503,
5203,0.9394366898874911,
5204,0.942727010476393,
5205,0.5144048686062824,
5206,0.7380940383255049,
5207,0.5203927485496529,
5208,0.6638831988645139,
5209,0.808125291954518,
5210,0.6786242352973758,
5211,0.840997371946017,
5212,0.7842175427251948,
5213,0.538997280285089,
5214,0.8393784513349326,
5215,0.5531354191308978,
5216,0.7591033596585155,
5217,0.806815519013222,
5218,0.7453104091126882,
5219,0.7477028213827839,
5220,0.8346623679091445,
5221,1.0641658479958724,
5222,0.8571049935349767,
5223,0.6768402267869209,
5224,0.7306193624575104,
5225,0.6692762201009669,
5226,0.7343170174279712,
5227,0.9984252425710535,
5228,0.7714294096941837,
5229,0.7545078732672055,
5230,0.6767003737130581,
5231,0.7009299359968365,
5232,0.5545220532415472,
5233,0.8190318199658508,
5234,0.6687360297548828,
5235,0.9173941614039436,
5236,0.796629726355251,
5237,0.5453748865988692,
5238,0.6511093813181146,
5239,0.6795717924595898,
5240,0.6995335684830725,
5241,0.7557346723579705,
5242,0.8518035460977046,
5243,0.6362086467227316,
5244,0.7477565635240244,
5245,0.8454966795878905,
5246,0.7511676537217705,
5247,0.8093319123034757,
5248,0.749141712961812,
5249,0.8962950474875915,
5250,0.8109912108082149,
5251,0.9564234016449384,
5252,0.6442665626880666,
5253,0.7704759358684905,
5254,0.5352083482828934,
5255,0.8100914179741683,
5256,0.6347395338126732,
5257,0.48442752137641615,
5258,0.9964009380615518,
5259,0.6385899644134921,
5260,0.6236639141573641,
5261,0.7366014658826282,
5262,0.7170801951259617,
5263,0.6781786908062107,
5264,0.8127367246887055,
5265,0.8740950126190837,
5266,0.6905550384035769,
5267,0.7567079209794897,
5268,0.7162523150669685,
5269,0.7924041789063169,
5270,0.5070050248536679,
5271,0.6846105217612611,
5272,0.5648121953180779,
5273,0.8439497101628065,
5274,0.5945436219416238,
5275,0.6992092551815131,
5276,0.7943913603080095,
5277,0.9016459903990374,
5278,0.9026185280262989,
5279,0.6891853746855902,
5280,0.5760209309633739,
5281,0.47749510054913,
5282,0.6912081838256776,
5283,0.8372320692648232,
5284,0.7104893427097714,
5285,0.4857131525890805,
5286,0.7185584153848088,
5287,0.6251384522841222,
5288,0.7476901092219204,
5289,0.7198011265168548,
5290,0.7251045731324991,
5291,0.8373031422771787,
5292,0.6715992218248328,
5293,0.8998967525086683,
5294,0.6127868574432739,
5295,1.029822373644473,
5296,0.6688998598039002,
5297,0.9224019570827864,
5298,0.7390348214963673,
5299,0.6939200547116668,
5300,0.8300864684155215,
5301,0.6609359231423244,
5302,0.8503027340175986,
5303,0.7699949584434562,
5304,0.6152881240756224,
5305,0.7063250109568971,
5306,0.7377828725013879,
5307,0.8268149154886795,
5308,0.8303765048582968,
5309,0.7192807077244603,
5310,0.9040296196691715,
5311,0.7785331700742398,
5312,0.5621042349377412,
5313,0.6287006747946445,
5314,0.6098683171931298,
5315,0.9191992128217522,
5316,0.8904218012218864,
5317,0.7559453734269346,
5318,0.7509821860647755,
5319,0.7945576481615226,
5320,0.840311918047408,
5321,0.690859881039278,
5322,0.8078793805532726,
5323,0.7826777904269154,
5324,0.7299448064123192,
5325,0.7660841119657269,
5326,0.7791915479728314,
5327,0.8220396461063666,
5328,0.8582920796184317,
5329,0.8197338811446889,
5330,0.9225638376335937,
5331,0.46160199256178214,
5332,0.49740015722217246,
5333,0.6787689231321249,
5334,0.6769128188151435,
5335,0.93277634924316,
5336,0.30485960078489516,
5337,1.1163772495364142,
5338,0.6687399348992369,
5339,0.5161452541628967,
5340,0.7238866366594529,
5341,0.7547829332900656,
5342,0.6136150617407641,
5343,0.8894702378537791,
5344,0.5835353174960147,
5345,0.9268193738256177,
5346,0.7679964624327074,
5347,0.49079705458231515,
5348,0.7377118144991172,
5349,0.7016931294532491,
5350,0.6188077731026166,
5351,0.9708438434791299,
5352,0.806472709135739,
5353,0.8018486040417102,
5354,0.7972716638353171,
5355,0.8804856813895735,
5356,0.8224533459270127,
5357,0.770061897507389,
5358,0.5568985071449866,
5359,0.8584752292419919,
5360,0.7825996190558444,
5361,0.6859986525752582,
5362,0.8725183570068521,
5363,0.7669327575259293,
5364,0.786690433729078,
5365,0.7549051474594124,
5366,0.7985956969776997,
5367,0.5452022626123935,
5368,0.8103425041974734,
5369,0.7320587745516086,
5370,0.4987238598874049,
5371,0.8062892465899476,
5372,0.8690366076260316,
5373,0.6509505082374732,
5374,0.4846261997741061,
5375,0.7317815599386839,
5376,0.5499721532109704,
5377,0.8671483786230311,
5378,0.7481367267058435,
5379,0.6067363588902499,
5380,0.7805352767192268,
5381,0.8774256642106163,
5382,0.7399563260892851,
5383,1.0568011427278294,
5384,0.8315174582304729,
5385,0.683943363430786,
5386,0.5191120497975921,
5387,0.7071848987168139,
5388,0.8287768654345925,
5389,0.7126028759655694,
5390,0.5081255099882965,
5391,0.46817026055248867,
5392,0.8300006876307102,
5393,0.6845249463068853,
5394,0.6152317566949105,
5395,0.9468767780240359,
5396,0.8092772405368823,
5397,0.877982968540686,
5398,0.7427207189467578,
5399,0.6583249867454273,
5400,0.7094637324965599,
5401,0.8356682659992395,
5402,0.8401639273813264,
5403,0.9441970972074194,
5404,0.7263900937383473,
5405,0.7437122691511073,
5406,0.6371892279660712,
5407,0.5604797332930148,
5408,0.520817252511067,
5409,0.8385590119118648,
5410,0.5562346143546949,
5411,0.5893266875967379,
5412,0.5672231030989021,
5413,0.7501924701970739,
5414,0.7846679662479931,
5415,0.48138265104066347,
5416,0.7689348017214247,
5417,0.6984512358965421,
5418,0.6875878619058433,
5419,0.8320229723693129,
5420,0.7537470789679589,
5421,0.7213889440938033,
5422,0.555951284715483,
5423,0.8291448639256891,
5424,0.917556004226397,
5425,0.7304836727618566,
5426,0.8682173940556406,
5427,0.7759718069213036,
5428,0.6914523212241066,
5429,0.6672142219607969,
5430,0.8800777774342737,
5431,0.8610318705341193,
5432,0.8586727845828026,
5433,0.8414407461659109,
5434,0.6217552381608825,
5435,0.9641854946823354,
5436,0.8236410479939613,
5437,0.7876444024438458,
5438,0.6930818123834299,
5439,0.8009074003226446,
5440,0.8175772839173794,
5441,0.6746550430592892,
5442,0.8848702724022032,
5443,0.8582602715413318,
5444,0.6672956523203867,
5445,0.8743659773316996,
5446,0.6971484163096312,
5447,0.8025724097460564,
5448,0.7746983569332986,
5449,0.7640199202805622,
5450,0.6485000233661872,
5451,0.7282685964184912,
5452,0.6755995640062795,
5453,0.6360070035741036,
5454,0.8210295144109577,
5455,0.8619109125849682,
5456,0.598781029227282,
5457,0.5682812235417565,
5458,0.6409633047707585,
5459,0.7891652312442138,
5460,0.6145853107209602,
5461,0.7284780062893201,
5462,0.7344361959278881,
5463,0.7781980694785328,
5464,0.9183370759402067,
5465,0.9467030135658834,
5466,0.6417256791396938,
5467,0.7596811573057312,
5468,0.7898480725514061,
5469,0.5583587674758832,
5470,0.6645485090591283,
5471,0.6807407465830245,
5472,0.8607701911649118,
5473,0.6058475834852455,
5474,0.62538916762393,
5475,0.8723714648743436,
5476,0.4881332967775568,
5477,0.5764399624491301,
5478,0.722996753373478,
5479,0.6995194556884148,
5480,0.7390800507239108,
5481,0.7160075518473084,
5482,0.6886231013702634,
5483,0.7920371207401723,
5484,0.7201524847914778,
5485,0.8373436395504051,
5486,0.6075952777498285,
5487,0.7516597574776379,
5488,0.8307907679756665,
5489,0.7394557841663159,
5490,0.6429065817818959,
5491,0.7348844997440366,
5492,0.9100562960605064,
5493,0.8020324588351542,
5494,0.6796383862455705,
5495,0.8893566686543205,
5496,0.9992468934067098,
5497,0.5397822292259655,
5498,0.776622160465013,
5499,0.833615806322033,
5500,0.7386038208489862,
5501,0.725385224634993,
5502,0.9218848040472207,
5503,0.8514007551908728,
5504,0.8430788996737606,
5505,0.8980547585849201,
5506,0.5499543657798224,
5507,0.7576257015919581,
5508,0.5608604078489023,
5509,0.8319107270772818,
5510,0.39047145142216494,
5511,0.9067621130253593,
5512,0.662130837665159,
5513,0.6998578920408711,
5514,0.7790102918608425,
5515,0.7331439119343024,
5516,0.6863573416603418,
5517,0.7249367588189682,
5518,0.6337187455282465,
5519,0.7088989619750885,
5520,0.5595615695317068,
5521,0.8192742167668023,
5522,0.5312339888015338,
5523,0.4980355687064614,
5524,0.3356785679312791,
5525,0.40077733524982084,
5526,0.5471152497911087,
5527,0.3985803587030445,
5528,0.49562464439534526,
5529,0.8088795587738103,
5530,0.7611363351155868,
5531,0.6248704131292052,
5532,0.6451390141975756,
5533,0.8708651664703354,
5534,0.6856358183557684,
5535,0.6453991966845111,
5536,0.7969529267588593,
5537,0.565046357473694,
5538,0.7405079311789295,
5539,0.8283116653024699,
5540,0.7652434425125169,
5541,0.7442555948764199,
5542,0.7385520128212716,
5543,0.7212108582017286,
5544,0.6492289738723278,
5545,0.8024792475140647,
5546,0.7895713138625192,
5547,0.8902042546525545,
5548,0.5986560396529083,
5549,0.550546443264997,
5550,0.8463903640646115,
5551,0.6219469936530861,
5552,0.7911216826192075,
5553,0.6673109523130177,
5554,0.5203905757653035,
5555,0.5554954263887988,
5556,0.7366190680715844,
5557,0.6520480186512871,
5558,1.0201809035525624,
5559,0.5645017416480955,
5560,0.6941470440959359,
5561,0.7179316600687374,
5562,0.8668576770708392,
5563,0.9369508832204727,
5564,0.7818890672232278,
5565,0.768989294781232,
5566,0.6844188881293326,
5567,0.6384632092410188,
5568,0.6892707924082446,
5569,0.9386281067043485,
5570,0.8084469345399429,
5571,0.6622978335294164,
5572,0.7496103077361264,
5573,0.9412887365045378,
5574,0.7080880033500173,
5575,0.7725301512294035,
5576,0.6882169038903789,
5577,0.9238092901938103,
5578,1.0055354617528995,
5579,0.5962342394450555,
5580,0.5720327105201519,
5581,0.8280553537216887,
5582,0.7048417069831452,
5583,0.8484162753073314,
5584,0.7191442288444937,
5585,0.6812102828647741,
5586,0.6672204270054174,
5587,0.7035025481475857,
5588,0.6465726187404196,
5589,0.7498508158592077,
5590,0.5011567946481212,
5591,0.79162055609493,
5592,0.9159880669758325,
5593,0.8440527170755174,
5594,0.7665540282130143,
5595,0.6980540425471422,
5596,0.6086384886559109,
5597,0.7440659957880285,
5598,0.8170547814185062,
5599,0.7158385165334198,
5600,0.8327941403227155,
5601,0.6675418688820389,
5602,0.8739593371344483,
5603,0.7698635568333347,
5604,0.9686551743742848,
5605,0.7665955779483353,
5606,0.8119843199937793,
5607,0.7957234729704198,
5608,0.5794629236478658,
5609,0.6191581075348872,
5610,0.4980743012732504,
5611,0.638902899577849,
5612,0.6074981434953554,
5613,0.8915709773839408,
5614,0.6806977862471494,
5615,0.6220020341314593,
5616,0.9173018257457676,
5617,0.6830241675926888,
5618,0.6267156398156774,
5619,0.8282003754921836,
5620,0.9567710964338229,
5621,0.8104503786459593,
5622,0.6856694325350011,
5623,0.851460707257977,
5624,0.7762573883287296,
5625,0.4484741493243358,
5626,0.8525599245869145,
5627,0.5969005549413885,
5628,0.6473461508805819,
5629,1.0048375657551598,
5630,0.6250491843795865,
5631,0.912014600608659,
5632,0.7446049513055049,
5633,0.8283498747137448,
5634,0.9014112454842138,
5635,0.6226215207423583,
5636,0.9750694533868861,
5637,0.8528212565718231,
5638,0.5747826056168112,
5639,0.7112321872736461,
5640,0.7003697526142996,
5641,0.8450296016297648,
5642,0.8198934960634792,
5643,0.8045993510310443,
5644,0.6328797067715253,
5645,0.8218751694606203,
5646,0.684827302818861,
5647,0.6665157872650773,
5648,0.8501391522257856,
5649,0.7720871485182703,
5650,0.6333686613006405,
5651,0.5268123468780126,
5652,0.8381532257820166,
5653,0.49495272650051686,
5654,0.8997045471585475,
5655,0.785244757749752,
5656,0.8413626928145781,
5657,0.9165745229645967,
5658,0.7026525830087696,
5659,0.4767045865553703,
5660,0.8532309804836528,
5661,0.6412441527020942,
5662,0.8739943718893869,
5663,0.6177075807681037,
5664,0.8103268466657393,
5665,0.7318384170176278,
5666,0.9436803297744553,
5667,0.8583478036915715,
5668,0.8190984128249058,
5669,0.618531249432364,
5670,0.7956024705836455,
5671,0.7973701928500829,
5672,0.8286762217232063,
5673,0.8010373245329553,
5674,0.8819095612797101,
5675,0.9883302625206998,
5676,0.7330492652567296,
5677,0.6733308858414329,
5678,0.7739268451222961,
5679,0.7717354738093881,
5680,0.9048409175702613,
5681,0.7174015973561452,
5682,0.6808740595074108,
5683,0.6516453663605194,
5684,0.492629768333462,
5685,0.7108352949514982,
5686,0.761351167933526,
5687,0.7686246232593308,
5688,0.8436295252445725,
5689,0.6757180367635476,
5690,0.7179508023311731,
5691,0.6704014011329896,
5692,0.9496798999015005,
5693,0.9001224337578365,
5694,0.7241325949624343,
5695,0.7045582305137954,
5696,0.7090993493039889,
5697,0.7233484646860906,
5698,0.524804527514844,
5699,0.7145092406208774,
5700,0.628088537386627,
5701,0.4627285798120069,
5702,0.7619427460433937,
5703,0.7482377093970526,
5704,0.5932145578885113,
5705,0.865937864662974,
5706,0.6362628975990691,
5707,0.7708225502276513,
5708,0.7905741462072435,
5709,0.6346657731200624,
5710,0.8840318403705947,
5711,0.8914864023553488,
5712,0.5755730105481197,0.7642454278857175
5713,0.7661302697635579,
5714,0.6181553473490071,
5715,0.874546673195917,
5716,0.7283096147554381,
5717,0.7109593518356019,
5718,0.7233857968530598,
5719,0.5396089327674894,
5720,0.6490315582271491,
5721,0.7447142096706036,
5722,0.8217695628504352,
5723,0.6836383825686939,
5724,0.7495503119422818,
5725,0.9144582150703993,
5726,0.826217047746177,
5727,0.7363319266675012,
5728,0.7915225942668125,
5729,0.5999778835941619,
5730,0.671771219211688,
5731,0.8853032423051157,
5732,0.8564902236280203,
5733,0.9751219739944638,
5734,0.9748699981609082,
5735,0.7416931904215532,
5736,0.6533980604346767,
5737,0.8961662704667833,
5738,0.8166120357801693,
5739,0.698354611898115,
5740,0.905992851459353,
5741,0.7555328005573705,
5742,0.7509386472624551,
5743,0.899429849626829,
5744,0.8158019720821614,
5745,0.7921829825727316,
5746,0.5947315074811544,
5747,0.7228059989672956,
5748,0.7887970300576588,
5749,0.563823024970688,
5750,0.6721118214733807,
5751,0.5182702987496952,
5752,0.8491801966451716,
5753,0.989674159040087,
5754,0.8734000270352674,
5755,0.9591090382526325,
5756,0.6669075914526305,
5757,0.934609883746447,
5758,0.7836978054440694,
5759,0.8177517785609555,
5760,0.6928653521637084,
5761,0.7267723558124346,
5762,0.7630812421526574,
5763,0.682673203327758,
5764,0.8097033632302464,
5765,0.8796421258922139,
5766,0.6695417529381835,
5767,0.8276383662850069,
5768,0.9296959034836025,
5769,0.9304512648589499,
5770,0.7122274003868884,
5771,0.7914926754494582,
5772,0.7347490635203314,
5773,0.8251822521206014,
5774,0.7259894265078602,
5775,0.8332055900074828,
5776,0.7309745661529218,
5777,0.6009403098144976,
5778,0.9284348311473679,
5779,0.7341129141573857,
5780,0.6179347393950245,
5781,0.6015630382018862,
5782,0.7211790462289841,
5783,0.9139959817255469,
5784,0.9098845114788927,
5785,0.6967510766696119,
5786,0.7365949419582697,
5787,0.7213273304541482,
5788,0.8008138673697065,
5789,0.7109703128807328,
5790,0.7141298499705963,
5791,0.7399551885092513,
5792,0.7265013945736928,
5793,0.8714342073646101,
5794,0.7466845726180259,
5795,0.8970850221317945,
5796,0.6864689220158651,
5797,0.7927881862255081,
5798,0.8801686967341502,
5799,0.5754999150245282,
5800,0.860766532418042,
5801,0.7901953345164915,
5802,0.7902426954537041,
5803,0.7063756280716301,
5804,0.8071412840872749,
5805,0.6228148898846706,
5806,0.7909372008451919,
5807,0.8700689411639448,
5808,0.6881963840098612,
5809,0.7498400055917183,
5810,0.662425307264509,
5811,0.8254044650972385,
5812,0.6730659103349403,
5813,0.5916650159232885,
5814,0.9477483429239918,
5815,0.7440796511368636,
5816,0.5542028522176932,
5817,0.9278288871623257,
5818,0.9290223674871254,
5819,0.8217042398402756,
5820,0.8394867129306317,
5821,0.8438239271757385,
5822,0.6439800921866702,
5823,0.6482198678537042,
5824,0.7142525897580246,
5825,1.005938878800294,
5826,0.5338681917267215,
5827,0.8241967963255392,
5828,0.6189439594283388,
5829,0.6390557520356538,
5830,0.7162319138186517,
5831,0.5565235889948291,
5832,0.7738971628849697,
5833,0.782726039810688,
5834,0.6110894520587169,
5835,0.6268124121020096,
5836,0.751858871597356,
5837,0.7747180495051907,
5838,0.644707187535307,
5839,0.6637460862447656,
5840,0.9011979006543566,
5841,0.7355618013606109,
5842,0.8159583187239954,
5843,0.7930869034063773,
5844,0.7696981965649797,
5845,0.7594263942982739,
5846,0.9942705046441367,
5847,0.7528404252311709,
5848,0.8322464864901383,
5849,0.8713552982027146,
5850,0.6501058562949436,
5851,0.5880251826788097,
5852,0.8472323472836714,
5853,0.8382519490152467,
5854,0.580485165168402,
5855,0.7422930067946485,
5856,0.8166650583735588,
5857,0.7735434110841091,
5858,0.5882356424246213,
5859,0.8841344099771526,
5860,0.7741233931108129,
5861,0.6856749772006642,
5862,0.8442242840971259,
5863,0.86615330213457,
5864,0.8908187478930126,
5865,0.867897773120729,
5866,0.5726524095023531,
5867,0.6643470866141544,
5868,0.6692698265646557,
5869,0.625271051078837,
5870,0.8349836036105714,
5871,0.7605448553991137,
5872,0.6512635955612459,
5873,0.69999816161605,
5874,0.8403446092412356,
5875,0.8086751538392544,
5876,0.5823944844421344,
5877,0.6372602612765572,
5878,0.7657717038666959,
5879,0.37823807036946616,
5880,0.7590602201764327,
5881,0.49996750024949993,
5882,0.4390915140190788,
5883,0.7760795202919232,
5884,0.810317195088143,
5885,0.6960549930721196,
5886,0.7177212623584448,
5887,0.6933165069265008,
5888,0.8396077521657601,
5889,0.6894852125690611,
5890,0.8139433780324405,
5891,0.654473318075555,
5892,0.5986773731389716,
5893,0.38617761670729805,
5894,0.7998559234856628,
5895,0.5840830176945477,
5896,0.8026329631736279,
5897,0.8086928996543927,
5898,0.8346541531711162,
5899,0.6961165362641187,
5900,1.0207183902897483,
5901,0.852864859771962,
5902,0.6586827915614739,
5903,0.7510050777554736,
5904,0.806064288412859,
5905,0.6293608328155933,
5906,0.8337443222469443,
5907,0.8883064928966904,
5908,0.653645735823184,
5909,0.8183547705588292,
5910,0.8017146907348879,
5911,0.6456719314341416,
5912,0.6559784563702717,
5913,0.9262746313738205,
5914,0.7601379265904453,
5915,0.8005234099916444,
5916,0.6683497060958457,
5917,0.792722138957018,
5918,0.6445226264065489,
5919,0.7100393785570123,
5920,0.7852965528074297,
5921,0.677817963615773,
5922,0.7882969733999198,
5923,0.8306083845560218,
5924,0.6286380983543807,
5925,0.7538383005108521,
5926,0.690529972957495,
5927,0.7956711137753791,
5928,0.5150673569888642,
5929,0.8066407439485301,
5930,0.6324452376491126,
5931,0.8780497951744219,
5932,0.8599713438225992,
5933,0.7068011090744336,
5934,0.7497308730274672,
5935,0.840362189577593,
5936,0.778049326171124,
5937,0.95015900138609,
5938,0.8415986330093033,
5939,0.606384714959014,
5940,0.5779633294175068,
5941,1.0841249608894936,
5942,0.7753716906588898,
5943,0.8787614929055937,
5944,0.7557409472078273,
5945,0.5297631431346221,
5946,1.0478185958307364,
5947,0.8622237943663238,
5948,0.7959100870985116,
5949,0.7856215278741454,
5950,0.891615703651662,
5951,0.8462241498462343,
5952,0.6211946000663588,
5953,0.7092924079343561,
5954,0.8665821214994155,
5955,0.6237497865216313,
5956,0.9846911016068196,
5957,0.7481545188534011,
5958,0.5787398018616821,
5959,0.9752760377419268,
5960,0.6731718838245849,
5961,0.8816008122111882,
5962,0.5907735054359188,
5963,0.6688149477102867,
5964,0.7383800010288117,
5965,0.6831095505444889,
5966,0.5054113608238819,
5967,0.6822172154601117,
5968,0.7126533566483363,
5969,0.7260722911719473,
5970,0.575412110022783,
5971,0.7185536875561876,
5972,0.6333115420422726,
5973,0.9174015003749761,
5974,0.6021758983068248,
5975,0.7952712638575414,
5976,0.79544855739161,
5977,0.7340811950365269,
5978,0.7971700806964147,
5979,1.0524321418536287,
5980,0.7763500905337148,
5981,0.7916176317848497,
5982,0.6020979427807456,
5983,0.8897072956190734,
5984,0.7915197255143576,
5985,0.8291127779126665,
5986,0.7507795919283732,
5987,0.7819901552339443,
5988,0.7941214345543287,
5989,0.6481139636381299,
5990,0.7280921969544665,
5991,0.8504125745173257,
5992,0.5111919216555322,
5993,0.7834854975709906,
5994,0.7148731717978347,
5995,0.7767511740174976,
5996,0.8480788301787021,
5997,0.7445790099717913,
5998,0.6224168048672166,
5999,0.8833040759271317,
6000,0.7300288356763183,
6001,0.490731393141751,
6002,0.7559175385634943,
6003,0.6149958961160571,
6004,0.8248160431696474,
6005,0.7991337031993136,
6006,0.6657834040116581,
6007,0.9473787303119043,
6008,0.8694299622306175,
6009,0.7911185904348776,
6010,0.8592840038505719,
6011,0.9210594269213154,
6012,0.7447066133119659,
6013,0.9080173304443455,
6014,0.7861051061482764,
6015,0.8609091333207353,
6016,0.8481582926498694,
6017,0.7585030333076415,
6018,0.7099847751739541,
6019,0.7253079537015593,
6020,0.8206525157694655,
6021,0.6216635193096346,
6022,0.7480621612235172,
6023,0.736258754374268,
6024,0.7214346322400328,
6025,0.9304514369740357,
6026,0.7254006603769917,
6027,0.9508994463094957,
6028,0.6554563671371036,
6029,0.567510994683841,
6030,0.8020982412162484,
6031,0.6777238924409471,
6032,0.8769390234467112,
6033,0.7675975217421949,
6034,0.6989275055896972,
6035,0.8828114898500325,
6036,0.8294545565560736,
6037,0.6229973017617303,
6038,0.8272617736412672,
6039,0.6020409199901119,
6040,0.8018358887632151,
6041,0.8761253268371589,
6042,0.7903644871605142,
6043,0.8143518615604476,
6044,0.937876389801174,
6045,1.016731349937221,
6046,0.7441942015537747,
6047,0.730959925473752,
6048,0.8591974122744613,
6049,0.517366051271393,
6050,0.7836397917547593,
6051,0.6566162428108596,
6052,0.8799278480661545,
6053,0.9546457151569678,
6054,0.7168449561840287,
6055,0.7574395823052423,
6056,0.8696043497358551,
6057,0.7865529680556699,
6058,0.9151978343699753,
6059,0.7414332237655088,
6060,0.699383977185849,
6061,0.7488698139601092,
6062,0.5424688773236389,
6063,0.7953040690406314,
6064,0.9251758016239456,
6065,0.5535581573010699,
6066,0.6762602498447675,
6067,0.9013322406953276,
6068,0.5740703229097114,
6069,0.8952688389086938,
6070,0.7256484025203049,
6071,0.6495818315748048,
6072,0.8377281785250263,
6073,0.6418703406709434,
6074,0.8416817251413071,
6075,0.9445278710628168,
6076,0.7042776580782485,
6077,0.6560005249897183,
6078,0.7901339861994625,
6079,0.9276188083433178,
6080,0.6875627381686379,
6081,0.775378376494225,
6082,0.7169446536170138,
6083,0.6815392946977742,
6084,0.6714010327739128,
6085,0.7642935582224759,
6086,0.76658365136828,
6087,0.7714396744268615,
6088,0.8107994074529897,
6089,0.6333154114030631,
6090,0.8061784179896857,
6091,0.6318647327219642,
6092,0.8046461281999157,
6093,0.9809404112738264,
6094,0.6376746159645476,
6095,0.743709803176304,
6096,1.0732338512518254,
6097,0.7373372288150644,
6098,0.5414597051096962,
6099,0.4435944626715444,
6100,1.1871030726448817,
6101,0.8219563666894907,
6102,0.6139845395614258,
6103,0.5532720604649708,
6104,0.8876962546103775,
6105,0.7244713000184615,
6106,0.6567872469037497,
6107,0.7699884998778502,
6108,0.7968859826588715,
6109,0.7626670167092463,
6110,0.7829657403645695,
6111,0.6761443408824426,
6112,0.746081715606663,
6113,0.7405034660721053,
6114,0.7708589238989545,
6115,0.6807969042203298,
6116,0.7631138648871183,
6117,0.4880803189582947,
6118,0.6786725474789107,
6119,0.914160044610523,
6120,0.5816203790207697,
6121,0.7987764838157049,
6122,0.9562857679633303,
6123,0.629435229132406,
6124,0.7217183524856725,
6125,0.9493122158420269,
6126,0.732147147182792,
6127,0.679420359889682,
6128,0.862638315665492,
6129,0.8105924866715225,
6130,0.8034442285262052,
6131,0.8422576803856319,
6132,0.6140751221948532,
6133,0.840946468787036,
6134,0.783995445946414,
6135,0.8066231258924329,
6136,0.8482109603048507,
6137,0.9582689031277318,
6138,0.5648801712027395,
6139,0.7177166085707449,
6140,0.6219772371346035,
6141,0.6756915735501392,
6142,0.9597473364439622,
6143,0.7990263235048582,
6144,0.7376871202674165,
6145,0.6719230680031322,
6146,0.7220873760240147,
6147,0.7601614773344734,
6148,0.6754169866606192,
6149,0.8661942311914299,
6150,0.8226350152001453,
6151,0.8763555271175301,
6152,0.7886190126652748,
6153,0.8800609368617252,
6154,0.7140910145658328,
6155,0.8776849600694878,
6156,0.7482431669992133,
6157,0.6650539828867498,
6158,0.7214644633645664,
6159,0.8253657979373882,
6160,0.8347202967006258,
6161,0.7474091524362912,
6162,0.9701720282698141,
6163,0.6974142858362077,
6164,0.8592864616447712,
6165,0.7083718651607066,
6166,0.6058582873031059,
6167,0.6947725587366342,
6168,0.7737856454038201,
6169,0.6399678710096949,
6170,0.8834304334962116,
6171,0.7365415505384585,
6172,0.8503174815702567,
6173,0.8280615209076043,
6174,0.7893004294201753,
6175,0.8731734075810139,
6176,0.684500414132241,
6177,0.8676227213128889,
6178,0.8341987687876596,
6179,0.8917979056598394,
6180,0.7590822092351429,
6181,1.052439442529369,
6182,0.781969908198309,
6183,0.9346764880774422,
6184,0.7787238442431459,
6185,0.744540623069923,
6186,0.752411492251673,
6187,0.7183274255715457,
6188,0.7158392613452572,
6189,0.7737947343976178,
6190,0.5868076238629508,
6191,0.683549658502369,
6192,0.8516797101716251,
6193,0.7972366753427235,
6194,0.97101070685658,
6195,0.8006421655720763,
6196,0.8479065289050218,
6197,0.6457679242234267,
6198,0.7338897870501538,
6199,0.6787443083746084,
6200,0.6530453949480118,
6201,0.9078619137259621,
6202,0.7235885152692026,
6203,0.7895223455497615,
6204,0.6916821125649767,
6205,0.7369775293461789,
6206,0.4964193990150036,
6207,0.887447207042605,
6208,0.8021836507168425,
6209,0.7694491964117228,
6210,0.7338933791884706,
6211,0.9535630127579788,
6212,0.8397495717501791,
6213,0.9534075374952709,
6214,0.8821868199694922,
6215,0.6776446052740361,
6216,0.6959556368838681,
6217,0.7729131365192181,
6218,0.73847144858263,
6219,0.6405220328259413,
6220,0.6690387177466559,
6221,0.7880331591148326,
6222,0.6703887875160708,
6223,0.5762260436678248,
6224,0.9034564864372366,
6225,0.6667482464724969,
6226,0.7019026249805401,
6227,0.7238360319231483,
6228,0.8377309468175527,
6229,0.7619176245633805,
6230,0.8866752381930587,
6231,0.44069179541292514,
6232,0.7140294168978967,
6233,0.6399560140148906,
6234,0.6975178465039581,
6235,1.000864638113282,
6236,0.8048421491827874,
6237,0.8193646182656875,
6238,0.8074168022704393,
6239,0.7214089048325518,
6240,0.7074819892973647,
6241,0.55107756776845,
6242,0.8275961417018407,
6243,0.9392491503231124,
6244,0.779789605278261,
6245,0.730472779773653,
6246,0.9230640153773131,
6247,0.7323463233127009,
6248,0.6884688526282792,
6249,1.0171451442003514,
6250,0.738667072695215,
6251,0.8238675101718883,
6252,0.7791424231927048,
6253,0.6101052451308537,
6254,0.8328164924010071,
6255,0.9116301053502627,
6256,0.9042101002649822,
6257,0.7589502936071706,
6258,0.5294656770489118,
6259,0.8301642100852016,
6260,0.6576156066620144,
6261,0.8230393597966781,
6262,0.8422267997971986,
6263,0.9085444545980959,
6264,0.6519936956862707,
6265,0.7070873913412294,
6266,0.48568318971729413,
6267,0.6987993120216123,
6268,0.709767576252805,
6269,0.7587614161936203,
6270,0.6806520225454863,
6271,0.7349625780761444,
6272,0.9059583868337499,
6273,0.7849112365669009,
6274,0.7187550656369952,
6275,0.7903487130899406,
6276,1.006228154960648,
6277,0.8423347210063605,
6278,0.970513373137134,
6279,0.8199814212459835,
6280,1.0022467463839457,
6281,0.8207805403543034,
6282,0.7968409377559182,
6283,0.6932076051004492,
6284,0.7939034319024916,
6285,0.7917155071383232,
6286,0.893916663427119,
6287,0.9435973515630327,
6288,0.7921321319802818,
6289,0.7292917233136382,
6290,0.622825629731053,
6291,0.9132837184603216,
6292,0.8010690120818558,
6293,0.7326323648399202,
6294,0.5661067055112685,
6295,0.9342035466809825,
6296,0.5409373891173874,
6297,0.755694380912283,
6298,0.8145827569277518,
6299,0.769629600419864,
6300,0.8591258566959891,
6301,0.675097624638237,
6302,0.9915085363764798,
6303,0.8291714405525337,
6304,0.605696035270564,
6305,0.6531850849490866,
6306,0.9272162181114989,
6307,0.7728690773205514,
6308,0.5969293393047687,
6309,0.8086967223378798,
6310,0.7416450128983927,
6311,0.8073554014412703,
6312,0.8205293442283196,
6313,0.5442561364271569,
6314,0.7207012366435684,
6315,0.6915966056537529,
6316,0.8513562612503865,
6317,0.5947739481882176,
6318,0.7806726508817197,
6319,0.5284827546741913,
6320,0.8897604345445737,
6321,0.6883197078119064,
6322,0.7821201006806237,
6323,0.8328782685957614,
6324,0.6601662517564473,
6325,0.9108310423770392,
6326,0.8213599880156417,
6327,0.7355675065548765,
6328,0.7829025501871988,
6329,0.8328711698191159,
6330,0.6066387608252396,
6331,0.650651228522005,
6332,0.7974960059273956,
6333,0.8322217224302588,
6334,0.6150865526322491,
6335,1.0547490327978082,
6336,0.8940749421271473,
6337,0.7253531883265676,
6338,0.5450554813414756,
6339,0.7849575650413615,
6340,0.6562689703737874,
6341,0.6388595247828811,
6342,0.9243817499925635,
6343,0.7284519872355905,
6344,0.7165812772680669,
6345,0.9383123111395698,
6346,0.615799706487748,
6347,0.807190809796972,
6348,0.7415865931545644,
6349,0.8070211213251005,
6350,0.492995084943715,
6351,0.7412363995707599,
6352,0.5092059727415821,
6353,0.8088665734812698,
6354,0.6255192414391502,
6355,0.8373702735445983,
6356,0.8073186809190807,
6357,0.5789259324859936,
6358,0.7460544822759675,
6359,0.9334509653082993,
6360,0.7560268597005021,
6361,0.6679584193931971,
6362,0.8351586879094829,
6363,0.7792236732694453,
6364,0.7066503168242364,
6365,1.1009280621947168,
6366,0.8828201474370212,
6367,0.42917358364546476,
6368,0.7430730275889279,
6369,0.7965961127871355,
6370,0.9757982178405382,
6371,0.7268836485928143,
6372,0.8298250735419763,
6373,0.717900667180394,
6374,0.9133962587540293,
6375,0.8267641232846114,
6376,0.6435027952474418,
6377,0.622317377506781,
6378,0.5292482251542306,
6379,1.1497233315060116,
6380,0.7450839925706689,
6381,0.934274374137746,
6382,0.8475762854518207,
6383,0.8893982186127202,
6384,0.7126014166682905,
6385,0.8388368628733958,
6386,0.7146834838838483,
6387,0.6224617660196573,
6388,0.8727822272945737,
6389,0.8574109589011712,
6390,0.701075746436935,
6391,0.8156586995025343,
6392,0.8761512291042134,
6393,0.6263042019981458,
6394,0.805795090804441,
6395,0.6847470665422338,
6396,0.8804074990765348,
6397,0.8152087894880826,
6398,0.8403230004080183,
6399,0.9521288537073633,
6400,0.5417762933351887,
6401,0.7881943584995195,
6402,0.8955284990071408,
6403,0.8636088944301177,
6404,0.6929201180613844,
6405,0.8246828081865836,
6406,0.7290560060983238,
6407,0.7140090044865148,
6408,0.7160734742168918,
6409,0.9465279997863063,
6410,0.5332911010683612,
6411,0.6176871441964663,
6412,0.6507504945386514,
6413,0.7387443609894405,
6414,0.8990817409252835,
6415,0.6735973457988367,
6416,0.3860657921826841,
6417,0.6338677234203219,
6418,0.6948445165460243,
6419,0.8089622700719197,
6420,0.6495347284660791,
6421,0.7212047144284436,
6422,0.46838985779633824,
6423,0.6402127543030567,
6424,0.8201830947098278,
6425,0.7899421366941851,
6426,0.754998265433293,
6427,0.9905361319111408,
6428,0.9087420438824797,
6429,0.5479505784335215,
6430,0.7213228708583815,
6431,0.8263838478381842,
6432,0.7600515726191438,
6433,0.7467773803983362,
6434,0.7926019936965156,
6435,0.6077987869593835,
6436,0.734898899354882,
6437,0.7369920091074148,
6438,0.7178136197476515,
6439,0.8481577504561116,
6440,0.7947818334435238,
6441,0.821070038766547,
6442,0.9522442074345947,
6443,0.4860977584667238,
6444,0.7866662597576168,
6445,0.7278710732094913,
6446,0.6996292037213698,
6447,0.6535640384719964,
6448,0.6390711922107549,
6449,0.8637779182362144,
6450,0.6502135842929928,
6451,0.667505653180659,
6452,0.7802714325024371,
6453,0.6564072100433371,
6454,0.8258877428360816,
6455,0.6870195719485636,
6456,0.7791061248562023,
6457,0.7537919521566124,
6458,0.8101630565954833,
6459,0.7888102477769412,
6460,0.8431990110577107,
6461,0.7557059040608433,
6462,0.8015815681370347,
6463,0.7359815296253187,
6464,0.6462169419603593,
6465,0.9342863893554351,
6466,0.8466855984532656,
6467,0.7970074856043246,
6468,0.6142130871738707,
6469,0.7743694832803735,
6470,0.6302825525283695,
6471,0.6558816972503219,
6472,0.8416153798267184,
6473,0.6525941466974495,
6474,0.8550025345902847,
6475,0.819239320918695,
6476,0.7163372412822483,
6477,0.7387007004268196,
6478,0.687129072899515,
6479,0.7232006004300895,
6480,0.6816640209763614,
6481,0.9183042319633252,
6482,0.8219019431192623,
6483,0.7614134725341702,
6484,0.7633247949208248,
6485,1.020266133836223,
6486,0.7069781441589229,
6487,0.8007963082409154,
6488,1.0608760747648434,
6489,0.8895488950663389,
6490,0.7861823698447192,
6491,0.7840411650640712,
6492,0.8026565641254269,
6493,0.7863918011451885,
6494,0.6162873761339872,
6495,0.8980319348667437,
6496,0.9441399538115981,
6497,0.8366122258834334,
6498,0.8729909186768398,
6499,0.6140896869778462,
6500,0.881903749560236,
6501,0.9196468842673764,
6502,0.7861001864418922,
6503,0.8740296159402846,
6504,0.6727470272608925,
6505,0.7386715000622739,
6506,0.6884737793304683,
6507,0.7819814280096505,
6508,0.7280111855485393,
6509,0.6328279416478617,
6510,0.7227266662038075,
6511,0.96674999939892,
6512,0.8031397916200624,
6513,0.8294740023269946,
6514,0.8953381650551477,
6515,0.6313652442026403,
6516,0.8022263848229026,
6517,0.7009440121694377,
6518,0.7532440627118012,
6519,0.9174822692497966,
6520,0.6342649752944783,
6521,0.8182208368632721,
6522,0.8901625699671809,
6523,0.6958603986270516,
6524,0.6516265515294876,
6525,0.8535942328270268,
6526,0.6928952614242149,
6527,0.7512806630965576,
6528,0.9368036001110026,0.7696709017472244
6529,0.8875811453162961,
6530,0.6952847385342488,
6531,0.6369014168475957,
6532,0.7782320002176679,
6533,0.865438753896307,
6534,0.7581344605144691,
6535,0.7121063067820838,
6536,0.6497907130485582,
6537,0.8553962436778398,
6538,0.9678764505363335,
6539,0.7275287144092552,
6540,0.7104177432844863,
6541,0.8083003425201118,
6542,0.741195489063391,
6543,0.932869693721523,
6544,0.8144654027110032,
6545,0.8622425338514818,
6546,0.7681087343317595,
6547,0.7872434356897536,
6548,0.7231544065141979,
6549,0.866949611537292,
6550,0.8155044068535319,
6551,0.9133284662959584,
6552,0.7808642669199106,
6553,0.8817469383147414,
6554,0.7681840661818983,
6555,0.9096495252465603,
6556,0.8261986061581472,
6557,0.7005666238290694,
6558,0.6013730999955932,
6559,0.9122158397014071,
6560,0.9912922360688179,
6561,0.5886993606619355,
6562,0.8063983206649428,
6563,0.8454203443015367,
6564,0.6687307238520127,
6565,0.8106884947921141,
6566,0.7994489233970223,
6567,0.5794078310802335,
6568,0.8413091754597092,
6569,0.830144308721774,
6570,0.7421557042070827,
6571,0.8586501310875357,
6572,0.6289999009127984,
6573,0.6891669117535236,
6574,0.788785106031197,
6575,0.8841825491376489,
6576,0.8155092032169128,
6577,0.63053423295262,
6578,0.6844125543902813,
6579,0.693593164694773,
6580,0.8379772785834391,
6581,0.6378407551552252,
6582,0.8841819491338674,
6583,1.062464885657017,
6584,0.6931756673733177,
6585,0.6233137486862272,
6586,0.96429694119843,
6587,0.7418082083754843,
6588,0.7814510359455326,
6589,0.7904015352166261,
6590,0.6494802243467277,
6591,0.9651941724460987,
6592,0.8401968796884428,
6593,1.0382766092155837,
6594,0.8286734879552469,
6595,0.6624512646540182,
6596,0.49837712729002676,
6597,0.8476795391539115,
6598,0.8836419042930307,
6599,0.8134365386503387,
6600,0.5475714953939322,
6601,0.821926417762472,
6602,0.6864530811034083,
6603,0.8572003542249079,
6604,0.84131805479072,
6605,0.7825277036033319,
6606,0.8194823780376269,
6607,0.622473015486125,
6608,0.7355779092726689,
6609,0.9473598426302915,
6610,1.068720729925762,
6611,0.8243771678592398,
6612,0.6556842018225463,
6613,0.8411281680015168,
6614,0.8964497121942853,
6615,1.0127161923662258,
6616,0.7929126924493652,
6617,0.7987025176498658,
6618,0.755878925462255,
6619,0.7988116240408094,
6620,0.7300077857640126,
6621,0.9375394788346296,
6622,0.838834352166362,
6623,0.7628429802608266,
6624,0.8708687280420122,
6625,0.8556237051768658,
6626,0.5294800816153822,
6627,0.7969422004278656,
6628,0.818702213410645,
6629,0.851834309998193,
6630,0.6346338856709747,
6631,0.8500806012614357,
6632,0.6389774511816745,
6633,0.7699471542912061,
6634,0.7253253772461367,
6635,0.7632374445622252,
6636,0.6101622951829188,
6637,0.599831490798491,
6638,0.6886149924850239,
6639,0.7374776062338654,
6640,0.8852256248235527,
6641,0.8207124021641586,
6642,0.8737076851163817,
6643,1.0134974133655645,
6644,0.8520740272236881,
6645,0.5939183130465663,
6646,0.8764334579194916,
6647,0.7008366230142886,
6648,0.881877230451222,
6649,0.9546068006037427,
6650,0.8439528722427988,
6651,0.5781158083899561,
6652,0.6717930534781089,
6653,0.7527534992515077,
6654,0.7712076032869659,
6655,0.6657084131345608,
6656,0.7625690983212828,
6657,0.6860148687185317,
6658,0.7702021466450567,
6659,0.9208095583822642,
6660,0.4318466931993968,
6661,0.5466841334581841,
6662,0.5850375124157783,
6663,0.7228749381753996,
6664,0.7788434471120649,
6665,0.6998518305147816,
6666,0.731359088130346,
6667,0.6020092217696825,
6668,0.6351163355784404,
6669,0.6931407185440732,
6670,0.535846197654765,
6671,0.7906327131462478,
6672,0.9183925464266479,
6673,0.5486279527971637,
6674,0.854508569413925,
6675,0.6516245434507195,
6676,0.9416706029601744,
6677,0.6986143727985409,
6678,0.8895567677409445,
6679,0.7399598236187176,
6680,0.810619771437061,
6681,0.8189019641208862,
6682,1.0941996204911948,
6683,0.8682044741426519,
6684,0.590417718718698,
6685,0.7595177822318285,
6686,0.8330411276683676,
6687,0.7414337119213551,
6688,0.6296701801067873,
6689,0.8153632856300024,
6690,0.7591883490818836,
6691,0.7181378778995261,
6692,0.928751539985379,
6693,0.8424837024501477,
6694,0.8844347422418811,
6695,0.7723203662685626,
6696,0.7000616265317033,
6697,0.7232835653068681,
6698,0.9620677795302172,
6699,0.9325929459499683,
6700,0.8614872925113429,
6701,0.6159255527939503,
6702,0.9150898982503523,
6703,0.683361125960892,
6704,0.6900128984750099,
6705,0.7600893837426167,
6706,0.5802758063450546,
6707,0.8649032743690505,
6708,0.7663834165452067,
6709,1.0266131992733427,
6710,0.8059475440147855,
6711,0.9286715777332417,
6712,0.7484915123632315,
6713,0.9015594094184042,
6714,0.9143224029728041,
6715,0.7471370933606031,
6716,0.8932922330198978,
6717,0.7807140052741548,
6718,0.7491218419507532,
6719,0.6982969098912055,
6720,0.65716899217512,
6721,0.8213674110214736,
6722,0.9112943276158706,
6723,0.8631285907412571,
6724,0.6839382733511077,
6725,0.9082980376912676,
6726,0.7021578881178593,
6727,0.7904299019456755,
6728,0.4452556838792001,
6729,0.8136526352687958,
6730,0.8336860895076218,
6731,0.9623950181639177,
6732,0.7742378887925949,
6733,0.7062860596155864,
6734,0.5343159670726306,
6735,0.7677221533296757,
6736,0.7267225011965122,
6737,0.7160588063560399,
6738,0.7187741201757237,
6739,0.7399185638417123,
6740,0.8579894662479193,
6741,0.8880269527792343,
6742,0.7480037664316794,
6743,0.9020067954706151,
6744,0.7934714337023164,
6745,0.9176646075626113,
6746,0.676753364445113,
6747,0.5048131682205964,
6748,0.6820765295603233,
6749,0.9753316748780096,
6750,0.6581209850718341,
6751,0.8843848902671374,
6752,0.6966151780581681,
6753,0.9787193473723639,
6754,0.9300524117964792,
6755,0.6158799230625943,
6756,0.7824343167674034,
6757,0.9425400703029102,
6758,0.5585756635895708,
6759,1.1379922257812778,
6760,1.0567903540402988,
6761,0.9010620071548034,
6762,0.8771662470407383,
6763,0.7934813420320945,
6764,0.6887532371088939,
6765,0.9981060965011882,
6766,0.818573919586157,
6767,0.5023773786358232,
6768,0.6615880712883154,
6769,0.8406013847199981,
6770,0.8276785978308995,
6771,0.9246765120397177,
6772,0.7019317172415482,
6773,0.8616073933184688,
6774,0.8836426388742721,
6775,0.8967344667406444,
6776,0.8045763691808306,
6777,1.0326415531424378,
6778,0.862724750799456,
6779,0.8641613039309598,
6780,0.7348057889340299,
6781,0.669125819841839,
6782,0.8392180654231972,
6783,0.8597891742727546,
6784,0.7638208833185788,
6785,0.58001057458806,
6786,0.8085346226684588,
6787,0.5503204525568499,
6788,0.7849640159489006,
6789,0.8901096287678323,
6790,0.6270366051559707,
6791,0.6902764508165231,
6792,0.7959651081531035,
6793,0.7511925722883054,
6794,0.7456009150127596,
6795,0.9838051547661628,
6796,0.8417237105061686,
6797,0.809703705466464,
6798,0.8651434993058017,
6799,0.755060597204524,
6800,1.1509969411494299,
6801,0.8551822114208643,
6802,1.0208199081429568,
6803,0.5741756496043869,
6804,0.6011467573769655,
6805,0.9147854247122241,
6806,0.6962584338482809,
6807,1.118059582505505,
6808,0.5884233868037179,
6809,0.7969082186295627,
6810,0.7304187376020231,
6811,0.6433924340190897,
6812,0.807104091696453,
6813,0.777059414737177,
6814,0.8887528578296954,
6815,0.6191732047416265,
6816,0.8878460163164802,
6817,0.7794449034056938,
6818,0.9635467191644594,
6819,0.6349340816315651,
6820,0.7401374895146831,
6821,0.7647657746962477,
6822,0.8950578051580835,
6823,0.5975598457462495,
6824,0.7113993982294062,
6825,0.9028838903811556,
6826,0.7444483038495225,
6827,0.87550531886157,
6828,0.6677224077343451,
6829,0.8247527955026608,
6830,0.5520624225291535,
6831,0.5830777291467368,
6832,0.806965086621785,
6833,0.9123844470172581,
6834,0.7265369878603831,
6835,0.6728850592845906,
6836,0.6801959143841645,
6837,0.6121543368106426,
6838,0.6272248199356371,
6839,0.8434682770060664,
6840,0.6259376259894553,
6841,0.776545499167288,
6842,0.5794328502069994,
6843,0.7781928859357641,
6844,0.6854862928957021,
6845,0.8365000478595432,
6846,0.4246462142513722,
6847,0.7737135297983049,
6848,0.950223132301607,
6849,0.6069774516229217,
6850,0.6639217501482708,
6851,0.9354294301520699,
6852,0.7043561573950713,
6853,0.7301695390065688,
6854,0.7462989241997137,
6855,0.8517243640955284,
6856,0.8986930767478163,
6857,0.8156754324872573,
6858,0.8210156034525726,
6859,0.9306429647710718,
6860,0.8505505226206962,
6861,0.8930549495875364,
6862,0.6668598249611051,
6863,0.8344476758364121,
6864,0.9542552819963572,
6865,0.9610996424827472,
6866,0.9183107787846249,
6867,0.7198358362307647,
6868,0.7964563300248826,
6869,0.7369009384414398,
6870,0.6393078139588452,
6871,0.8690657424537929,
6872,0.7146253548736026,
6873,0.5907806987929538,
6874,0.8090219767079955,
6875,0.7671830763291339,
6876,0.9123396466261172,
6877,0.7500439985333053,
6878,0.6062673745904524,
6879,0.849977117469207,
6880,0.8243936759576568,
6881,0.835534550691281,
6882,0.7707547924202184,
6883,0.8031558426987899,
6884,0.5709588350086622,
6885,0.9191362027718118,
6886,0.671819031599609,
6887,0.8498657282322689,
6888,0.6171601220797929,
6889,0.828169028525597,
6890,0.668453317929818,
6891,0.7801439074162311,
6892,0.5017547405010052,
6893,0.5235345742830952,
6894,0.6487294187146019,
6895,1.0032266292624041,
6896,0.7448829029104856,
6897,0.8297238745335231,
6898,0.7649990257700858,
6899,0.8538246136291211,
6900,0.8177141602379133,
6901,0.4848496776044671,
6902,0.8105910602299031,
6903,0.7002473175597422,
6904,0.6903469980295238,
6905,0.9269022780351425,
6906,0.6858034420992047,
6907,0.7899528271580664,
6908,0.5265168720199055,
6909,0.812244987395521,
6910,0.8436254923950435,
6911,1.014842250058869,
6912,0.6267825355823482,
6913,0.8062801765054655,
6914,0.9887987579226394,
6915,0.8121100197238916,
6916,0.8197560111417522,
6917,0.8236032311427737,
6918,0.9535723862957658,
6919,0.6013010428585196,
6920,0.7730779323464922,
6921,0.7814260479137218,
6922,0.9155558113645131,
6923,0.8662466544457019,
6924,0.8797495596479686,
6925,0.6711080289719287,
6926,0.9682213823679475,
6927,0.7712556211826278,
6928,0.6967428530585821,
6929,0.6467509134203189,
6930,0.6016367666219158,
6931,1.0435397657625156,
6932,0.7647163705870648,
6933,0.7714183560228058,
6934,0.5998733746419203,
6935,0.6517181535183962,
6936,0.6192929935911788,
6937,0.780022380209297,
6938,0.8374272206635014,
6939,0.8646005833510269,
6940,0.8708577816014643,
6941,0.6906227524694866,
6942,0.5797995877487934,
6943,0.6306881884181741,
6944,0.7243538996985239,
6945,0.8173882428396069,
6946,0.9086637874320104,
6947,0.9427748141056236,
6948,0.6849773923032058,
6949,0.8603359381208554,
6950,0.7264723855928024,
6951,0.8818792078674613,
6952,0.6348901850312424,
6953,0.8767446251709016,
6954,0.5929043302922546,
6955,0.8353630515745388,
6956,0.8094644094044777,
6957,0.975317799632299,
6958,0.7812721701629869,
6959,0.5878331503248089,
6960,0.9273658923262499,
6961,0.9033173578833665,
6962,0.6638402559378931,
6963,0.7560274269722926,
6964,0.7967808494797086,
6965,0.6212642201259037,
6966,0.8066342604314136,
6967,0.7546473834050291,
6968,0.9374719552503351,
6969,0.7317962138952698,
6970,0.9116108488653679,
6971,0.6314541042855625,
6972,1.0234309557788512,
6973,0.57780039457708,
6974,0.933186052128282,
6975,0.7286179299511291,
6976,0.7975648939957353,
6977,0.8047080075317294,
6978,0.7329476609281514,
6979,0.7004137583154049,
6980,0.8151880423406983,
6981,0.6996679398571923,
6982,0.848450248424919,
6983,0.8694866554890078,
6984,0.74615613128923,
6985,0.7638843396285624,
6986,0.7332424795542825,
6987,0.6273086111362807,
6988,0.7077057774243631,
6989,0.8096101975198123,
6990,0.9739062964016841,
6991,0.6362522541441104,
6992,0.6442145306233634,
6993,0.8698378329314072,
6994,0.7803578571179621,
6995,0.8534212470712386,
6996,0.9586004168607068,
6997,0.8756736625858306,
6998,0.6491509586915641,
6999,0.7768565942079697,
7000,0.9253070969370731,
7001,0.8131008096588072,
7002,0.7074636100030031,
7003,0.5669383674744255,
7004,0.8946251784262583,
7005,0.8715022909510561,
7006,0.6656711664607051,
7007,0.5862712358536503,
7008,0.6870723859299728,
7009,0.8782940206507391,
7010,0.9642649812612276,
7011,0.6173750559027074,
7012,0.6265333069816004,
7013,0.6799570619324662,
7014,0.6554620001017799,
7015,0.7526644810246519,
7016,0.7191028724116835,
7017,0.6191745730611473,
7018,0.7865251555968608,
7019,0.6674374971546863,
7020,0.7419891927382208,
7021,0.7236996650561667,
7022,0.5927768244840514,
7023,0.7416898352302896,
7024,0.8796134045414206,
7025,0.5940585346651255,
7026,0.8944612799723691,
7027,0.9321974514254536,
7028,0.6855173461956717,
7029,0.5356435153755001,
7030,0.5518637844526695,
7031,0.8823751060626478,
7032,0.819139937743593,
7033,0.6269417683706385,
7034,0.6651588594702706,
7035,0.7656946934922277,
7036,0.7629282910135933,
7037,1.0141281689472268,
7038,0.659024114644182,
7039,0.8370704169947233,
7040,0.6543727145384262,
7041,0.6193160607788468,
7042,0.7242948580318509,
7043,0.8499629722169664,
7044,0.9001157742303513,
7045,0.6469591370877865,
7046,0.7388976495000369,
7047,0.8079150477474604,
7048,0.7492984577623122,
7049,0.7483663704755784,
7050,0.8082968114837349,
7051,0.847947173622167,
7052,0.8712522071096381,
7053,0.8466449478818833,
7054,0.8025916620400915,
7055,0.8069031722021988,
7056,0.637195057899076,
7057,0.7301782850213143,
7058,1.0454435625898186,
7059,0.611562802139345,
7060,0.9015032327328046,
7061,0.8583743216442706,
7062,0.8855041403579343,
7063,1.0388332783135292,
7064,0.6536960986635577,
7065,0.9343497813302768,
7066,0.7508070602343365,
7067,0.8845220658872927,
7068,0.6902892995285707,
7069,0.6868928623229417,
7070,0.7031730679639256,
7071,0.8769983855339258,
7072,0.8342704246285955,
7073,0.7393398817876493,
7074,0.8965454004578912,
7075,0.7575694628424401,
7076,0.9429121988020633,
7077,0.7452766217834186,
7078,0.6190336998360007,
7079,0.7550171684560091,
7080,0.8131904697220382,
7081,0.9075992267116108,
7082,0.7654768286389257,
7083,0.6137392371281108,
7084,0.8096973999999518,
7085,0.9257196701827948,
7086,0.7561366876581201,
7087,0.5296061580076399,
7088,0.7363237217005383,
7089,0.6903520750071375,
7090,1.0117417442820136,
7091,0.7022368072934909,
7092,0.6638179386484542,
7093,0.9547567430156884,
7094,0.8005937806286214,
7095,0.7321781268182586,
7096,0.9236968679222864,
7097,0.6426598997489845,
7098,0.8141465315358078,
7099,0.8177003486249736,
7100,0.5796529505293632,
7101,0.8540384767736552,
7102,0.675034128807512,
7103,0.960326897617546,
7104,0.8970170099259516,
7105,1.0488805479583587,
7106,0.7985583856358417,
7107,0.8053889422541067,
7108,0.5767155260918748,
7109,0.6562041970238279,
7110,0.9655260064252789,
7111,0.7648068196858183,
7112,0.7119552542626286,
7113,0.6773046021936562,
7114,0.7677296739790902,
7115,0.7402142904001977,
7116,1.0038986845376068,
7117,0.8707321128023436,
7118,0.7970791592810635,
7119,0.6142988617180365,
7120,0.9366359171848228,
7121,0.6681402965085028,
7122,0.5715277017583951,
7123,0.8511767410473533,
7124,0.5875006159204705,
7125,0.7560808066255088,
7126,0.6335514984737031,
7127,0.8662897629194722,
7128,0.7502808129374234,
7129,0.7853071770960071,
7130,0.7561941540048738,
7131,0.8669315724981993,
7132,0.9468594720607761,
7133,0.8388867644282775,
7134,0.7113002388628095,
7135,0.8339235645620636,
7136,0.9021820906348909,
7137,0.8454619945533637,
7138,0.6588459005517536,
7139,0.9959674647673716,
7140,0.7702704475304415,
7141,0.8749461125035687,
7142,0.6501373905390723,
7143,0.8272742732288241,
7144,0.8096328097806331,
7145,0.7710022918769897,
7146,0.7801950680503649,
7147,0.7042924476700291,
7148,0.6229378636756813,
7149,0.6528314031251998,
7150,0.6507996766321298,
7151,0.7825218124413377,
7152,1.0236929459619621,
7153,0.6923304088535287,
7154,0.877336219462388,
7155,0.7292371150245243,
7156,0.9216335170565481,
7157,0.9213487268135915,
7158,0.7290569651873222,
7159,0.7157113302014946,
7160,1.0199175495065487,
7161,0.7564823885252767,
7162,0.775906574974682,
7163,0.8838681324630495,
7164,0.6937069630986161,
7165,1.0600033517194998,
7166,0.6052867148516055,
7167,0.7947668816662006,
7168,0.799964457340006,
7169,0.8681701039586797,
7170,0.9838269359680054,
7171,0.8567663021474459,
7172,0.9918796604231784,
7173,1.0233734102837093,
7174,0.9143643272360574,
7175,0.7289017321045499,
7176,0.6511103461882519,
7177,0.7231175936969385,
7178,0.7335943748403994,
7179,0.8765088334951975,
7180,0.7614788231836808,
7181,0.640988374237532,
7182,0.9884729658335929,
7183,0.8968373917509463,
7184,0.7449268875566573,
7185,0.7109731788243983,
7186,0.7182331500967558,
7187,0.8577482097749684,
7188,0.8039988928235142,
7189,0.7995923213787903,
7190,0.9224031741496226,
7191,0.859297790715199,
7192,0.7696024516214686,
7193,0.646538181534084,
7194,0.7498438039977311,
7195,0.9416754912554613,
7196,0.6868239721460568,
7197,0.6699111916937531,
7198,0.876047894029203,
7199,0.5307910868388774,
7200,0.8022738301518706,
7201,0.9015006183865139,
7202,0.9322695152754477,
7203,0.978456895066158,
7204,0.7426942221985244,
7205,0.8400461860254291,
7206,0.9904806195931395,
7207,0.8512961049381765,
7208,0.9508778476489438,
7209,0.8183257414804275,
7210,0.9687565827492501,
7211,0.7805749319921018,
7212,0.5387845246812929,
7213,0.9168142180228984,
7214,0.6417554600868793,
7215,0.7277284776021029,
7216,1.1016980018945106,
7217,1.0561288987980761,
7218,0.7461962556191383,
7219,0.76461390171342,
7220,0.7351836467562255,
7221,0.6851944393394033,
7222,0.666474707444382,
7223,0.7236058208642651,
7224,0.724943489724719,
7225,0.8340941723109445,
7226,0.6429481115477039,
7227,0.5405272870585816,
7228,0.8675962892262941,
7229,0.8247893110660971,
7230,0.7986562886052544,
7231,0.7422532251527058,
7232,0.6834994306650091,
7233,0.8537949696017616,
7234,0.8650776756881569,
7235,0.5124441572815577,
7236,0.7637884691285588,
7237,0.7701444794732699,
7238,0.6609570295883272,
7239,0.8619693506494388,
7240,0.737617271239962,
7241,0.8922232312263426,
7242,0.6916449073621571,
7243,0.6735945504489614,
7244,0.6463951748029008,
7245,0.7587659817606527,
7246,0.7864188067161346,
7247,0.8433017641454627,
7248,0.6653665739439764,
7249,0.8277313746677482,
7250,0.7032413032083616,
7251,0.8115783936706713,
7252,0.9599523104304597,
7253,0.7656319454613086,
7254,0.6038455075243412,
7255,0.9124067941933643,
7256,0.6993706116522355,
7257,0.7640432489638985,
7258,0.5677729591318135,
7259,0.9400375680509329,
7260,0.629061341562698,
7261,0.7304226767566291,
7262,1.0377010048451174,
7263,0.9625838193649581,
7264,0.6607621368374851,
7265,0.6418735144450898,
7266,0.7719485125572825,
7267,0.6639646757691756,
7268,0.8128365816334504,
7269,0.8925979161479801,
7270,0.8779997391046583,
7271,0.6847159105683461,
7272,0.8467793748937649,
7273,0.7354675911571897,
7274,0.7364681966224029,
7275,0.5678402782309522,
7276,0.9658238226951439,
7277,0.6591849598761111,
7278,0.8014850895732784,
7279,0.7056871284891018,
7280,0.6472418765062348,
7281,0.8750010665071497,
7282,0.6578517155454245,
7283,0.9582173286280784,
7284,0.6914881890558899,
7285,0.7114271414532217,
7286,0.9522386645548061,
7287,0.8583849214372756,
7288,0.8956084949553619,
7289,0.6530899030521188,
7290,0.6328400342181246,
7291,0.7245409734602654,
7292,0.8590423460428037,
7293,0.9700707233603346,
7294,0.943775719676017,
7295,0.7902182730679149,
7296,0.768543955229771,
7297,0.7437963397154949,
7298,0.7478693434633658,
7299,0.7211158036221961,
7300,0.6979747506558885,
7301,0.6896250693342096,
7302,0.6858901239597439,
7303,0.7211033427779794,
7304,0.9226559543120375,
7305,0.6994592953994283,
7306,0.7453844950252869,
7307,0.640949567934398,
7308,0.8263538964668794,
7309,0.9098941033032178,
7310,1.0336617795261396,
7311,0.8339081023885763,
7312,0.610214394325849,
7313,0.917987133583034,
7314,0.8927971703877263,
7315,0.7543157947859982,
7316,0.9488588165213371,
7317,0.7954380326711931,
7318,0.9303452665549624,
7319,0.837399648866836,
7320,0.9129771451203937,
7321,0.8517628000676162,
7322,0.8575150134442838,
7323,0.9080774364972481,
7324,0.9164992958790121,
7325,0.7164168272977748,
7326,0.9129538617759788,
7327,0.513236786238837,
7328,0.6479535031143473,
7329,0.6384708830422933,
7330,0.9037812114824713,
7331,0.6702586463941246,
7332,0.9488327201364086,
7333,0.7219168059660606,
7334,0.7689933600207417,
7335,0.5546771902608167,
7336,0.8966803175531608,
7337,0.6938488480626619,
7338,0.8311886568734828,
7339,0.758122172147927,
7340,1.0451175853184116,
7341,0.7476648517079455,
7342,0.6384290736886287,
7343,0.747323698985434,
7344,0.7732867476587754,0.5962571262844795
7345,0.9229835682847258,
7346,1.0306599785585049,
7347,1.0392299467261026,
7348,0.7613600144103224,
7349,0.7031295922322935,
7350,0.6374056775157936,
7351,0.8522894907907894,
7352,1.0092559915167936,
7353,0.7538880187707864,
7354,1.1625564787043141,
7355,0.8773785428778763,
7356,0.8335193420360268,
7357,0.7240026332762152,
7358,0.6192947553441662,
7359,1.1807418829694525,
7360,0.801558101354116,
7361,0.601573494029548,
7362,0.7730128308760538,
7363,0.9462447312161509,
7364,1.0291782843789237,
7365,0.8921663523382026,
7366,0.7518037157486945,
7367,0.6445964450483259,
7368,1.0178509632460433,
7369,0.7194666426242522,
7370,0.8479851490598044,
7371,0.8453822293069594,
7372,0.9695753287814978,
7373,0.6073481334341394,
7374,0.9249817998786865,
7375,0.6084902763612909,
7376,1.0242245695452683,
7377,0.6594056413037974,
7378,0.7801159807631272,
7379,0.5784646003132901,
7380,0.8216572836193784,
7381,0.9085830870355022,
7382,0.4485052216683519,
7383,0.6578937521693501,
7384,0.6639558517193821,
7385,0.7052893560628434,
7386,0.899141431345633,
7387,0.6964609066094104,
7388,0.7952671269074043,
7389,0.9753567541826965,
7390,0.9309244103149993,
7391,0.6612663176838297,
7392,0.7563204534204344,
7393,0.606442266976587,
7394,0.8900784762332588,
7395,0.7842426031187706,
7396,0.8212708099894709,
7397,0.9618118670593535,
7398,0.9567013744257126,
7399,0.8931022972145962,
7400,0.8729638253497185,
7401,0.8539014674676234,
7402,0.6759022153468885,
7403,0.8871062257566107,
7404,0.9093477489751076,
7405,0.7393622289048606,
7406,0.6244782191304757,
7407,0.9733176990078227,
7408,0.949135406158908,
7409,0.7505628472819273,
7410,0.5296653743448899,
7411,0.9921449658608644,
7412,0.6755323232905336,
7413,0.9938780239332916,
7414,0.8766169634547338,
7415,0.7332915450575008,
7416,0.9673599449554668,
7417,0.8979969724106743,
7418,0.7636292042281637,
7419,0.6565944050101893,
7420,0.7620034887426816,
7421,0.7303281619718882,
7422,0.7471390954635381,
7423,0.950985201976242,
7424,0.6992477279041379,
7425,0.5855749519271988,
7426,0.7153850719044028,
7427,0.6990050679111532,
7428,0.8720078252579193,
7429,0.8160796069997377,
7430,0.7272580255643623,
7431,0.6418014795821239,
7432,1.022476906253919,
7433,0.9260058797160461,
7434,0.7285816928185328,
7435,0.6254046464064266,
7436,0.92308616634803,
7437,0.639633658042433,
7438,0.9205499542913742,
7439,0.7673020562967108,
7440,0.8703457027633408,
7441,0.630718269092359,
7442,0.9382259400289672,
7443,0.7339809823939211,
7444,0.9405211473477003,
7445,0.7037645917017064,
7446,1.0057723863191603,
7447,0.8055108534475763,
7448,0.6642701055926328,
7449,0.596289921841987,
7450,0.8781456992798812,
7451,0.8758940037250927,
7452,0.9076860354231672,
7453,0.6213951993769808,
7454,0.7421226627742448,
7455,0.8592751412960431,
7456,0.8807643361881746,
7457,0.8931749487607497,
7458,0.7942164573374219,
7459,0.7348812621010855,
7460,1.164566181297857,
7461,0.8502055487050304,
7462,0.4222858068112549,
7463,0.8038296440431875,
7464,0.9625303463651879,
7465,0.7909244993470911,
7466,0.7139561398958798,
7467,0.6152052112382244,
7468,0.9125024493271957,
7469,0.8704974767518977,
7470,0.8027782219053738,
7471,0.9812066550672891,
7472,0.5794772550101573,
7473,0.8655633266848133,
7474,0.8948552295342047,
7475,0.8963763561931084,
7476,0.7905876394188471,
7477,0.7438686604142044,
7478,0.6812084269760701,
7479,0.965772232809634,
7480,0.6821015303205852,
7481,0.4973137443482276,
7482,0.8365261682779019,
7483,0.8448115567860744,
7484,0.8097122788531576,
7485,0.9204196677546336,
7486,0.9192671995170091,
7487,0.8222391023055224,
7488,0.9515799866878593,
7489,0.5740881664190217,
7490,0.8192838166535237,
7491,0.8514066850618421,
7492,0.613080149842019,
7493,0.9740493327558645,
7494,0.8568823689872904,
7495,0.7206619022393669,
7496,0.6781122185072067,
7497,0.4626127808362013,
7498,0.6273451982304801,
7499,0.7642220619413531,
7500,0.85147954185414,
7501,0.7702775509693668,
7502,0.754075369666112,
7503,0.7737277879463094,
7504,0.7873041136039148,
7505,0.940602842416245,
7506,0.5292896133127576,
7507,0.8797813843925076,
7508,0.7666226471205,
7509,0.644444549701363,
7510,1.0388031455759579,
7511,0.7899655436011775,
7512,0.9367125357226517,
7513,0.7805156268255371,
7514,0.8197225521218351,
7515,0.8673070491264677,
7516,0.6708155581257574,
7517,0.6000385283894797,
7518,0.9632575212649997,
7519,0.7833249909315723,
7520,0.5022042925606817,
7521,0.8307744678085162,
7522,1.0055028890852047,
7523,0.7837750457411978,
7524,0.7489664508381311,
7525,0.898474957077539,
7526,0.6895560739928858,
7527,0.6214542071169332,
7528,1.0352452972987025,
7529,0.8182077698267874,
7530,0.7538324454982109,
7531,0.6539072127090022,
7532,0.8376269529558098,
7533,0.8051741563014343,
7534,0.7250472400972071,
7535,0.8091427071541868,
7536,0.7926804270903359,
7537,0.6433720707322225,
7538,0.7750096954410483,
7539,0.888925466759326,
7540,0.7832596560067426,
7541,0.7102310772155509,
7542,0.663633340051658,
7543,0.9342137559130685,
7544,0.9115761827976824,
7545,0.6550518129268931,
7546,0.8351991230745718,
7547,0.5741431731188403,
7548,0.7183801222152096,
7549,0.6524884750725214,
7550,0.5678298332101862,
7551,0.7281801778975603,
7552,1.0502232785242485,
7553,0.7428228501589353,
7554,0.8235820668510848,
7555,0.813930640292399,
7556,0.8125294256792038,
7557,0.878468899147881,
7558,0.6801328516133165,
7559,0.781359990143973,
7560,1.0729074156395932,
7561,0.6524166256594176,
7562,0.6287558015103896,
7563,0.5366364366264826,
7564,0.7785587490053653,
7565,0.8505871493331797,
7566,1.045153049984449,
7567,0.6417851188989393,
7568,0.8785782248585822,
7569,0.6137580910428023,
7570,0.5718059989800062,
7571,0.9626977988441845,
7572,0.8909438739360496,
7573,0.6952353067193708,
7574,0.881609326573979,
7575,0.8475788884551638,
7576,0.7885773659189692,
7577,0.6379477791696586,
7578,0.7194362803904635,
7579,0.7522935285306027,
7580,0.49606476424866963,
7581,0.8759943806620583,
7582,0.8495469258226035,
7583,0.7469624093876103,
7584,0.9015378851045747,
7585,0.6774252238281753,
7586,0.9143845615688349,
7587,0.8392283207541179,
7588,0.7053651916807189,
7589,0.7388171422572192,
7590,0.9441244743326624,
7591,0.9419828387463278,
7592,0.7765672469170124,
7593,0.8560652272754538,
7594,0.8905901575053919,
7595,0.661900079712605,
7596,0.9087061827703872,
7597,0.7189137567983971,
7598,0.7893701472775155,
7599,0.7984946551606831,
7600,0.7840486658891934,
7601,0.7977220029989536,
7602,0.8383752042422746,
7603,0.9457417548156334,
7604,0.835434575486542,
7605,0.9832145532507153,
7606,0.7721980814623154,
7607,0.7576030126925458,
7608,0.8309064827247093,
7609,0.550630477178807,
7610,0.7176535900950061,
7611,0.7655926597775181,
7612,0.775289520167166,
7613,0.8464257462673754,
7614,0.7926449920801463,
7615,0.7148035053475391,
7616,0.7338120120615603,
7617,0.8472731963844269,
7618,0.5963354087253366,
7619,0.5181562036492084,
7620,0.7645207623208016,
7621,0.8649728584780544,
7622,0.737807262645327,
7623,0.8944757685258171,
7624,1.030664453992423,
7625,0.6653444888671141,
7626,0.8331174669367564,
7627,0.9163506731147102,
7628,0.7603595146810515,
7629,1.0044436661878657,
7630,0.645712367611369,
7631,0.8027587436595268,
7632,0.9037462190056392,
7633,0.8358362069550852,
7634,0.8338535993820883,
7635,0.8579486230534976,
7636,0.8130156551806377,
7637,0.8690418593406702,
7638,0.8233698048867084,
7639,0.7527699062800943,
7640,0.9217687465090133,
7641,0.933113883738976,
7642,0.9560259475196438,
7643,1.0641122042234508,
7644,0.73565979817825,
7645,0.7426983313545719,
7646,0.7727186056453075,
7647,0.9734417628523176,
7648,0.8343550286700642,
7649,0.693788859749328,
7650,0.7926566973285443,
7651,0.9025652300687379,
7652,0.5757295896120666,
7653,0.7419815080321506,
7654,0.8844013409357909,
7655,0.7384138598229345,
7656,0.9533879124015637,
7657,0.9812543739353733,
7658,0.665773674928852,
7659,0.6633102946900149,
7660,0.8696726450182805,
7661,0.7625126162998321,
7662,0.7132537078908837,
7663,0.7496619709606585,
7664,0.576768873103104,
7665,0.744235209083776,
7666,0.6830411121752092,
7667,0.7611544523639334,
7668,0.7452434906974704,
7669,0.5782801830476874,
7670,0.48729921899289175,
7671,0.7379813543340314,
7672,0.7006497799893456,
7673,0.9006030248427574,
7674,0.5182442334475309,
7675,0.6289979941712789,
7676,0.7514767179240748,
7677,0.8612652535378094,
7678,0.6650630792946386,
7679,0.8832049725852961,
7680,0.8276910404934609,
7681,0.9131328156700067,
7682,0.7339473940095309,
7683,0.9032687875096048,
7684,0.8191643532517308,
7685,0.7180766585433439,
7686,0.6324173086455512,
7687,0.8996345102707823,
7688,0.7791902411423088,
7689,0.9515527724590316,
7690,0.7599406632144526,
7691,0.876553726320233,
7692,0.8528047131708992,
7693,0.8484351258207121,
7694,0.7708539161408824,
7695,0.8812555629384965,
7696,0.8990289062733774,
7697,0.7809850328061964,
7698,1.0761143114302716,
7699,0.6243738580493052,
7700,0.7137117632113565,
7701,0.7477511001532182,
7702,0.623429612159202,
7703,0.8731019399427951,
7704,0.8657195887079357,
7705,0.5961112579145396,
7706,0.8024231625016433,
7707,0.9274058611460141,
7708,0.6212225852553169,
7709,0.5933298244278516,
7710,0.8152036126750847,
7711,0.6179975162749979,
7712,1.092383108149043,
7713,0.7125646149417332,
7714,0.5570472564461554,
7715,0.7098286370864266,
7716,0.8411430600737317,
7717,0.7615294285372045,
7718,0.7522014292141223,
7719,0.7784968365968576,
7720,0.6904407351997109,
7721,0.7637615384072614,
7722,0.840156156987091,
7723,0.7513823396777494,
7724,0.6269914962755115,
7725,0.6502931182249252,
7726,0.9329148930101685,
7727,0.6809344246181458,
7728,0.9283178629410507,
7729,0.8868155475451276,
7730,0.7044153409282228,
7731,0.952716569726347,
7732,0.6639714424757335,
7733,0.602011462703183,
7734,0.6725120228692502,
7735,0.7794832583167542,
7736,0.6152920062734206,
7737,0.6423735086229956,
7738,0.692870057780178,
7739,0.8152084628083919,
7740,0.7348898052629513,
7741,0.8055314399781189,
7742,0.7535484626205098,
7743,0.793998734309268,
7744,0.7391289508844138,
7745,0.623598605346239,
7746,0.7546939606871941,
7747,0.9087109598324483,
7748,0.7778245291477448,
7749,0.8305861995132141,
7750,0.7339613111570155,
7751,0.684293173370224,
7752,0.7613045287749244,
7753,0.8143476536970272,
7754,0.9603915502960939,
7755,0.8570005094494979,
7756,0.8371724767600188,
7757,0.8765423555466555,
7758,0.6632869572737609,
7759,0.8182453315216056,
7760,0.6174838629652855,
7761,0.8244096691275361,
7762,0.741358155666793,
7763,0.8583930172791984,
7764,0.887457262605057,
7765,0.7539723264384963,
7766,0.8045914326389246,
7767,0.7784641334290677,
7768,0.7881765612269305,
7769,0.6734517718959637,
7770,0.8998572636611942,
7771,0.764015517275943,
7772,0.9954125590517453,
7773,0.7766592560749838,
7774,0.783771417101543,
7775,0.745196561649115,
7776,0.9036403724329648,
7777,0.6880215165161717,
7778,1.04468594743016,
7779,0.7140571884440423,
7780,0.9566246545221805,
7781,0.8819852282754321,
7782,0.6509348849656096,
7783,1.029973128265452,
7784,0.767742849493983,
7785,0.9461979918080526,
7786,0.7838165609655283,
7787,0.9016749672765977,
7788,0.6293635388845794,
7789,0.8546989496630588,
7790,0.7024855391712743,
7791,0.8405156355722352,
7792,0.7810080913440033,
7793,0.9575040123688797,
7794,0.8982498755823606,
7795,0.8654632652684394,
7796,0.7351059927129969,
7797,0.8649976817807237,
7798,0.7497337969917298,
7799,0.8816685608081002,
7800,0.8411383947347943,
7801,0.8757574264894162,
7802,0.8496558258508966,
7803,0.734413207539231,
7804,0.841292823358637,
7805,0.8398831766640635,
7806,0.7130522630805872,
7807,0.4139831506018475,
7808,0.5670290083275058,
7809,0.8634978757633005,
7810,0.8145413254130973,
7811,0.9559284013935847,
7812,0.794266420993517,
7813,1.0030926406394953,
7814,0.7616513498407202,
7815,1.0529057966415898,
7816,0.8745191095283553,
7817,0.7555891356801655,
7818,0.7078091364214778,
7819,0.6582239688986049,
7820,0.8262562767338562,
7821,0.6183258377976364,
7822,0.7159463854962708,
7823,0.6621800778165011,
7824,0.863027205442287,
7825,0.7325241027677002,
7826,0.561522842731157,
7827,0.7148279188478713,
7828,0.7650900805252764,
7829,0.6376184068802921,
7830,0.4500574887762233,
7831,0.6190943889731167,
7832,0.6534738580763017,
7833,0.7067673539242264,
7834,0.7407116520885411,
7835,0.8210579966111318,
7836,1.057385978544082,
7837,0.3896404656244472,
7838,0.9119447728074809,
7839,0.8318713526411091,
7840,0.6808173734421711,
7841,0.7873245549060639,
7842,0.8092046132242728,
7843,0.9380506452323569,
7844,0.9489428314960838,
7845,0.6893100545045948,
7846,0.8052440134327338,
7847,0.8117026335972206,
7848,0.9082726991993122,
7849,0.7580875806321973,
7850,0.8779590620152948,
7851,0.9777256563494909,
7852,0.7082608324341424,
7853,0.9555137358418626,
7854,0.8472581497854021,
7855,0.7529019906012621,
7856,0.6947104013453863,
7857,0.49494386587908773,
7858,0.7391880822496814,
7859,0.7447914771351175,
7860,0.8209490003673715,
7861,1.0801524920932817,
7862,1.204027256341213,
7863,0.6846807870791966,
7864,0.8961278918551253,
7865,0.8320310193327123,
7866,0.6498683136557736,
7867,0.7873340254039506,
7868,0.9670487666297054,
7869,0.8688912235405407,
7870,0.878316725844258,
7871,0.9704941042927737,
7872,0.7533470435388281,
7873,0.9268072202058721,
7874,0.7529139352265446,
7875,0.9537025708115298,
7876,0.8618287659121107,
7877,0.47932367862030956,
7878,0.7087855584513261,
7879,0.6985807193083201,
7880,0.7229690719989625,
7881,0.87865773931215,
7882,0.8360614894724618,
7883,0.8104382229493236,
7884,0.5527757419672772,
7885,0.8838737594178213,
7886,0.9652811150055758,
7887,0.5924949685959844,
7888,1.0023445483985562,
7889,0.7738445134225423,
7890,0.8748963187055583,
7891,0.9017895870937566,
7892,0.7113915961911641,
7893,0.896440992652575,
7894,0.6605040029789249,
7895,0.7294007854099522,
7896,0.957069436469869,
7897,0.712805877444232,
7898,0.9000407007485326,
7899,0.5913342560873353,
7900,0.9126065433022061,
7901,0.9431244933844537,
7902,0.7165248492478072,
7903,0.9164133629164113,
7904,0.8990982394343384,
7905,0.6379590343894906,
7906,0.5612637492305297,
7907,0.8206375252409792,
7908,0.7310821399990336,
7909,0.8053992250467661,
7910,0.7433506254368031,
7911,0.8810775303804488,
7912,0.7671432545819953,
7913,0.7282715523699764,
7914,0.7571916900957743,
7915,0.6699973376538594,
7916,0.9143056059602569,
7917,0.8311128895673076,
7918,0.8943733915513798,
7919,0.6962581535156044,
7920,0.8065948549420948,
7921,0.8335277183710124,
7922,0.8406090193491186,
7923,1.050915703831651,
7924,0.7755919671196835,
7925,0.83777670750001,
7926,0.3784599637765664,
7927,0.5766766185277784,
7928,0.8711534317808342,
7929,0.822778307105392,
7930,0.7495188646753986,
7931,0.9526491278984794,
7932,0.8479651992257204,
7933,0.7956602532952499,
7934,0.9613281960721584,
7935,0.8271381905885747,
7936,0.9035165159545426,
7937,0.750811356865604,
7938,0.8983598631647474,
7939,0.6787197719595962,
7940,0.7366523620933836,
7941,0.7941805643704393,
7942,0.6040575520378131,
7943,0.9894317164109317,
7944,1.0195562459902547,
7945,0.8795653246504725,
7946,1.0904684027964644,
7947,0.8823188082415367,
7948,0.8058942628913617,
7949,0.9132957098895009,
7950,0.8438110135159819,
7951,0.7521686716914302,
7952,0.9183019189419417,
7953,0.7297241921205874,
7954,0.7621915049787635,
7955,0.9163784177323054,
7956,0.7650693430666613,
7957,0.6802911440497446,
7958,0.8709031141535588,
7959,0.8706078379343274,
7960,0.5474369552908738,
7961,0.9376047860374259,
7962,0.6294019941707949,
7963,0.6888431488745144,
7964,0.8175824811406375,
7965,0.9222732968736456,
7966,0.8323436293965896,
7967,0.8330628886407083,
7968,0.7760522526368012,
7969,0.6540830926264634,
7970,0.6415766016738994,
7971,0.8919840500482982,
7972,0.8346123066081438,
7973,0.9189416314753366,
7974,0.9158784396446004,
7975,0.7790722991056479,
7976,0.5712260189798596,
7977,0.7519476611142036,
7978,0.873566647359086,
7979,1.08901662023074,
7980,0.8038511521198274,
7981,0.7022959820512704,
7982,0.7290704349537457,
7983,0.6940286785516812,
7984,0.8950482508169805,
7985,0.586505159502043,
7986,0.8296742484280435,
7987,0.7880550239168015,
7988,0.7511099406654914,
7989,0.7296264503919182,
7990,0.7994071011102828,
7991,0.6191963929355647,
7992,0.6839758710860487,
7993,0.5693709651762723,
7994,0.9110959986776952,
7995,0.8639434151895508,
7996,0.7564620700889919,
7997,0.5164688808000857,
7998,0.8234846044500277,
7999,0.6805269229462602,
8000,0.8795728675354572,
8001,0.8059774602689243,
8002,0.9704104932733743,
8003,1.0180470645048236,
8004,0.7496868259239706,
8005,0.6455658264151776,
8006,0.7120171456368266,
8007,0.7819079318016876,
8008,0.6480674069847809,
8009,0.5561799500419192,
8010,0.8388395095296324,
8011,0.7280910475288651,
8012,0.909270921725488,
8013,0.8885274577347864,
8014,0.7842560066715425,
8015,0.45759625221375233,
8016,0.9143622126449067,
8017,0.7941594550622982,
8018,0.7795423359543082,
8019,0.8668417023971362,
8020,0.9529865375275578,
8021,0.8385843337673213,
8022,0.8675197501936985,
8023,0.9413643193288723,
8024,0.7585855448774534,
8025,0.7768874081832267,
8026,0.8358184672524187,
8027,0.908157994052137,
8028,0.7754924165151147,
8029,0.779050391473582,
8030,0.7270920925908767,
8031,0.735882948479903,
8032,0.6597781772846664,
8033,0.7641840401566219,
8034,0.6290183002219817,
8035,0.7283396733987583,
8036,0.798393428384353,
8037,0.7229480735064492,
8038,0.6800194788755213,
8039,0.7492727252781133,
8040,0.9417696244105365,
8041,0.6925208648579769,
8042,0.762953502405933,
8043,0.6960925801341021,
8044,1.0170120824517592,
8045,0.7115148903079734,
8046,0.9076744308485428,
8047,0.8057189919332104,
8048,0.8071798681134406,
8049,0.8190246087256574,
8050,0.9209327489826509,
8051,0.9596739501352425,
8052,0.9832272123541697,
8053,0.4930059122919889,
8054,0.6572795676834986,
8055,0.8693184111476037,
8056,0.9326568467801272,
8057,0.6546975219192838,
8058,0.721513645999144,
8059,0.9626597664912234,
8060,0.6452108093403665,
8061,0.727118797604168,
8062,0.7915720472202787,
8063,0.631379226114471,
8064,0.9239637117964445,
8065,0.8481622272645359,
8066,0.6425846470683089,
8067,0.8692879794000621,
8068,0.8165767424595649,
8069,0.8592337332561074,
8070,1.0315932404038661,
8071,0.6819585342345763,
8072,0.6348676498220247,
8073,0.8520399205309442,
8074,0.7140286006755612,
8075,0.9239682396207695,
8076,0.8334636629645197,
8077,0.7042050762693527,
8078,0.6117572646210253,
8079,0.7949962840051317,
8080,0.9012347237381253,
8081,1.0284476401334228,
8082,0.6622639173619131,
8083,0.8227142811540352,
8084,0.8042335384563721,
8085,0.7043555568366542,
8086,0.9141584469086677,
8087,0.8906066587291325,
8088,0.6200067810361115,
8089,0.640226660001516,
8090,0.7497299223870018,
8091,0.7485039653872033,
8092,0.9237016502372675,
8093,0.6620494941287575,
8094,0.755948072957953,
8095,0.9216632644391207,
8096,1.0266784684557861,
8097,0.6206258668670889,
8098,0.9295490163233631,
8099,0.924441346406576,
8100,0.9453370281265996,
8101,0.8752051769257364,
8102,0.5797870250540968,
8103,0.8100897275959477,
8104,0.7377830013060657,
8105,0.6978785657403669,
8106,0.7605475783412905,
8107,0.7562916269852438,
8108,0.8974171474833367,
8109,0.6660264054421776,
8110,0.7137662690688122,
8111,0.7388595087011439,
8112,0.729140134968141,
8113,0.7701881252092965,
8114,0.7543031205147877,
8115,1.0504718052130793,
8116,0.7934973988458094,
8117,0.7917153063875585,
8118,0.8715509250213063,
8119,0.7160641639995255,
8120,0.6052230395242288,
8121,0.7854967950660298,
8122,0.6841078214870376,
8123,0.8527903807663925,
8124,0.8155484197071088,
8125,0.6196265447726838,
8126,0.6411274740027276,
8127,0.8446879811902143,
8128,0.7879033414690323,
8129,0.7480923579479024,
8130,0.7020485536982938,
8131,0.5941618428015321,
8132,0.831314980092802,
8133,1.1220190649828288,
8134,0.8153900192894115,
8135,0.9189975076110379,
8136,0.6007300280482144,
8137,0.6896857695836836,
8138,0.5389418540271173,
8139,1.015791007492055,
8140,0.5971345502923225,
8141,0.6864494889391133,
8142,0.7321966861075261,
8143,0.6093416433718298,
8144,0.5200366910882638,
8145,0.7207103513633538,
8146,0.7354658005957858,
8147,0.6753043410430002,
8148,0.7720837078302127,
8149,0.9625390091394107,
8150,0.7407569011725055,
8151,0.6601824457886212,
8152,0.826605858351428,
8153,0.853797533312691,
8154,0.9641637446243836,
8155,0.8734990672595854,
8156,0.6781425627920664,
8157,0.8730624510220039,
8158,0.8049761056072419,
8159,0.8567844134075017,
8160,0.784184531289843,0.7470980130545661
8161,0.7994758687682041,
8162,0.8484579883747824,
8163,0.9575166213848393,
8164,0.6497992506923567,
8165,0.7145577007941836,
8166,0.6320021781389212,
8167,0.5496308357670545,
8168,0.8314473907462907,
8169,0.6351656752884149,
8170,0.8116977351757622,
8171,0.8766442837998831,
8172,0.6053076603615218,
8173,0.7609522820368415,
8174,0.8253102306398614,
8175,0.7409773472067702,
8176,0.7441312428602539,
8177,0.9691623487437333,
8178,0.7654985943088596,
8179,0.7978690901237004,
8180,0.7951733154708438,
8181,0.8970985354728883,
8182,0.9201010469777445,
8183,0.7937679477329482,
8184,0.697795819619038,
8185,0.6170466671083303,
8186,0.8552099642396046,
8187,0.5983347511026452,
8188,0.7375149619396566,
8189,0.6047007220576514,
8190,0.6999780951642162,
8191,0.6399920595547421,
8192,0.7531561337947152,
8193,0.6834481013876137,
8194,0.784791651018692,
8195,0.38037780723179737,
8196,0.8398094895003686,
8197,0.4592418787495298,
8198,0.7635982557343293,
8199,0.7733236123670337,
8200,0.6749467833979967,
8201,0.7189445859646266,
8202,0.8538153721057786,
8203,0.6069384266048036,
8204,0.7502532050841236,
8205,0.8592992590649,
8206,0.6336465504673207,
8207,0.7086377673775979,
8208,0.9514433233756275,
8209,0.5535691161103262,
8210,0.730841148109518,
8211,1.0782927979599632,
8212,0.7745146032737421,
8213,0.5549923438660797,
8214,0.6153900567766493,
8215,0.9309568842776936,
8216,0.6321347965828131,
8217,0.7200412472833136,
8218,0.817541099943975,
8219,1.000251395409991,
8220,0.5979380073355934,
8221,0.7986918599795242,
8222,0.8599848239709277,
8223,0.8779725809742955,
8224,0.751225192749491,
8225,0.9930197582787079,
8226,0.6703922324003792,
8227,0.697354833898391,
8228,0.48705583649621426,
8229,0.6652160254406391,
8230,0.8096493495352581,
8231,0.7901855034418066,
8232,0.7898148098947995,
8233,0.9158244553626687,
8234,0.7526688918250983,
8235,0.9241014365437777,
8236,0.6916567168417832,
8237,0.963028813524184,
8238,0.8202895739440873,
8239,0.9109517641804302,
8240,0.8015243810621961,
8241,1.0045304565463409,
8242,0.5553411998049894,
8243,0.8231187324342828,
8244,0.8569974783590208,
8245,0.6865634723750472,
8246,0.5963686407205758,
8247,0.9986970540899475,
8248,0.4141064263148068,
8249,0.6661590653171016,
8250,0.648250459921032,
8251,0.8031490681706895,
8252,0.7657980848364796,
8253,0.7678693712744624,
8254,0.6324449481603457,
8255,0.8794415063501154,
8256,0.5241594323193831,
8257,0.576557424954623,
8258,0.6725814574505551,
8259,0.9498259990963437,
8260,0.704647834252267,
8261,0.7896033423798221,
8262,0.7762730805923532,
8263,0.926361374431033,
8264,0.9020917692519156,
8265,0.7175766849699192,
8266,0.8019514124527307,
8267,0.8584280856987818,
8268,0.7379194058314941,
8269,0.8309413501816195,
8270,0.9369495256717592,
8271,0.8416974206711927,
8272,0.6575282766210994,
8273,0.8077646045789245,
8274,0.6748076312207458,
8275,0.8299384866612906,
8276,0.8412319628855577,
8277,0.9455396337014226,
8278,0.6532551027831393,
8279,0.6194408054142846,
8280,0.7400742532366239,
8281,0.6583103328977117,
8282,0.847926386816604,
8283,1.0693402848159919,
8284,0.929962943249201,
8285,0.7551930368996743,
8286,0.7951931144022223,
8287,0.7346535284692848,
8288,0.7388136502089999,
8289,0.7011024192775982,
8290,0.726245166632755,
8291,0.7632107799014811,
8292,0.7346425741513681,
8293,0.6195975155268306,
8294,0.5979132748717959,
8295,0.8877015951854613,
8296,0.7577588373402173,
8297,0.80029683858657,
8298,0.7584034610282784,
8299,0.9653117680996282,
8300,0.7856589847606854,
8301,0.8655799871998796,
8302,0.7583480217044587,
8303,0.8982548369549064,
8304,0.8550356513608258,
8305,0.7102358100282674,
8306,0.8063793068602486,
8307,0.7802888604413493,
8308,0.6488230527711634,
8309,0.7022630974949569,
8310,0.7960103417324483,
8311,0.7417967444704326,
8312,0.7348232749585487,
8313,0.6940055499861157,
8314,0.9734499934269377,
8315,0.911922253391104,
8316,0.5955326279841786,
8317,0.8417955669306116,
8318,0.6644004154411173,
8319,0.4971060607843965,
8320,0.7592120344351405,
8321,0.7978343451820572,
8322,0.6900885677360771,
8323,0.8586220629442914,
8324,0.7544235848586128,
8325,0.7175275890682248,
8326,0.9387748117126273,
8327,0.8440955881436737,
8328,0.8209051799044619,
8329,0.8001428659702565,
8330,0.8084502379392482,
8331,0.6698812397147149,
8332,0.8673757979583124,
8333,0.8814532027860362,
8334,0.7643862190664661,
8335,0.9175419613823025,
8336,0.7339859902646585,
8337,0.9359498115013124,
8338,0.756060658336263,
8339,0.6585149414694345,
8340,0.7497621775800121,
8341,0.7300299175822272,
8342,0.8409722285141741,
8343,0.8165770628544561,
8344,0.8583437995289271,
8345,0.7712422147135489,
8346,0.8823755902654808,
8347,0.7873127555607498,
8348,0.8496761650925273,
8349,0.8841090378103733,
8350,0.8938473364459381,
8351,0.6060468238325835,
8352,0.7965490599435727,
8353,0.6795663064378623,
8354,1.0203864617084148,
8355,0.5986364863187619,
8356,0.8080849977763412,
8357,0.8980076024674389,
8358,0.9452889977964751,
8359,0.7917565011980521,
8360,0.8802497289089153,
8361,0.7024746187269402,
8362,0.7246294811178808,
8363,0.6500670021775788,
8364,0.7998333563916598,
8365,0.7509889359394238,
8366,0.6761527524898476,
8367,0.7871726356438594,
8368,0.7461215685834528,
8369,0.6998476623077923,
8370,0.703977438242917,
8371,0.7677986214537396,
8372,0.8210687653786056,
8373,0.7317328953832994,
8374,0.615317022813556,
8375,0.7239509073604153,
8376,0.7786206350942078,
8377,0.7711710666105359,
8378,0.750926704441134,
8379,0.4710988121838692,
8380,0.5779840871491516,
8381,0.7000032285107892,
8382,0.8884635006744895,
8383,0.8755734207850973,
8384,0.9120688324204088,
8385,0.6975114627730984,
8386,0.8300170721646793,
8387,0.7706021903913544,
8388,0.8118633031693894,
8389,0.9032004908893477,
8390,0.7104137533481504,
8391,0.9314664074712431,
8392,0.9112740599145388,
8393,0.7312696360835316,
8394,0.5317715205770905,
8395,0.6800775289216108,
8396,0.8478938291621182,
8397,0.7419522649694779,
8398,0.603501197533182,
8399,0.8254935830507103,
8400,0.6667921911281278,
8401,0.9001914623188279,
8402,0.737151974738305,
8403,0.6765221994014853,
8404,0.9201688263917346,
8405,0.7500729002095167,
8406,0.7988230007483577,
8407,0.7557206193338696,
8408,0.7458653142601659,
8409,0.8402954692401721,
8410,0.816684425474375,
8411,0.9403942374459494,
8412,0.5941030883698876,
8413,0.9464324364196007,
8414,0.677569823784683,
8415,0.8443115902250988,
8416,0.7060909684646486,
8417,0.9524043058228726,
8418,0.6738344761949777,
8419,0.7704569028106721,
8420,0.785715151712036,
8421,0.583093347343992,
8422,0.857616201495377,
8423,0.9489827067564152,
8424,0.8451894162006452,
8425,1.0119213952058532,
8426,0.711547546484316,
8427,1.0476746958112486,
8428,0.710007156187215,
8429,0.8245007890881653,
8430,0.967452361105612,
8431,0.7444970707715697,
8432,0.7802841940047235,
8433,0.7148136743404495,
8434,0.7224308153837641,
8435,0.8937546442680764,
8436,0.638103079526702,
8437,0.8446707536028351,
8438,0.7815003418398646,
8439,0.6992378489507928,
8440,0.940326206641173,
8441,0.7925780906092252,
8442,0.794979169731466,
8443,0.9570073361047727,
8444,0.5510927793683262,
8445,0.5754055298490016,
8446,0.6730864495299483,
8447,0.8665291589368829,
8448,0.8424227345668369,
8449,0.7454341444471921,
8450,0.741554781200399,
8451,0.8126933679759838,
8452,0.8755621449811647,
8453,0.7822341370737262,
8454,0.9587762649192456,
8455,0.9267958310522174,
8456,0.7638255104839945,
8457,0.9367243960528008,
8458,0.6846548899075539,
8459,0.78102611589863,
8460,0.8542889512645192,
8461,0.827737627730321,
8462,0.6547362724175799,
8463,0.6099581004197168,
8464,0.7965022034867636,
8465,0.9986428383666639,
8466,0.7465601429613423,
8467,0.932976702409199,
8468,0.8108146440011541,
8469,0.7686290881719833,
8470,0.8498529150820202,
8471,0.9560469825833133,
8472,0.6048229736279624,
8473,0.8909087431632269,
8474,0.8031012678385242,
8475,0.83138009366345,
8476,0.6888170776560572,
8477,0.8938448387069671,
8478,1.1448236938131786,
8479,0.648970924801801,
8480,0.8009544633457689,
8481,0.7563070782242535,
8482,0.9519637162131809,
8483,0.9881243263295959,
8484,0.7254754965499974,
8485,0.6950072849488913,
8486,0.6898281113520777,
8487,0.9159410925304416,
8488,0.8212239396202746,
8489,0.6061037788804672,
8490,0.7183032676048051,
8491,0.8674464116935316,
8492,0.8227172424731027,
8493,0.7433767921906176,
8494,0.8246967421172924,
8495,0.7223876637438771,
8496,0.9097315740937116,
8497,1.0284998727498673,
8498,0.9032607201248439,
8499,0.6657749589229884,
8500,0.9562119308694764,
8501,0.7526608883995431,
8502,0.7131342582493314,
8503,0.6967967706619891,
8504,0.9539956507708537,
8505,1.007824590760155,
8506,0.8641523311815256,
8507,0.9338784943713421,
8508,0.7781642041475141,
8509,0.8694027804915679,
8510,0.8124330250555784,
8511,0.7209990882009731,
8512,0.7089404713383677,
8513,0.8455510570263934,
8514,0.635852380762219,
8515,0.6334431071671299,
8516,0.663038880191192,
8517,0.8574914325796253,
8518,0.8630069999649927,
8519,0.8323644501043065,
8520,0.6767328750024157,
8521,0.8093326163347064,
8522,0.7376219050036864,
8523,1.046025162347356,
8524,0.8130391925898082,
8525,0.9303081072735699,
8526,0.8664415133857107,
8527,0.9029135394653434,
8528,0.6851645797894605,
8529,0.7695782895302521,
8530,0.7702991296573027,
8531,0.7228490442955583,
8532,0.8732050528467842,
8533,0.6384147886951798,
8534,0.8040611232848427,
8535,1.0516414379401542,
8536,0.800478139642057,
8537,0.8341247734543633,
8538,0.9187702871319157,
8539,0.8087756655544162,
8540,0.8343399369593689,
8541,0.719601562714482,
8542,0.7487822895808346,
8543,0.8460654124425373,
8544,0.8236011404885802,
8545,0.7018510135496014,
8546,0.7794297150373314,
8547,0.8223660596381606,
8548,0.7390339695228265,
8549,0.6507352869391766,
8550,0.8857071038086629,
8551,0.7767754461161365,
8552,0.681247419548713,
8553,0.7646351831343179,
8554,0.9897228718813633,
8555,0.9971053215433795,
8556,0.6575670771273903,
8557,0.7467589515158408,
8558,0.8637414167147659,
8559,0.9018097442587508,
8560,0.8710379355322226,
8561,0.9931692126170563,
8562,0.7926352738637003,
8563,0.823447807187636,
8564,0.8289828902389306,
8565,0.780178531239816,
8566,0.8293283493062318,
8567,0.8944366275087016,
8568,0.8065833545731734,
8569,0.7121080918795115,
8570,0.6751844423042268,
8571,0.808165387130239,
8572,0.678323709688189,
8573,0.9207765582074282,
8574,0.7633170536710112,
8575,0.9079381643364717,
8576,0.9282706572882373,
8577,0.7631416300893987,
8578,0.6744643940513269,
8579,0.7588299655947219,
8580,0.8957387805150875,
8581,0.8158499588423788,
8582,0.9512700042344726,
8583,0.8098905749430139,
8584,0.7812692902122425,
8585,0.9320278075751094,
8586,0.9343478260087568,
8587,0.7089115232872161,
8588,0.9489609162521727,
8589,0.7998834013233975,
8590,0.7611913814700508,
8591,0.551505170011936,
8592,0.7099352107387431,
8593,0.798862031922172,
8594,0.7773184324131941,
8595,0.810726572511224,
8596,1.0618556857926416,
8597,0.7944103727426897,
8598,0.7924097909163893,
8599,0.8024608365017941,
8600,0.8756017823801885,
8601,0.7750969384598143,
8602,0.7821496979450371,
8603,1.0183595980304725,
8604,0.6656172632499416,
8605,0.8348669377996866,
8606,0.5463035023269489,
8607,0.6626283088455398,
8608,0.755103885850165,
8609,0.6661239540463235,
8610,1.0857946928444948,
8611,0.6782415989546703,
8612,0.8446930769606907,
8613,0.9660750332044081,
8614,0.8751848278678551,
8615,0.7105422136241123,
8616,0.6150410530830684,
8617,0.7341614244375889,
8618,0.7243492686072182,
8619,1.0144003169518359,
8620,0.9211200003200918,
8621,0.6611371703027994,
8622,0.9410809601287379,
8623,0.7808951974627992,
8624,0.9734835496390364,
8625,0.7652298785442485,
8626,0.9605699482443797,
8627,0.7781905579303481,
8628,0.8323183945191663,
8629,0.7470893749800572,
8630,0.8716817754931319,
8631,0.7762510649069612,
8632,0.6455898517000151,
8633,0.8693462886017349,
8634,0.7001846620728429,
8635,0.7487632748192443,
8636,0.9833597216813327,
8637,0.7959969609490914,
8638,0.8131749741772194,
8639,0.7063416055495404,
8640,0.9843308598805167,
8641,0.7527933608864744,
8642,0.7327884201851923,
8643,0.8628261604742353,
8644,0.6820869029179487,
8645,0.8329546710504107,
8646,0.9392231477252097,
8647,0.8702919066213982,
8648,0.7322535756317561,
8649,0.9691239063376668,
8650,0.6081337036151055,
8651,0.8092692524771091,
8652,0.6541125113888443,
8653,0.5837572007132287,
8654,1.0200075424243946,
8655,0.9192522975141478,
8656,1.1321601403989772,
8657,0.7602618468861307,
8658,0.7633130534955784,
8659,0.6385953357247338,
8660,0.7804932251485354,
8661,0.9561922010584458,
8662,0.8501834554869923,
8663,0.8713834310536336,
8664,0.5594305923883899,
8665,0.6231011018837713,
8666,0.813884487598393,
8667,0.8740601148459902,
8668,0.6499015585344126,
8669,0.7374087159556053,
8670,0.9453349727452717,
8671,0.7653751325380636,
8672,0.6666773074657126,
8673,0.8572321544052169,
8674,0.589563799179062,
8675,0.9531965610251129,
8676,0.7539502534725369,
8677,0.7537164254324921,
8678,0.8383669086923752,
8679,0.8837196665775574,
8680,0.8217696945905304,
8681,0.7483723415962286,
8682,1.0044338116366407,
8683,0.7404594481938999,
8684,0.867627997543152,
8685,0.642291630436119,
8686,1.0144996477196608,
8687,0.566224335583958,
8688,0.8379784075367266,
8689,0.6349210929536341,
8690,0.7964014490468512,
8691,0.865085471478017,
8692,0.9594803409664255,
8693,0.8245726664740433,
8694,0.9533080151989946,
8695,0.6447918946149804,
8696,0.7211568603723059,
8697,1.1024770980609002,
8698,0.9640251289796187,
8699,0.6821172932027477,
8700,0.8796296899065681,
8701,0.9115705551181494,
8702,0.8122956872204687,
8703,0.7452745840436161,
8704,0.7446392165138338,
8705,0.769823452927005,
8706,0.8561990341610227,
8707,0.712319968086615,
8708,0.9239374822254759,
8709,0.8169602736625352,
8710,0.993461256373484,
8711,0.8714202190008979,
8712,0.9623847005535647,
8713,0.9766821063222515,
8714,0.6731284141953946,
8715,0.5916933367834172,
8716,0.9290681060035235,
8717,0.7290771101270535,
8718,1.0284571249052055,
8719,0.8809637925842028,
8720,0.7884674126894917,
8721,0.7741998250910979,
8722,0.8737534782897353,
8723,0.7593052266932732,
8724,0.791824010247105,
8725,0.7605177074063856,
8726,0.8204254851702862,
8727,1.0253449456190487,
8728,0.5709372880456303,
8729,0.598197361202632,
8730,0.7835406815690803,
8731,0.9356967219843679,
8732,0.5888589305202072,
8733,0.8266159648290202,
8734,0.8875743646669423,
8735,0.812738630224082,
8736,0.7563183305900365,
8737,0.5453776992227342,
8738,0.7825278100512446,
8739,0.7697742731074171,
8740,0.7705896196566141,
8741,0.7033252296675532,
8742,0.7222933234632081,
8743,0.9769909806333519,
8744,0.9823569078748805,
8745,0.8240139948220385,
8746,0.9720677283974246,
8747,0.8842178014371498,
8748,0.7284823055152156,
8749,0.9175563885883395,
8750,0.7085688730347072,
8751,0.7248730078619047,
8752,0.8246565438423956,
8753,0.7048161581171443,
8754,0.97280585376881,
8755,0.7155556902684495,
8756,0.820445976679392,
8757,0.7137951725699241,
8758,0.8056443374140889,
8759,0.7771174981338898,
8760,0.8007268200831104,
8761,1.0147216985103085,
8762,0.8784531363189454,
8763,0.7016775909668544,
8764,0.8896080356137729,
8765,0.6914271496883789,
8766,0.9025844630510435,
8767,0.8768359149110888,
8768,0.7532641553134632,
8769,0.76140736868207,
8770,0.7293413818697335,
8771,0.7785781807800406,
8772,0.8327311248674889,
8773,0.6167835255731341,
8774,0.7817031060350215,
8775,0.8233161154453146,
8776,0.9145232637337053,
8777,0.4610962400039398,
8778,0.7564372490390147,
8779,0.6764176653466366,
8780,0.7182295503193099,
8781,0.6540827926955568,
8782,0.9269326732001527,
8783,0.7993721780643652,
8784,0.5316369597209527,
8785,0.7963124974402566,
8786,0.46465800892721043,
8787,0.6797064009197936,
8788,0.49181153233819996,
8789,0.9236000838915056,
8790,0.5710800377945046,
8791,0.7559668379268374,
8792,0.8257983350604022,
8793,0.8577151225348757,
8794,0.892198077515151,
8795,0.5545866108043367,
8796,1.0463089928590952,
8797,0.6483458626002948,
8798,0.6769051656189861,
8799,0.8419398774887843,
8800,0.7941571652332292,
8801,1.0633167713076446,
8802,0.8875526185063686,
8803,0.7228880788499282,
8804,0.8707287587035712,
8805,0.775960995929297,
8806,0.7124449766970593,
8807,0.8269773659457762,
8808,0.9344089719082871,
8809,0.48341093495743187,
8810,0.7149255935281894,
8811,1.0144260301447694,
8812,0.8462726549195907,
8813,0.8581631850489257,
8814,0.9006370104620396,
8815,0.8980980090116835,
8816,0.7741277413334409,
8817,0.8358563723446862,
8818,0.7334820773233843,
8819,0.8387841512312252,
8820,0.6559896680330074,
8821,0.5342572147040462,
8822,0.9700677267140275,
8823,0.8326734637234149,
8824,0.667919932095994,
8825,0.7046038728697931,
8826,0.8721004994645991,
8827,0.8251945308409238,
8828,0.663949970533054,
8829,0.7324244217130161,
8830,0.8536817959380764,
8831,0.7485974305569942,
8832,0.8123347579587601,
8833,0.9762124403780027,
8834,0.7374220289054972,
8835,0.7806691085821615,
8836,0.5729816730878087,
8837,0.5874440105537194,
8838,0.6478668834219501,
8839,0.7775375424291038,
8840,0.4453666281693323,
8841,0.7446826434548575,
8842,0.7936198383331007,
8843,0.7852845374297046,
8844,0.8183443271796234,
8845,0.8510753892181528,
8846,0.6094310695065033,
8847,0.9579265928155295,
8848,0.5298129098335405,
8849,0.9550205111359302,
8850,0.9515245954945031,
8851,0.7498665914406222,
8852,0.8757823374945078,
8853,0.6260028535785007,
8854,0.6410162387656203,
8855,0.6207323718216143,
8856,0.8428916893368498,
8857,0.8990307173753674,
8858,0.8308091485874869,
8859,1.011938109730902,
8860,0.7170662104170842,
8861,0.7577965674956956,
8862,0.9008776799695083,
8863,0.6841984317354024,
8864,0.6039142847147855,
8865,0.9752434681400739,
8866,0.9769239297032221,
8867,0.6906211060891787,
8868,1.0250100163656801,
8869,0.8871663019998357,
8870,0.7799193904086066,
8871,0.8605239727480628,
8872,0.7711791527971668,
8873,0.8214570510282806,
8874,0.7224267976756844,
8875,0.8555327275589832,
8876,0.9626188706972609,
8877,0.9976347971874145,
8878,0.9202112119205923,
8879,0.6547958613709993,
8880,0.7066661937366885,
8881,0.9034424363328413,
8882,0.7967914045278199,
8883,0.7917274251150712,
8884,0.65420578583879,
8885,0.7755330044789897,
8886,0.830428961635605,
8887,0.7466519263905279,
8888,0.7087216640577292,
8889,0.8675239064920743,
8890,0.5945332140750882,
8891,0.7970990805037018,
8892,0.6427585894207181,
8893,0.7335360240355263,
8894,0.8494151651447122,
8895,0.7638996613590416,
8896,0.6385347337053264,
8897,0.9779613739550769,
8898,0.7401406250524485,
8899,0.7324745697603351,
8900,0.6750040224539875,
8901,0.6683920119501194,
8902,0.8037994691478105,
8903,0.672293077260106,
8904,0.7666309163281508,
8905,0.8749552598622286,
8906,0.7110069989535416,
8907,0.8072173161395432,
8908,0.5647619944856032,
8909,0.5731448183612993,
8910,0.39077261417220566,
8911,0.61996004973584,
8912,0.6429977671509315,
8913,0.6503998730810185,
8914,0.8236895082007559,
8915,0.8155415543745601,
8916,0.49020551353552455,
8917,0.6085667655963843,
8918,1.0044184684974997,
8919,0.8839950230445501,
8920,0.9507801184150587,
8921,0.27111922411911454,
8922,0.8019767925315575,
8923,0.87874280635343,
8924,0.8548854631313645,
8925,0.8662885439640378,
8926,0.8551957986446457,
8927,0.6298860054487339,
8928,0.801676651504874,
8929,0.8152878405382451,
8930,0.711177323483392,
8931,0.9373691275163964,
8932,0.6345692061842981,
8933,0.76213787021785,
8934,0.7911217792384456,
8935,0.5672679114482746,
8936,0.5396261062138444,
8937,0.6850760200915837,
8938,0.8876532131953417,
8939,0.7929664432295452,
8940,0.6255506017422722,
8941,0.7860319079246569,
8942,0.8618217769382602,
8943,0.7550352543219427,
8944,0.8611499645471349,
8945,1.0883405512362414,
8946,0.8114429665382932,
8947,0.7791823784093087,
8948,0.8190087824289192,
8949,0.9634799763181779,
8950,0.5610012237766809,
8951,0.8729640284683988,
8952,0.7408771854319486,
8953,0.729973365494453,
8954,0.5848971445722821,
8955,0.6811252711068364,
8956,0.6333753298550964,
8957,0.9045175692927696,
8958,0.8421958327700995,
8959,0.7230279777672272,
8960,0.7198370022506207,
8961,0.9312247139723625,
8962,0.6809450314254213,
8963,0.5170465401107825,
8964,0.6737054713475552,
8965,0.7061030563624116,
8966,0.7742407423219302,
8967,0.8225292417853882,
8968,0.5498257611971685,
8969,0.8666983031075898,
8970,0.9052380055736547,
8971,0.7907730744100097,
8972,0.9374351246447453,
8973,0.8569315128781464,
8974,0.5479520761202139,
8975,0.8401988993478283,
8976,0.9265633640590478,0.5729947071229776
8977,0.7096008814190982,
8978,0.7427934281525379,
8979,0.8486764404334473,
8980,0.7920633349934749,
8981,0.7263413151758584,
8982,0.8466984240591976,
8983,0.6088883318722851,
8984,0.7993891743052796,
8985,0.9820464138812434,
8986,0.8261848393128162,
8987,0.7690489897897033,
8988,0.7698202525106213,
8989,0.8468362482024863,
8990,0.7852125659746527,
8991,0.8308316536952545,
8992,0.5898319281892854,
8993,0.7661144804624496,
8994,0.8505789245717604,
8995,0.8154346777780201,
8996,0.7513077178976435,
8997,0.6521010716443477,
8998,0.9306369579202151,
8999,0.6842603439429654,
9000,0.7260106706237539,
9001,0.6965541171666436,
9002,0.6422909177388153,
9003,1.0076466243021083,
9004,0.8552334406256548,
9005,0.7964638691437209,
9006,0.8856994648678105,
9007,0.5409276958522719,
9008,0.8613416499767887,
9009,0.7382619739559227,
9010,0.7369799216252256,
9011,0.7039133878462404,
9012,1.0933466495213588,
9013,0.8051592102724504,
9014,0.9364278561715508,
9015,0.6786591768948872,
9016,0.9475127038109633,
9017,0.8849940696133958,
9018,0.8111022982984737,
9019,0.7183249015883434,
9020,0.7701776659983179,
9021,0.784982157283958,
9022,0.7133298093434289,
9023,0.8188484108899676,
9024,0.7518996276318092,
9025,0.6649549640613256,
9026,0.5995004637900461,
9027,0.7362433901896034,
9028,0.8089831122868336,
9029,0.9459056692946268,
9030,0.9382687410662142,
9031,0.8798493502698811,
9032,0.6041230185355277,
9033,0.601299252883058,
9034,0.7492593041544324,
9035,0.8965851483172538,
9036,0.7195235419135918,
9037,0.794579213676604,
9038,0.8742339039009628,
9039,0.5821259040379743,
9040,0.7787904341320504,
9041,0.791694956813683,
9042,1.0209778511496106,
9043,0.7764891341702844,
9044,0.7489261753850721,
9045,0.85840633732236,
9046,0.8482427903849975,
9047,0.8474185967968128,
9048,1.043823866074406,
9049,0.8379936580838022,
9050,0.9263480242038116,
9051,0.5540594389488688,
9052,0.46976614153767765,
9053,0.9494507776894127,
9054,0.9224023951697673,
9055,0.8545400576729594,
9056,0.667767205043935,
9057,0.5107204068117507,
9058,0.7614426806068495,
9059,1.0304472452288673,
9060,0.8342782796807103,
9061,0.9637243327057574,
9062,0.7639630442315499,
9063,0.9304756602452572,
9064,0.7573353251948081,
9065,1.0083073906433848,
9066,0.7127365607316412,
9067,0.7335962364102697,
9068,0.4719953276830239,
9069,0.8632808900998872,
9070,0.48366716807145915,
9071,0.6075556399667504,
9072,0.8096909503827621,
9073,0.7839909475279312,
9074,0.5539003965278824,
9075,0.8130189222404015,
9076,0.8216736199346988,
9077,0.9795780913186429,
9078,0.7884098231681844,
9079,0.7895448227771564,
9080,0.44858811287974154,
9081,0.9038596347771605,
9082,0.8362336643282228,
9083,0.9504611973628899,
9084,0.39111855116209415,
9085,0.7192009017014809,
9086,0.8303027884014155,
9087,0.878190376860066,
9088,0.698990172334197,
9089,0.6019934702072319,
9090,0.7442132217848935,
9091,0.6870165804605017,
9092,0.8987867685816996,
9093,0.8410008449417676,
9094,0.8735978338439567,
9095,0.7562333263938056,
9096,0.8295850208370065,
9097,0.8855700766915836,
9098,0.6492999495722872,
9099,0.8208217673430428,
9100,1.0367609748267717,
9101,0.8812321998157822,
9102,0.7567158648363093,
9103,0.8323573676498387,
9104,0.7869754629819035,
9105,0.7820323853290927,
9106,0.9034373968639845,
9107,0.8176534182159318,
9108,0.9224040926503472,
9109,0.8747329055267867,
9110,0.7784998235941522,
9111,0.9333036801532734,
9112,0.8836775180997645,
9113,0.8671779548979072,
9114,0.8785550527723512,
9115,0.5567799320944755,
9116,0.6212996511349079,
9117,0.9078305868421294,
9118,0.803929718949784,
9119,0.8638988265856155,
9120,1.0471340016150261,
9121,0.9527094756108785,
9122,0.7735453113435289,
9123,0.6357977697334167,
9124,0.5246243698431396,
9125,1.003520954225586,
9126,1.064484931835097,
9127,0.8026115977855495,
9128,0.9250149975672072,
9129,0.8708903496065823,
9130,0.8629636586738612,
9131,0.7685159486158284,
9132,0.9405031887622796,
9133,0.9178399541230308,
9134,1.091344771387198,
9135,0.8385397084024275,
9136,0.7986187168601123,
9137,0.7613264253703211,
9138,0.8695927078649378,
9139,0.8047994335147635,
9140,0.781464956016996,
9141,0.6971468607650815,
9142,0.9587444438100162,
9143,0.9504658619769932,
9144,0.9065241634799837,
9145,0.9059254863815523,
9146,0.9055244983084253,
9147,0.927294405083489,
9148,0.7029190012027606,
9149,0.8641560023797034,
9150,0.7916255579513438,
9151,0.9998589372637382,
9152,0.6307369154652486,
9153,0.9523144890778634,
9154,1.273087786351376,
9155,0.7976715471424011,
9156,0.7313155488441498,
9157,0.6931485970836632,
9158,0.8446721725307723,
9159,0.8275413251553534,
9160,0.8718325880489194,
9161,0.8041442110248355,
9162,0.7861466594079531,
9163,1.0021185603293727,
9164,1.0118274593649481,
9165,0.6606073148224945,
9166,0.969703932005852,
9167,0.7497389594351804,
9168,0.8914831401656327,
9169,0.7959863059161333,
9170,0.928611690792214,
9171,0.8743198410567589,
9172,0.7737284880684838,
9173,0.6461667217836975,
9174,0.9874172432249277,
9175,0.8788055101532675,
9176,0.7542813810919758,
9177,0.9035290443185732,
9178,0.5540286083040931,
9179,0.643595970558202,
9180,0.9722844296525521,
9181,0.9804781124157872,
9182,0.733474138945833,
9183,0.7049373310614497,
9184,0.6175643962986619,
9185,0.6592088128682116,
9186,0.7925778671733358,
9187,0.7907565443187022,
9188,0.8169093006239441,
9189,0.9328321450612765,
9190,0.88447103671806,
9191,0.8172690898542933,
9192,0.7438263265740206,
9193,0.8963350157264608,
9194,0.8536081030118339,
9195,0.7469587276730338,
9196,0.8876890931566729,
9197,0.7290998620963067,
9198,0.8398674950108567,
9199,0.696262362804051,
9200,0.7797631553558275,
9201,0.9297251901660024,
9202,0.907497816982221,
9203,0.6267615502572901,
9204,0.8045512821750332,
9205,0.9783258053665745,
9206,0.7956545951491053,
9207,0.9532099908573337,
9208,0.7068641647027354,
9209,0.7420614166054713,
9210,0.8471931301458131,
9211,0.8489561259213029,
9212,0.8287500591533701,
9213,0.6863090020291227,
9214,0.9301791566790055,
9215,0.814622413773936,
9216,0.7240250360308986,
9217,0.8581065051548284,
9218,0.7971719338816888,
9219,0.8708874864973761,
9220,0.9069275512122423,
9221,0.7697770798201413,
9222,0.912662196023823,
9223,0.8654627745498488,
9224,0.8124511416633559,
9225,0.7200210848459603,
9226,1.0341424429863282,
9227,0.6043596554333169,
9228,0.45959140380378743,
9229,0.83900520685214,
9230,0.6876177008678788,
9231,0.7482339513241398,
9232,0.8673695396273313,
9233,0.9352221124813923,
9234,0.7556942551989264,
9235,0.8038411879425374,
9236,0.575636954917195,
9237,0.6388631889800954,
9238,0.7711207909437946,
9239,0.6025988484610523,
9240,0.9237984530385748,
9241,0.9027502553815995,
9242,0.832731279643051,
9243,0.7234083840106046,
9244,1.0543535233987373,
9245,0.9464512156041726,
9246,0.6998543428272356,
9247,0.6319237559878537,
9248,0.812038074543947,
9249,0.7750547063263262,
9250,0.9278993385489112,
9251,1.0486507368139726,
9252,0.7221443604996873,
9253,0.8481594220486867,
9254,0.8599447390021474,
9255,0.8784465831866562,
9256,0.8514395717269558,
9257,0.8483734056805149,
9258,0.6665210542888332,
9259,0.7684555843602543,
9260,0.8296296835322969,
9261,0.733031679290282,
9262,0.7851144631950333,
9263,0.7901255261895567,
9264,0.8745420384318879,
9265,0.7991216714690563,
9266,0.8134535255016769,
9267,1.0329729487640429,
9268,0.6782350011307147,
9269,0.8840635113922051,
9270,0.6875623578395588,
9271,0.7851468666339141,
9272,0.9192848367016248,
9273,0.729727218488552,
9274,1.0193604107067986,
9275,0.6550744689329824,
9276,0.9487004588727945,
9277,0.8762404629131888,
9278,0.6647633690352514,
9279,0.7000182441828348,
9280,0.8980457593152164,
9281,0.7725508453401889,
9282,0.6594445451662673,
9283,0.7324908917607175,
9284,0.9420982723898781,
9285,0.8002538085505666,
9286,0.7625254368530033,
9287,0.6145167398570802,
9288,0.7875772901450586,
9289,0.5548015527062217,
9290,0.6245581638909701,
9291,0.9372415124248087,
9292,0.6945355069566341,
9293,0.8704783660755973,
9294,0.8102295314950068,
9295,0.7433178500420073,
9296,0.9841399287497246,
9297,1.0487977805519222,
9298,0.6695392007879473,
9299,0.7795960656326424,
9300,1.0420336014700928,
9301,0.8973284282505619,
9302,0.647589894162666,
9303,0.8401646345871687,
9304,0.8847205181728657,
9305,0.9602058674030646,
9306,0.9970865562624318,
9307,0.9030421013562469,
9308,1.035686989492395,
9309,0.7979532611435134,
9310,0.6775662112299646,
9311,0.7722588351333275,
9312,0.8010356750786015,
9313,0.6874984395825129,
9314,0.8048809495577691,
9315,0.6500492869951151,
9316,1.0455618379514868,
9317,0.8274082279296412,
9318,0.6926125707439886,
9319,0.923403632249856,
9320,0.7852260269662049,
9321,0.952763221007639,
9322,0.5876982160202524,
9323,0.7747999542541515,
9324,0.5332757709048045,
9325,0.8708075778862796,
9326,0.7265238809426164,
9327,1.0377471097257793,
9328,0.9534514803195482,
9329,0.8609323095283827,
9330,0.9710135389255582,
9331,0.6427464168725846,
9332,0.8138847382127543,
9333,0.815381382514218,
9334,1.0526219108502077,
9335,0.6720127733111332,
9336,0.7216419852014887,
9337,0.8681414635461806,
9338,0.806106930969153,
9339,0.6824029269979632,
9340,0.8783909668281147,
9341,0.9605726061880332,
9342,0.7480285827600994,
9343,0.9258286358283765,
9344,0.9865325125520801,
9345,0.9100761818509723,
9346,0.8183329136968146,
9347,0.7876028627352978,
9348,0.7745945023490465,
9349,0.7917179822670676,
9350,0.9108648334266201,
9351,0.6129826775241213,
9352,0.9381663703400268,
9353,0.7787572788035745,
9354,0.6234433773987232,
9355,1.0706868692271592,
9356,0.9792246298579993,
9357,0.5993247603495336,
9358,0.8874036023765433,
9359,0.7246473110903004,
9360,0.7259736582342293,
9361,0.8431983386165628,
9362,0.9466667466118219,
9363,0.8295424988569962,
9364,1.021889011125454,
9365,0.6746620574435918,
9366,0.8015040613262665,
9367,0.7678372644979279,
9368,0.5387742440346494,
9369,0.6763748284873564,
9370,0.8363301015167072,
9371,0.750065446878085,
9372,0.9824307559527683,
9373,0.9919310457234878,
9374,0.8259095177514577,
9375,0.786595931816581,
9376,0.8957558284649717,
9377,0.8567788883523784,
9378,0.7234947855832433,
9379,0.786376454016445,
9380,0.8267234956853801,
9381,0.7261707755103973,
9382,0.894123322651519,
9383,0.7746743292228424,
9384,0.6730237400128217,
9385,0.8315664154912212,
9386,0.7128177896406961,
9387,0.9672371166685447,
9388,0.7721534830520952,
9389,0.7797759893647158,
9390,1.1309380165670089,
9391,0.8505053285316372,
9392,0.981959523650209,
9393,0.7909791965571056,
9394,0.5652780042646501,
9395,0.634177671545782,
9396,0.9980902722522523,
9397,0.676815267385946,
9398,0.9364544252153546,
9399,0.6997572935456401,
9400,0.8526249063417445,
9401,0.9926152997776723,
9402,1.006754072633958,
9403,0.9215554891252725,
9404,0.8813028358989211,
9405,0.736819292122061,
9406,0.747995435688659,
9407,1.0628475995715474,
9408,0.8647025357482344,
9409,0.5992348939042876,
9410,0.696541273370829,
9411,0.7896142133998431,
9412,0.717056731431167,
9413,0.6242249463121168,
9414,1.0366459481857333,
9415,0.552750041089626,
9416,0.7768407243840618,
9417,0.7306617498712717,
9418,0.7531859059448813,
9419,0.9285631275133014,
9420,0.8009777802760161,
9421,0.6629835860211888,
9422,0.892676690581218,
9423,0.679960125398834,
9424,0.8782620073307686,
9425,0.7120542228060721,
9426,0.9826106693814645,
9427,0.7385462182546637,
9428,0.7292349463056308,
9429,0.8538170649582475,
9430,0.8338497191259505,
9431,0.7719625916803196,
9432,0.9390527672464466,
9433,0.5170151303289495,
9434,0.737662626777616,
9435,0.837466771023917,
9436,1.172144496545984,
9437,1.1114045655886002,
9438,1.0036467854727038,
9439,0.6270109335825423,
9440,0.7503824310483387,
9441,0.6699040701396186,
9442,0.8584279910239122,
9443,0.8305017913266393,
9444,0.5831406007850384,
9445,0.8138292671618812,
9446,0.8236094429805603,
9447,0.9409358253075384,
9448,0.9577776144503785,
9449,0.8017118930686791,
9450,0.566736688434112,
9451,0.8242174683877961,
9452,0.8542569630035457,
9453,0.5708036736915248,
9454,0.852412385682791,
9455,0.9480332131781083,
9456,0.6295021665857296,
9457,0.5927769270212218,
9458,0.8789547418026631,
9459,0.9994385620761018,
9460,0.47898664346574127,
9461,0.9937490102972482,
9462,0.7363898158764826,
9463,0.7323665241196445,
9464,0.9827823916085476,
9465,0.6406759985415519,
9466,0.8066121989845768,
9467,0.5081772296096054,
9468,0.7466105060004804,
9469,0.7798082816528499,
9470,0.7926258614813921,
9471,0.5846515772018266,
9472,0.9135694796458775,
9473,0.6971776719557027,
9474,0.8989167345985137,
9475,0.7848433185167498,
9476,0.743066953798399,
9477,0.7058829133592556,
9478,0.8397302574944144,
9479,0.5292693107083468,
9480,0.7861004395694463,
9481,0.5778473988265643,
9482,0.6746222960308074,
9483,0.8032135301671648,
9484,0.8876795174663269,
9485,0.8745675272644653,
9486,0.6699728905788538,
9487,0.9123828979110002,
9488,0.6680801993359092,
9489,0.7774335133806359,
9490,0.7951734036978114,
9491,0.5570434776878467,
9492,0.7674704593735604,
9493,0.6818621582866751,
9494,0.9077320387154049,
9495,0.7569864695514262,
9496,0.5748649823068647,
9497,0.8176480266559994,
9498,0.66924547980819,
9499,0.8888203498690584,
9500,0.49055596402392565,
9501,0.5978732800564966,
9502,0.7713026969967637,
9503,0.8183395787476099,
9504,1.0339188552598833,
9505,0.8531885107763185,
9506,0.7775684391461517,
9507,0.9244611899790299,
9508,1.030173558435464,
9509,0.5015415781474761,
9510,0.7036813491723765,
9511,1.0970826557965618,
9512,0.8644247995860584,
9513,0.6660853266379355,
9514,0.42905073584945685,
9515,0.8467708191904871,
9516,0.9946431691685875,
9517,0.8359221864763791,
9518,0.918323608999522,
9519,0.7745543287120701,
9520,0.9782825831237849,
9521,0.6931257488079184,
9522,0.7875079098834339,
9523,0.8276830652268994,
9524,0.6921191001342836,
9525,1.0970060489904474,
9526,0.6185594365912802,
9527,0.831682079039481,
9528,0.7735280909782449,
9529,0.9019934095125088,
9530,0.8741753168763222,
9531,0.5873394096259215,
9532,0.9229316008178202,
9533,0.8342239923051987,
9534,0.8865908581498911,
9535,0.9049437016447527,
9536,0.6119191837517103,
9537,0.780486075541083,
9538,0.9797896488652834,
9539,0.8296854475769438,
9540,0.833580372189441,
9541,0.7888684168318014,
9542,0.8493414170084123,
9543,0.5152385175798938,
9544,0.7237237648780669,
9545,0.8656330494018379,
9546,0.6652698781791614,
9547,0.6549178287639917,
9548,0.7910369847316407,
9549,0.8104312633899032,
9550,0.654744142501858,
9551,0.6934168211632727,
9552,0.8070327122985511,
9553,0.949112923597531,
9554,0.7657300267272824,
9555,0.8785064004820375,
9556,0.760746511901621,
9557,0.8440603246826021,
9558,0.7672369157497674,
9559,0.7853859706634885,
9560,0.91262814818128,
9561,0.9616603240940184,
9562,0.7448428346731455,
9563,0.8757205136386451,
9564,1.0628127106783833,
9565,0.7351100789838431,
9566,0.9033390351216344,
9567,0.8395345674636683,
9568,0.9160029091693596,
9569,0.8195915490872466,
9570,0.8504671663019409,
9571,1.0426857004767967,
9572,0.7396289645775111,
9573,0.7665368803240435,
9574,0.8296323265697351,
9575,0.7828416283398251,
9576,0.7624098081325025,
9577,0.7256405589041443,
9578,1.0200208957877792,
9579,0.7731974934415289,
9580,1.05534458843748,
9581,0.8273512621492769,
9582,0.7017160258957122,
9583,0.8109536286683984,
9584,0.8451991580622432,
9585,0.7046240741449277,
9586,0.7604937005586662,
9587,0.5687369295363706,
9588,0.7724735038125299,
9589,0.8221725677312268,
9590,0.74066485678058,
9591,0.852223553882707,
9592,0.4828587404663754,
9593,0.8611726468223133,
9594,0.756456454709792,
9595,0.6395035997188394,
9596,0.8790055223801353,
9597,0.7487776383159837,
9598,0.7931130094932239,
9599,0.9433813963243051,
9600,0.7843082890836347,
9601,0.7895835287138102,
9602,0.7089009946472145,
9603,0.7898190376034775,
9604,0.929122978673548,
9605,0.6687030927686133,
9606,0.8109698918836938,
9607,0.7718576569018241,
9608,0.7652272614969101,
9609,0.909177404231911,
9610,0.6852681521540988,
9611,1.1546272170043028,
9612,1.0512947040800456,
9613,0.7904295044001398,
9614,0.6302313102678432,
9615,0.687293705579415,
9616,0.8100248938240809,
9617,0.859168252076721,
9618,0.7749889860172866,
9619,0.7647384120290489,
9620,0.8932153546831002,
9621,0.7044905805680743,
9622,0.9147983341368043,
9623,0.8136367636259163,
9624,0.8626367987952088,
9625,0.6332633875631146,
9626,0.8109051530549201,
9627,0.6452774608193382,
9628,0.5560344283010885,
9629,0.8958156319245056,
9630,0.9643168699821857,
9631,0.8036778888906547,
9632,0.7341460463328094,
9633,0.8965260790184609,
9634,0.7580721945570087,
9635,0.5078481030963997,
9636,0.6415419126718882,
9637,0.9648770655672538,
9638,1.0530353774204955,
9639,0.7060424031724108,
9640,0.8795338740387308,
9641,0.7370474676068447,
9642,0.8415307670871754,
9643,1.0326026932740369,
9644,0.7621855998333407,
9645,0.6937351348360343,
9646,0.9371067000968287,
9647,1.0023461935781892,
9648,0.6874001398673731,
9649,0.8268218254785086,
9650,0.9815309589802584,
9651,0.7842900171271535,
9652,0.6841487997680138,
9653,0.7661201638485342,
9654,0.6449657132270552,
9655,0.8088233251183312,
9656,0.8121541675916075,
9657,0.7668581257226338,
9658,0.9559046202400487,
9659,0.8545491414393487,
9660,0.8035608167222944,
9661,0.7182936267236926,
9662,0.8015687319010565,
9663,0.8390396912347781,
9664,0.7093611652862929,
9665,0.8988220076539292,
9666,0.6743772988890558,
9667,0.8904771306510804,
9668,0.9749526460597234,
9669,1.044679512458312,
9670,0.8621234621611058,
9671,0.7665736842966138,
9672,0.6633585172450289,
9673,0.8754493454398801,
9674,0.8519974860304794,
9675,0.8424441461263601,
9676,0.7887397472995208,
9677,1.0717729766000235,
9678,0.6770687165772187,
9679,0.7060383999510914,
9680,0.8081936625477348,
9681,0.9267197145499898,
9682,0.9230786846101671,
9683,0.614221682255069,
9684,0.7069927989609212,
9685,0.7979289127812156,
9686,0.8600608477711912,
9687,0.8836414687943372,
9688,0.7166073416111062,
9689,0.830685021440168,
9690,0.9962310594859562,
9691,0.6953044286428269,
9692,0.8435603469551392,
9693,0.9283968656269629,
9694,0.7499494815429054,
9695,0.6585042810060304,
9696,0.7484487316655434,
9697,0.8029062044442334,
9698,0.5597560616017906,
9699,0.6919411063360171,
9700,1.0092025942131964,
9701,0.7741729891768979,
9702,0.8301797064357778,
9703,0.9132298250817883,
9704,0.6282449128200547,
9705,0.9748163255352097,
9706,1.1301352113561542,
9707,0.7379732634786518,
9708,0.8362297108336826,
9709,0.8204408944432156,
9710,0.79254814868,
9711,0.8792132918992815,
9712,0.6992849575985395,
9713,0.8062598556787274,
9714,0.9550531550935935,
9715,0.5649408232795632,
9716,0.8755804294385572,
9717,0.9384466155333955,
9718,0.7782572854704504,
9719,0.8628757438161763,
9720,0.8379143471006937,
9721,0.9281253672269074,
9722,0.8227836664235645,
9723,0.6927145764163146,
9724,0.8797010934293621,
9725,0.6031678093513035,
9726,1.0123898169417667,
9727,0.9101140492338875,
9728,0.6863316292983488,
9729,0.8121095317167663,
9730,0.842241877104092,
9731,0.6665398376835272,
9732,0.7558440587639875,
9733,0.8484737245438606,
9734,0.8802156535151087,
9735,0.7987673135868888,
9736,0.64314647629606,
9737,0.9503619373887728,
9738,0.9790151668871792,
9739,1.049352336275765,
9740,0.7777700867219633,
9741,0.7956189972487486,
9742,0.7319941277025083,
9743,0.9492973738743751,
9744,0.806495262998006,
9745,0.8856213078156397,
9746,0.9350218727311844,
9747,0.9797771030970648,
9748,0.5497601973736109,
9749,0.9398289758342048,
9750,0.7230420332577184,
9751,0.718724433714595,
9752,1.158045473101388,
9753,1.0278512905918897,
9754,0.8367953108622534,
9755,0.9375041174381706,
9756,0.7429923071566567,
9757,0.6783319654479824,
9758,0.8796460804442512,
9759,0.7742869672908075,
9760,0.8497208097387571,
9761,0.7858778150785307,
9762,0.8177394226266756,
9763,0.6306949980865648,
9764,0.7648155668399682,
9765,0.6972471458938848,
9766,0.8230204385625193,
9767,0.7958845255774846,
9768,0.7633532359350352,
9769,0.9506458089374616,
9770,0.9082238632694275,
9771,1.028102975625611,
9772,0.8343302757307636,
9773,0.7929843033693666,
9774,0.6876861101022615,
9775,0.7769870914552893,
9776,0.7030231935383902,
9777,0.8467779612289664,
9778,0.8405450115456975,
9779,0.8032513645282853,
9780,0.8706661096465116,
9781,0.8470731075756706,
9782,0.8987754428775176,
9783,0.7410575923968021,
9784,0.7922511753414926,
9785,0.9069983165657339,
9786,0.9581970371103914,
9787,0.6259513016591896,
9788,0.8717390341779689,
9789,0.9330743488944754,
9790,0.8444548231236355,
9791,0.6946134929873286,
9792,0.6881672036507147,0.779313267938201
9793,0.8160785535682231,
9794,0.9728166433413705,
9795,0.924212581115165,
9796,0.8000054948847137,
9797,0.9080217026119927,
9798,0.7030888428116061,
9799,0.7197363787759437,
9800,0.8095894618574502,
9801,0.838367702239299,
9802,0.8194732963398161,
9803,0.6890197069766607,
9804,0.8202897775433566,
9805,0.7329042979688593,
9806,0.7223933023855014,
9807,0.5650848040122897,
9808,0.9142150523702344,
9809,0.8082652492287168,
9810,0.7597350787597935,
9811,0.79780991456833,
9812,0.8149065130591102,
9813,0.842071998451281,
9814,0.78724016430091,
9815,0.5579971056105439,
9816,0.8578188816238033,
9817,1.0836449934630228,
9818,0.5205875986480922,
9819,0.7163555535299123,
9820,0.7617462849601438,
9821,0.8558125095425848,
9822,0.8861709247139867,
9823,1.023748868980091,
9824,0.8859646202543615,
9825,0.8515194562690044,
9826,0.7919305080519458,
9827,0.9115969104975769,
9828,0.9769366531268817,
9829,0.4649287828852619,
9830,0.7099629966890411,
9831,0.7313375073861493,
9832,0.9951111244912616,
9833,0.8186740935670405,
9834,0.7672397174574981,
9835,0.7743504111838001,
9836,0.8208003596263336,
9837,0.7790213740913191,
9838,0.8094764446524675,
9839,0.7524456036741533,
9840,0.8356739283420136,
9841,0.7620794413101951,
9842,0.8503470487080299,
9843,0.823692475771139,
9844,0.5851130438162382,
9845,0.7682885625280228,
9846,1.018940704921931,
9847,0.6410003718430803,
9848,0.9361760384224703,
9849,0.8461484271111086,
9850,0.9508615439439246,
9851,0.5715556697734976,
9852,0.8138141130614188,
9853,0.7540471920773064,
9854,0.6944671048283343,
9855,0.6736893414384447,
9856,0.8835906740958699,
9857,0.5911006572344545,
9858,0.9026590111589538,
9859,0.7673965385224962,
9860,0.7569701141895899,
9861,0.9704195426234017,
9862,0.944325569727155,
9863,0.7835841715550125,
9864,0.7129342606925896,
9865,0.9630888423106699,
9866,0.8847388351197328,
9867,0.6464512748175805,
9868,0.8347876474431227,
9869,1.0250980064393593,
9870,0.7460238432811491,
9871,0.8110738420783152,
9872,0.8439292684725868,
9873,0.6467989775238656,
9874,0.8112280864203403,
9875,1.050037505122538,
9876,0.7247121174779807,
9877,0.6112572194359354,
9878,0.7939952094483342,
9879,0.6037015430061967,
9880,0.7208454601616856,
9881,0.8494631623403162,
9882,0.8701465818766457,
9883,0.4414305228417588,
9884,0.7412486612294826,
9885,0.907674638333741,
9886,0.701260389457757,
9887,0.7877571073974461,
9888,1.006928236471971,
9889,0.7379138378618323,
9890,0.6914438031674888,
9891,0.8615022605902252,
9892,0.7010672182034281,
9893,0.943183597159448,
9894,1.002382036259897,
9895,0.6140245821276189,
9896,1.0044788292363311,
9897,0.9354554644554612,
9898,0.7163137304054323,
9899,0.8706320260689467,
9900,0.7519739411098831,
9901,0.9992089396188228,
9902,0.9908972059237251,
9903,0.9552129583237378,
9904,0.8711174225773486,
9905,1.0527286216383702,
9906,0.6062643631181116,
9907,0.7600389261177147,
9908,0.7364855578201398,
9909,0.7399132710052527,
9910,0.8663933835707172,
9911,0.8004178683359084,
9912,0.6645115892848059,
9913,0.9935328931973574,
9914,0.7687030779678805,
9915,0.7565669316148604,
9916,0.7404189116219111,
9917,1.0062148331564527,
9918,0.804826648350909,
9919,0.9625583905795126,
9920,0.7091175676207717,
9921,1.080373387991798,
9922,0.9922301422407477,
9923,0.7809423500218224,
9924,0.772106310468918,
9925,0.8724561460611562,
9926,0.7938543395113933,
9927,0.9475860301829294,
9928,0.7395094692855453,
9929,0.8142837801903153,
9930,0.865619566442038,
9931,0.731490281466286,
9932,0.7960592096829939,
9933,1.1133510795541073,
9934,0.8478890036745125,
9935,0.8147444511480928,
9936,1.03655310749229,
9937,0.8027081765173015,
9938,1.064442110104718,
9939,0.6079531336427969,
9940,0.8827306540689634,
9941,0.7035180600421218,
9942,0.9208093689477134,
9943,0.7854302028973076,
9944,0.7907959981869536,
9945,0.7457675947273351,
9946,0.9204384499176076,
9947,0.7717552432573457,
9948,0.8067057884002675,
9949,0.8586556804807649,
9950,0.5370095045048092,
9951,0.7614916303497631,
9952,0.9279282128108814,
9953,0.9843027213725961,
9954,0.8696902206010148,
9955,1.074401806296623,
9956,0.9368668356032926,
9957,0.8292135221831393,
9958,0.8221958461241144,
9959,0.8902084520046194,
9960,0.8805314438410234,
9961,0.7280114777452836,
9962,0.7737147017728092,
9963,0.6723995263005108,
9964,0.721926406940535,
9965,0.8901633330017588,
9966,0.9293025860317133,
9967,1.060747668271175,
9968,0.8787926154363334,
9969,0.7245994435983674,
9970,0.8898296505495424,
9971,1.0111191894863378,
9972,0.7724652378734784,
9973,0.7352432061523507,
9974,0.8070353683924237,
9975,0.8483736877308699,
9976,0.7676713217610015,
9977,0.713659136589878,
9978,0.9114359371760785,
9979,0.6774736988871329,
9980,0.9365505653915079,
9981,0.9044966677993628,
9982,0.7857152812036213,
9983,0.5673535179003529,
9984,0.9198738570612826,
9985,0.6925366424917266,
9986,0.8603709467710254,
9987,0.5454083502145499,
9988,0.5653525269546865,
9989,0.9669455741632919,
9990,0.9763480707474717,
9991,0.8109959260876475,
9992,0.7404902935928203,
9993,0.8608034812226292,
9994,0.8415093547575292,
9995,0.9201410872786989,
9996,0.7830316164986003,
9997,0.677924047599743,
9998,0.8724450354687803,
9999,0.6487329791194163,
10000,0.7579269134665776,
10001,0.847627906504036,
10002,0.7686321829762293,
10003,0.6162058652783962,
10004,0.9102736618607634,
10005,0.7622250815635147,
10006,0.6721583451133221,
10007,0.9458532086207612,
10008,0.6020573218824797,
10009,0.7838058455179997,
10010,0.719372698619645,
10011,0.9110526934170057,
10012,0.6765528559830982,
10013,0.7324161676583981,
10014,1.0676556763298233,
10015,1.2049000266337206,
10016,0.7558591150543391,
10017,0.6687614161833405,
10018,0.9011060503483195,
10019,0.9239987355993359,
10020,0.8350108745021451,
10021,0.8079558288938238,
10022,0.6876813821145169,
10023,0.9328378199306704,
10024,0.7569484911441733,
10025,0.9657841953698103,
10026,0.6909302278346383,
10027,0.5736957990933507,
10028,0.6543225168633414,
10029,0.702148456248874,
10030,0.8634917987279046,
10031,0.9082101180520039,
10032,0.7109793384405221,
10033,0.8471042105176841,
10034,0.866969626549888,
10035,0.9431767042628976,
10036,0.7746817275835369,
10037,1.1145829170969337,
10038,1.1706325529437407,
10039,0.6909625127209827,
10040,0.8062939166455122,
10041,0.7830066162388327,
10042,0.5470473039580652,
10043,0.6986789373140052,
10044,0.8704992142407513,
10045,0.7368854602541188,
10046,0.8743625782577041,
10047,0.8572136585474068,
10048,0.9230052589602472,
10049,0.6688883332933179,
10050,0.7391852762478623,
10051,0.7108067333511947,
10052,0.890932315990274,
10053,0.844786719244852,
10054,0.7641206370914293,
10055,0.6974077443366306,
10056,0.4596213395443467,
10057,0.7050225599606414,
10058,0.8684546274194136,
10059,1.0227340122118924,
10060,0.9325959628912661,
10061,0.6486773909260087,
10062,0.694425788166911,
10063,0.7323039568349324,
10064,0.7923606092297616,
10065,0.9317924375492612,
10066,0.7960469829412439,
10067,0.7759450067083326,
10068,0.851874327065515,
10069,0.8662488236730128,
10070,0.9527602515133015,
10071,0.9274977940166563,
10072,0.931359665257557,
10073,0.8426727520242139,
10074,0.5568500983567581,
10075,0.8240776721118869,
10076,0.7656971011887845,
10077,0.8815622906405175,
10078,0.697850685241823,
10079,0.812376909280354,
10080,0.8732786048630479,
10081,0.6960354108502911,
10082,0.7903118781656173,
10083,0.7839434422976471,
10084,0.7496567864244678,
10085,0.596628843808379,
10086,0.8599681540853039,
10087,0.8687238229341159,
10088,0.7826670201848798,
10089,1.0328339278000696,
10090,0.7981120874875987,
10091,0.9063600250837546,
10092,0.8964503070190869,
10093,0.7919437945587341,
10094,0.7274978258213737,
10095,0.7506359677722476,
10096,0.8731101037719239,
10097,0.6589978868875669,
10098,0.7464818509350798,
10099,0.8555752756744435,
10100,0.7885769481933252,
10101,0.9357734851116117,
10102,0.8595132463653143,
10103,0.6272256526763897,
10104,0.8804330438889776,
10105,0.7552059959128288,
10106,0.7183638828477464,
10107,0.5945258288618572,
10108,0.5992497698057684,
10109,0.7452553598112839,
10110,0.7187538693275008,
10111,0.8707590937521197,
10112,0.7274621357921303,
10113,0.9107358450301415,
10114,0.7054183203918105,
10115,0.9660471654578919,
10116,0.7979633633909603,
10117,0.9136405493896598,
10118,1.1859389078995828,
10119,0.808321972958317,
10120,0.6613292018557877,
10121,0.7422840547394192,
10122,0.7385435753882902,
10123,0.8228883708869111,
10124,0.897591197175074,
10125,0.8885912346180245,
10126,1.0486240872305046,
10127,0.9005703742459535,
10128,0.9591443416170143,
10129,0.7702646369565394,
10130,0.7074151781699326,
10131,0.8070064026881855,
10132,0.8832292202759758,
10133,0.8335080392987245,
10134,0.6144486892468012,
10135,1.0225744546401894,
10136,0.8971872578776271,
10137,0.6940254977695124,
10138,0.5248197417416566,
10139,0.8626886603349659,
10140,0.9941100011971794,
10141,0.6442634958604383,
10142,0.7319258117648003,
10143,0.7522078959670286,
10144,0.7819821176893661,
10145,0.8867771298313804,
10146,0.8877973998602624,
10147,0.8107538013424553,
10148,0.7782868161491127,
10149,0.8376317115552512,
10150,0.9295626753131161,
10151,0.6963288508760305,
10152,0.7748518749255388,
10153,0.8035880572953665,
10154,0.6970332057482459,
10155,0.8268443424444856,
10156,0.8136191557807619,
10157,0.8005911194670873,
10158,0.7073416472163396,
10159,0.9958644962836606,
10160,0.6605138179281167,
10161,0.7741945928270886,
10162,0.7711512512751997,
10163,0.7807200339482815,
10164,0.6265453824693693,
10165,0.8455241839103713,
10166,0.8896600245440529,
10167,0.7513161619629511,
10168,0.8830369218379001,
10169,0.9369555224047236,
10170,0.6191241133651484,
10171,0.5906673713988794,
10172,0.8031851877016931,
10173,0.9461454359257471,
10174,0.7442523901922536,
10175,0.8955347585509474,
10176,0.512854259626548,
10177,0.8490049606523475,
10178,0.8596930591972461,
10179,0.9001125673143834,
10180,0.9989630329376143,
10181,0.9006752096212133,
10182,0.8864597012268624,
10183,1.01622160477376,
10184,0.6626626058981082,
10185,0.9727040984068587,
10186,0.9294987091855378,
10187,0.6264340757274975,
10188,0.9452436037232365,
10189,0.8975859916682069,
10190,0.9246199721793603,
10191,0.7437749117797626,
10192,0.7797712240202513,
10193,0.6603924695409206,
10194,0.8714657831275505,
10195,0.7300857535089683,
10196,0.829660269441702,
10197,0.800298476003574,
10198,1.0592110497679983,
10199,1.0128111819761683,
10200,0.8711797418693359,
10201,0.694887335347951,
10202,0.699315205991125,
10203,0.7872446500327642,
10204,0.7672256795391292,
10205,0.7091741177033237,
10206,0.8800014002142486,
10207,0.698866881160245,
10208,0.9644332976585247,
10209,0.7652852816164613,
10210,0.843323407740472,
10211,0.7237832027284469,
10212,0.8680518172802066,
10213,0.7254484341632499,
10214,0.9428534152568162,
10215,0.7304270993577524,
10216,0.7429339538417328,
10217,0.9593325989488383,
10218,0.9348886588977767,
10219,0.9028015698326672,
10220,0.937979398232549,
10221,1.056004548921389,
10222,1.198865079570787,
10223,1.134064732976921,
10224,0.7475630582596701,
10225,0.9368406562100485,
10226,0.6513197313873957,
10227,0.8623803532364519,
10228,0.8955374582055502,
10229,0.8857503287453234,
10230,0.7425840808813682,
10231,1.0067133509884272,
10232,0.766357252840924,
10233,0.8846950056465976,
10234,0.9196050806228359,
10235,0.8718467407701098,
10236,0.844860474957773,
10237,0.8793596147821051,
10238,0.8484865002378322,
10239,0.7807227368169584,
10240,0.6457326805592796,
10241,0.8130748887859962,
10242,0.8768396265307696,
10243,0.7590578496624498,
10244,0.6782016098694335,
10245,0.5899080323619788,
10246,0.8984369497547355,
10247,0.9254986151560991,
10248,0.8792783625673452,
10249,0.9060479538902813,
10250,0.8625425025414011,
10251,1.209287451246595,
10252,0.9683936021836892,
10253,0.7122358540794257,
10254,0.9036056041595119,
10255,0.9819680807839447,
10256,0.5616510695120519,
10257,0.6701041839243873,
10258,0.8323535614041123,
10259,0.727727265240409,
10260,0.6193237169540012,
10261,0.9131593244054387,
10262,0.8809783013939121,
10263,0.488826826265411,
10264,0.903173453625207,
10265,0.8793038553747974,
10266,0.8800764815655294,
10267,0.8422025793791984,
10268,0.7588504502016367,
10269,0.9379322937626475,
10270,0.763878824286134,
10271,0.7206657515569609,
10272,0.8244098715259468,
10273,0.9034133605570819,
10274,0.7526689729793107,
10275,0.9021318575270982,
10276,0.5765948083944494,
10277,0.773127410201688,
10278,0.8185299602102486,
10279,0.9318371930051819,
10280,0.8405585139174734,
10281,0.7574981608317202,
10282,0.5287130548343908,
10283,0.7961359363676624,
10284,0.9622929694326555,
10285,0.7228163240824933,
10286,0.9962483126910141,
10287,0.8029742967072239,
10288,0.6986983231834646,
10289,0.836587680537518,
10290,0.6578477845520371,
10291,0.6770408559128371,
10292,0.7781069196975148,
10293,0.8116190096874862,
10294,0.9129423416457653,
10295,0.8329373504385784,
10296,0.9170924541738615,
10297,0.9618357183967383,
10298,0.8050378936335927,
10299,0.92189262432836,
10300,0.9762146244060748,
10301,0.9760302333261585,
10302,0.6952647215106507,
10303,0.8658620161061292,
10304,0.7406122183241012,
10305,0.7498524263619731,
10306,0.8660194549630028,
10307,0.9445722667840403,
10308,0.9890960979465854,
10309,0.8367117574380997,
10310,0.826875699609017,
10311,0.6618395727785238,
10312,0.8840786828496633,
10313,0.7181000584103986,
10314,0.9216025914356917,
10315,0.8394877520049627,
10316,0.7341822878945506,
10317,0.5175756691901706,
10318,0.5912511444692079,
10319,0.9038418305596956,
10320,0.8020996399449298,
10321,0.7580347678219131,
10322,0.8106986625281754,
10323,1.085650621524986,
10324,0.6425009711098264,
10325,0.9638605327630316,
10326,0.9268009408084306,
10327,0.8556093188702248,
10328,0.8729883202648792,
10329,1.0165856250723118,
10330,0.800502668395733,
10331,0.7091504220825964,
10332,0.8828553975559564,
10333,0.7202696144384704,
10334,0.6876298247862173,
10335,0.858859850892567,
10336,0.8500617213931293,
10337,0.8112408268746261,
10338,0.861763659098845,
10339,0.6987046874650078,
10340,0.8274338853408567,
10341,0.8078437682217894,
10342,0.4656443195638691,
10343,0.6313629322653243,
10344,0.380242355899632,
10345,0.9743982422443307,
10346,0.9460586624332865,
10347,0.9326242058863795,
10348,0.8643204994960326,
10349,0.9906313846274604,
10350,0.7707149532491777,
10351,0.6584993231720028,
10352,0.8404985097631841,
10353,0.9970784859609407,
10354,0.7695767434607335,
10355,1.115925528416925,
10356,0.7687584573302816,
10357,0.9170081330546284,
10358,0.922342278015356,
10359,0.7844664166832007,
10360,0.955900478141848,
10361,0.7003829580616983,
10362,0.9332810619634746,
10363,0.710340569591275,
10364,0.772014534765289,
10365,0.9607277015714166,
10366,1.108217636286714,
10367,0.88097533014849,
10368,0.728946978161616,
10369,0.8516100735260931,
10370,0.7300087023187958,
10371,0.8054588289136579,
10372,0.8707721655231163,
10373,0.7957602741780183,
10374,0.8934551361170647,
10375,0.8629690752278527,
10376,1.0514796094643422,
10377,0.9542424441136038,
10378,0.6716802591185422,
10379,0.8407022016294563,
10380,0.7084986696746148,
10381,0.9050529338994091,
10382,0.5902525843767831,
10383,0.8209742760547324,
10384,1.0856966309944598,
10385,0.5898429244972687,
10386,0.6378490026508739,
10387,0.7572023900614085,
10388,0.8494543740957997,
10389,0.9414827440914676,
10390,0.6822823914188682,
10391,0.6751217906621568,
10392,0.8959028336104413,
10393,0.8016702158954525,
10394,0.721415116240229,
10395,0.7519121876776559,
10396,1.0366957866959576,
10397,0.9194269284871495,
10398,0.9474928655539973,
10399,0.6588527523707209,
10400,0.5716175183847001,
10401,0.7057922385771269,
10402,1.1316709891586438,
10403,0.5943114990366346,
10404,0.7933107788870789,
10405,0.791428683562365,
10406,0.839359479957507,
10407,0.7681500415799125,
10408,0.9997407301275921,
10409,0.892852168304877,
10410,0.5540838394302516,
10411,0.9453922467468632,
10412,1.1113308951744048,
10413,1.0463127872832056,
10414,0.8905721097096837,
10415,0.7742344098152647,
10416,0.7683019497228918,
10417,0.732711271793441,
10418,0.5790451034856848,
10419,0.7176092312507903,
10420,0.7221296681870195,
10421,0.9013038406583823,
10422,1.1376083965872998,
10423,0.8724206150465598,
10424,0.828839854005526,
10425,0.7558877937247769,
10426,0.6716340243433371,
10427,0.8643128544883499,
10428,0.605283395072039,
10429,0.7148113930943446,
10430,0.9282163123923163,
10431,0.7488976037610842,
10432,0.8502203788098672,
10433,0.7433880727271239,
10434,0.7632211340530335,
10435,0.7838369459698085,
10436,0.6133055514154763,
10437,0.6780883439607196,
10438,0.7046128169745742,
10439,0.8164663781130254,
10440,1.0397635532267095,
10441,0.7359204239783378,
10442,0.8441951912860066,
10443,0.7512161255393337,
10444,0.7741020990001075,
10445,0.8046301523681254,
10446,0.6735408593772955,
10447,0.5270622748392261,
10448,0.6332691362228521,
10449,0.9371313729993039,
10450,0.8346504646364219,
10451,0.9605084972852465,
10452,0.9750298880852714,
10453,0.8130189614128341,
10454,0.9968134659309554,
10455,0.9950174600681516,
10456,0.8931340690056879,
10457,0.789020704874014,
10458,0.6789306744320461,
10459,0.8955221005923483,
10460,0.7379222606837811,
10461,0.8631691645264059,
10462,0.8070059542133173,
10463,0.921501865123137,
10464,0.9870054593700132,
10465,0.8918801503079437,
10466,0.8478627736589462,
10467,0.9834153181382939,
10468,0.8353754997307683,
10469,0.7817055825483711,
10470,0.8410742298818557,
10471,0.5814507486345488,
10472,0.7180366195342924,
10473,0.8906556522836058,
10474,0.7249170873714568,
10475,0.9088704075172447,
10476,0.8136379682258971,
10477,0.8885927173515961,
10478,1.010714709268813,
10479,0.7392168859997579,
10480,0.7880206920362893,
10481,0.8637402220690508,
10482,0.911622545595382,
10483,0.8726433234650397,
10484,0.731460738314125,
10485,0.7288412410222519,
10486,0.8971774325188762,
10487,0.6742477718839257,
10488,0.7827126353776768,
10489,0.7887195372595449,
10490,0.7540959451574425,
10491,0.8816712069448468,
10492,0.930809074820047,
10493,0.7980023457504044,
10494,0.7066607333491874,
10495,0.9624752272558045,
10496,0.5811423905096601,
10497,0.8645418183480821,
10498,1.0996639037689535,
10499,0.8812046486532222,
10500,0.9849191427245789,
10501,0.6418638868256987,
10502,0.389130746624623,
10503,0.6263958248613893,
10504,0.729601336308499,
10505,0.8424730438219908,
10506,0.9096136491879643,
10507,0.7989135434851729,
10508,0.9591246051358906,
10509,0.8754087194354836,
10510,0.8144031593784693,
10511,1.00244906049794,
10512,1.1181591504857877,
10513,0.8111071875915068,
10514,0.7780135120987327,
10515,0.7163662930923892,
10516,0.8626560741760371,
10517,0.6973636106612373,
10518,0.8265613091606347,
10519,0.8137461934899918,
10520,0.6535698933441707,
10521,0.7863004852091949,
10522,0.8506933409014141,
10523,0.6863332634032567,
10524,0.6390995692354259,
10525,0.765791210547948,
10526,0.7756601671343817,
10527,0.9230370763915825,
10528,0.6877580574129238,
10529,1.0089653420570373,
10530,0.7601900379384803,
10531,0.8833272072918766,
10532,0.7768409933392232,
10533,1.0460420345197263,
10534,0.7287261045316661,
10535,0.5147747559578062,
10536,0.7176570683587231,
10537,0.849746392753387,
10538,1.0338581349549285,
10539,0.7636487566149716,
10540,0.6240778005859761,
10541,0.8030332531456442,
10542,0.7409384675147264,
10543,0.8514841169195617,
10544,0.9324109776548999,
10545,0.8072404332235504,
10546,0.7260229662133229,
10547,0.9705823398289574,
10548,0.7369133067343784,
10549,0.8316020981305249,
10550,0.8147951444029744,
10551,0.6452583390718383,
10552,0.5237239966027214,
10553,0.8926144184748287,
10554,0.998487256921916,
10555,0.6279202538892575,
10556,0.7266355535808238,
10557,0.8995033198517153,
10558,0.8914992916024549,
10559,0.38833134629628313,
10560,0.9024429633301408,
10561,0.9218696372237797,
10562,0.7561626223414615,
10563,0.7013387117826023,
10564,0.9760590480108051,
10565,0.8075309815307844,
10566,0.685251558267448,
10567,0.7193849062909728,
10568,0.9136240234218918,
10569,1.0013771443656734,
10570,1.036051358551554,
10571,0.7409703633520874,
10572,0.9024108561610238,
10573,0.7240378413758899,
10574,0.8159569013051703,
10575,0.8523615587952214,
10576,0.8275522992982323,
10577,0.8370045074433945,
10578,0.82681442935736,
10579,0.7708052379496207,
10580,0.9510735686038666,
10581,0.9082712640791776,
10582,0.8836819265239453,
10583,0.9727618984727525,
10584,0.9467447285877014,
10585,0.7881725433838132,
10586,0.6368511285512966,
10587,0.9195067511767877,
10588,0.4591026589050652,
10589,0.6126260575226982,
10590,0.697931379010923,
10591,0.845029023750086,
10592,0.7543937047514293,
10593,0.8007313627067717,
10594,1.0489381550317842,
10595,0.7291922904810342,
10596,0.8955042662064019,
10597,0.9646148108295654,
10598,0.916672319758948,
10599,0.8443119937123779,
10600,0.9546832225586595,
10601,0.7609463214620253,
10602,0.8849552330811452,
10603,0.8497036169555477,
10604,0.9788541685176986,
10605,0.9982084017083444,
10606,0.7295811768295954,
10607,0.8941963271560915,
10608,0.9053112135369141,0.8532146272164929
10609,0.8286825617189124,
10610,0.6435600765716467,
10611,0.8248623461769264,
10612,0.8736193462937729,
10613,0.9507304739328925,
10614,0.7129122531948993,
10615,0.8893531705511846,
10616,0.81071560164054,
10617,0.6943591550886159,
10618,0.6073129118559757,
10619,0.9387218947672487,
10620,0.9081629982892804,
10621,1.0122109129758354,
10622,0.8520277202205754,
10623,0.9209370998120451,
10624,0.8366579249918764,
10625,0.8670627068196246,
10626,0.8426946627279488,
10627,0.8625176170204999,
10628,0.6826727769031845,
10629,0.9646799252188402,
10630,0.720269809931715,
10631,0.8788779687423709,
10632,1.0264369911991569,
10633,0.6994361852838245,
10634,0.6184544159481474,
10635,0.9952000394633284,
10636,0.5847630621265809,
10637,0.7104162957782227,
10638,0.7577175997852525,
10639,0.7760425326257239,
10640,1.0097400020107001,
10641,0.864904626149497,
10642,0.7742856435326249,
10643,1.0289475814606388,
10644,0.7579013517970716,
10645,0.9880569535688537,
10646,0.7665477330941544,
10647,0.7839238502066549,
10648,0.8513749967351817,
10649,0.9005075253538518,
10650,0.8960668867788838,
10651,0.9551636135269723,
10652,0.7619866686014748,
10653,0.8139485371129023,
10654,0.6495560868943244,
10655,0.8546852729271875,
10656,0.5645744237176171,
10657,0.7190447167508386,
10658,0.9232951070631525,
10659,0.9103399262394689,
10660,0.8137504616655606,
10661,0.7854528998734643,
10662,0.7624329492822621,
10663,0.9039549261960299,
10664,0.9147317252012801,
10665,0.8507271583772803,
10666,0.7342620733327637,
10667,0.7581936612657166,
10668,0.6949234998567069,
10669,0.8436714765619814,
10670,0.6691525406443388,
10671,0.9754078310069336,
10672,0.8186717308812754,
10673,0.7668332944375398,
10674,0.8501126009300795,
10675,0.9336943803645877,
10676,0.6807000819042262,
10677,0.8195747658677083,
10678,0.85653920046051,
10679,0.8376033186492824,
10680,0.8201792332898894,
10681,0.7637748731818793,
10682,0.7107509974566062,
10683,0.8640868135780826,
10684,0.936941330723376,
10685,0.7782950992838096,
10686,0.6801367906037609,
10687,0.8596395150446902,
10688,0.9067836360071906,
10689,0.8374647683619459,
10690,0.9705446765949135,
10691,0.8449131020015542,
10692,0.8647283739003456,
10693,0.8954844281960096,
10694,0.8234126571819397,
10695,0.5758642304599939,
10696,0.6735908929035991,
10697,0.9017107521757357,
10698,0.8147666804488022,
10699,0.7988381868973649,
10700,0.6665233944767264,
10701,0.8641643467199909,
10702,0.7754584547793977,
10703,0.9912716729168465,
10704,0.7263667048680087,
10705,0.8415571898675748,
10706,0.6720204081165769,
10707,0.8467077005228508,
10708,0.901220856889518,
10709,0.9500384676078165,
10710,0.8238458967336523,
10711,0.7560568389643195,
10712,1.0076671629607568,
10713,0.6831249629499425,
10714,0.7810037333048366,
10715,0.9021551542385087,
10716,0.8156820485452554,
10717,0.9666597179609824,
10718,0.7618557069303896,
10719,1.024905515751086,
10720,0.7674398060837786,
10721,0.7203478508684384,
10722,0.6477340448981803,
10723,0.6895019821803513,
10724,0.5988024481185782,
10725,0.8827115455383042,
10726,0.7582714988915277,
10727,1.0191366758246576,
10728,0.8782630769617258,
10729,0.5291712005059045,
10730,0.8484517588466163,
10731,0.8874862105408398,
10732,0.9379398035665734,
10733,0.9071782671743795,
10734,0.9811025014446391,
10735,0.7785667914048986,
10736,0.8837948977004713,
10737,0.7666138446467119,
10738,0.8984068163374123,
10739,0.7240874746743498,
10740,0.7960141139530718,
10741,0.802010473553345,
10742,0.7970343141645296,
10743,0.6054451639087195,
10744,0.951142411132086,
10745,0.9639616601325224,
10746,0.7893014034617339,
10747,0.850345658298551,
10748,1.0012645601876653,
10749,0.8401312158545526,
10750,0.949777467280069,
10751,0.9220120411799066,
10752,0.7951100758745483,
10753,0.9579673199326271,
10754,0.8625100202825852,
10755,0.8125655128827498,
10756,0.856757512751253,
10757,0.8000290560726798,
10758,0.7396175453535866,
10759,0.7602314763436107,
10760,0.9761636118654455,
10761,0.92258844874784,
10762,0.8337658109704276,
10763,0.6896576733430152,
10764,0.8025748745252025,
10765,0.728755749234532,
10766,0.9626853286547293,
10767,1.1042240910381962,
10768,0.9191569617424202,
10769,0.8997747094786426,
10770,0.9806026740313014,
10771,0.8895233066963224,
10772,0.670900892369386,
10773,0.6794175989367178,
10774,0.8351826523306288,
10775,0.5736327571613524,
10776,0.8645662579336651,
10777,0.7364617635995486,
10778,0.5667526130263961,
10779,0.8534833154495969,
10780,0.8834001726692354,
10781,0.8829570654858492,
10782,0.6819192470809494,
10783,0.9448975598340194,
10784,0.9404609341024004,
10785,0.6519670324925139,
10786,1.0014248496286247,
10787,0.9826056020981241,
10788,0.9316799340789664,
10789,1.0350225822740873,
10790,0.97690200302133,
10791,0.8060091635536355,
10792,0.7652595085619813,
10793,0.9690763962160038,
10794,0.5674260647254562,
10795,0.8177403876066632,
10796,0.8890378219622781,
10797,0.8573117898491985,
10798,1.0401272368401104,
10799,1.0842027137570394,
10800,0.7147944816157203,
10801,0.9316065161455929,
10802,0.7462025718696436,
10803,0.7684184837016688,
10804,1.0752634813811235,
10805,0.8278778663427128,
10806,0.8227514974953767,
10807,0.49288814510853807,
10808,0.7410356709540279,
10809,0.9422342126587557,
10810,1.071812924712793,
10811,0.943563373931526,
10812,0.7956601761569988,
10813,0.8199852083577652,
10814,0.7788429787842321,
10815,0.7352843989185995,
10816,0.8066995760747957,
10817,0.57871183309752,
10818,1.1070509262442352,
10819,0.9159794793377594,
10820,0.8177705558581269,
10821,0.892437660559152,
10822,0.8655575585748194,
10823,0.7721797232332633,
10824,0.6562810349314239,
10825,0.831153282090476,
10826,0.791081461443372,
10827,0.8173761467679093,
10828,0.6849839794817946,
10829,0.6211323579901061,
10830,0.818030237798196,
10831,0.7842281372256621,
10832,0.8482594022239648,
10833,0.897873709270114,
10834,0.8889726290881579,
10835,0.809991998181269,
10836,0.8240667146506782,
10837,0.8529953136878481,
10838,0.9621418361137837,
10839,0.7958879788144586,
10840,0.8448688484670421,
10841,0.8625489493904503,
10842,0.6632900801037475,
10843,0.924654288398957,
10844,0.6985590114442648,
10845,0.7383830579244208,
10846,1.033558996746594,
10847,0.8514341318718927,
10848,0.919049399034581,
10849,0.8929477706324621,
10850,0.8973775842735183,
10851,0.7875597700009136,
10852,0.7515463343882848,
10853,0.7217025611376364,
10854,0.7922862474530484,
10855,0.7004902325516537,
10856,0.7239221905576297,
10857,1.069091634149548,
10858,0.9008799216534836,
10859,0.8912955448993993,
10860,0.7922830584529713,
10861,1.1048254070221941,
10862,1.0454037916684789,
10863,0.7988023031989028,
10864,0.7875235666556204,
10865,0.6672279731700581,
10866,0.991989251460797,
10867,0.5224086386539097,
10868,0.6903027752073109,
10869,0.8768405816303355,
10870,0.9864490190266089,
10871,0.8565427374470916,
10872,0.7515342650734912,
10873,1.0640877825769066,
10874,0.8236909712412762,
10875,0.9500965626360812,
10876,0.677153066666488,
10877,0.7646724297904393,
10878,0.8134247818358382,
10879,0.7365259348813061,
10880,0.8083596276413407,
10881,0.9968689448808771,
10882,0.7906519615722978,
10883,1.0617039172425133,
10884,0.9171094233969532,
10885,0.9446026031831998,
10886,0.888420474412186,
10887,0.820543010195603,
10888,1.1365053420062046,
10889,0.8683199180189458,
10890,0.7105653631707897,
10891,0.9010296447741701,
10892,0.7912313565435662,
10893,0.7232925115046357,
10894,0.9397969476067605,
10895,0.7598154697419586,
10896,0.7572073670253627,
10897,0.7226181909507593,
10898,0.650893245569994,
10899,0.765864408863207,
10900,0.8819230241681566,
10901,0.8035205055683186,
10902,0.9358564059950033,
10903,1.1206911197037805,
10904,0.8438779575007055,
10905,0.6745714233823951,
10906,0.8953689234143735,
10907,0.7278201530998316,
10908,0.7937982708467689,
10909,0.5927084129651178,
10910,0.9375578338454736,
10911,0.9648010835365042,
10912,0.8990024759150607,
10913,0.9942365069651317,
10914,0.6905244486762381,
10915,0.7255574970180078,
10916,0.8165379303168029,
10917,0.8123872172068956,
10918,1.135434861057507,
10919,1.0485596232597165,
10920,0.995296037511081,
10921,0.8308793542059436,
10922,0.6617733541767408,
10923,1.0511359973022254,
10924,0.9565625792584701,
10925,0.8116959960674955,
10926,0.9182180940270432,
10927,0.9527574668205657,
10928,0.633032200737335,
10929,0.752925118376309,
10930,0.94955947915473,
10931,0.7438554085919801,
10932,0.7715448890943438,
10933,0.9251789958047488,
10934,0.7871465773816759,
10935,0.885143548869849,
10936,0.8033878496306296,
10937,0.8227806840102194,
10938,0.9876337256390273,
10939,0.6488222786445876,
10940,0.8943207322208759,
10941,0.7636218254660988,
10942,0.8473910585514973,
10943,0.8795219418527295,
10944,1.100831124617233,
10945,1.0440169061347533,
10946,0.7850473106111258,
10947,0.816659130967509,
10948,0.7593581093745214,
10949,0.9216760784692745,
10950,0.6861112796636889,
10951,0.854632261423769,
10952,1.0381398224887504,
10953,0.9709067541139875,
10954,0.9519282383423936,
10955,0.6616737596564415,
10956,0.8732262103953222,
10957,0.7479244229785789,
10958,0.7082970534331502,
10959,0.9216321813965066,
10960,0.8017687379121442,
10961,0.8643780652296591,
10962,0.8821984613105184,
10963,0.8968443924213536,
10964,0.9275688704683158,
10965,0.665589518718697,
10966,0.7381134612808669,
10967,0.9817308001261676,
10968,0.8618522441205797,
10969,0.4735815386041306,
10970,0.6185031832771921,
10971,0.7034710076512942,
10972,0.826870853587121,
10973,0.806138974053626,
10974,0.8397872604112017,
10975,0.7345770096164635,
10976,0.9624245445678856,
10977,0.7961768127252156,
10978,0.7789766032337397,
10979,1.093662512443925,
10980,0.8019915879662642,
10981,0.7319893638018298,
10982,0.8440716947804695,
10983,0.7119878648662378,
10984,0.8192826085732404,
10985,0.7450327896271244,
10986,0.8390702650618237,
10987,0.5882382755025203,
10988,0.9160703057632559,
10989,0.6064159151320843,
10990,0.9204515610718528,
10991,0.69934826393881,
10992,0.8524391647624894,
10993,0.7095991950151972,
10994,1.1671988399839965,
10995,0.7708694709000308,
10996,0.7535984463195257,
10997,0.8623661878989012,
10998,1.0287642727868673,
10999,0.9071889299070224,
11000,0.7828000940683728,
11001,0.8879803188509405,
11002,0.9533438594115777,
11003,0.6532417922369457,
11004,0.8549905739184487,
11005,0.741128215054371,
11006,0.7288946376336941,
11007,0.7205320342299073,
11008,0.49404208391399185,
11009,0.7473744745727148,
11010,1.0831624714021473,
11011,0.8244310176591761,
11012,0.692026170821979,
11013,0.9531911260223135,
11014,0.7906162684849857,
11015,1.0130478268174095,
11016,0.8250241280141399,
11017,0.9838104229095286,
11018,0.8593800458158148,
11019,1.0215185249004959,
11020,0.7999920775473206,
11021,0.8812073256655157,
11022,0.6349461971626155,
11023,0.6068943072375661,
11024,0.8692915931653347,
11025,1.0491846190421448,
11026,0.7628751076216904,
11027,0.812970111504447,
11028,0.5277033918489928,
11029,0.6593051662211583,
11030,0.7440959198056046,
11031,0.9550847326123271,
11032,0.9878451558419958,
11033,0.5487110309273671,
11034,1.0578596441273693,
11035,1.0612547423768428,
11036,0.8190455912746581,
11037,0.648083906882041,
11038,0.7266600625260414,
11039,0.8395984721098357,
11040,0.9194966875852358,
11041,0.9129050122636356,
11042,1.0769748510554555,
11043,0.8657609566117664,
11044,0.8189939592746099,
11045,0.8519881495919777,
11046,0.5708889452646487,
11047,0.962742133038147,
11048,0.8262678135365006,
11049,0.8304928919436996,
11050,1.0794325229322121,
11051,0.8649114810271477,
11052,0.8301891213480106,
11053,0.7493171190940106,
11054,0.8359345141738695,
11055,0.9303742232793792,
11056,0.7664103703481522,
11057,1.0526322070041647,
11058,0.9366014846205982,
11059,0.9172049330374612,
11060,0.9571867743918452,
11061,0.4449398010469996,
11062,0.8799492039664545,
11063,0.7992016574789446,
11064,0.9582955010161884,
11065,0.9477253550962228,
11066,0.8621611831168862,
11067,1.1463796499797818,
11068,0.8541422697253525,
11069,0.7987143322485095,
11070,0.8086150730862787,
11071,0.9600598117056206,
11072,0.8914754877997986,
11073,0.8971988180593752,
11074,0.8433004514062918,
11075,0.744539723130109,
11076,0.7962262744350257,
11077,0.8445733542649658,
11078,1.1390271621436858,
11079,0.8629459780306259,
11080,0.7774087177711003,
11081,0.8385615561385851,
11082,0.7938555404321734,
11083,0.9506987242396432,
11084,0.9793005935748781,
11085,0.9348937419004041,
11086,0.8828295845773175,
11087,1.0762333537820623,
11088,1.0864337130161654,
11089,0.7130745844672877,
11090,0.9763122195393473,
11091,0.6550139707513567,
11092,0.8991074356351973,
11093,1.0576571249682678,
11094,0.7078146368445593,
11095,0.8592918329368675,
11096,0.8658852538720826,
11097,0.750848015269762,
11098,1.0693950949548645,
11099,0.47662938052024345,
11100,1.0047274895984861,
11101,0.6609207224781632,
11102,0.920031209388312,
11103,0.7433993457779094,
11104,0.8201342850672126,
11105,0.8208061376909073,
11106,0.9178015601231968,
11107,0.8223540318095245,
11108,0.9294052498532099,
11109,0.7303236150608775,
11110,0.8789851115943498,
11111,0.9128390158785861,
11112,0.8374505032717283,
11113,0.693571755227403,
11114,0.8049288417109378,
11115,0.8392385049037644,
11116,0.8283284992437405,
11117,0.7490728653839176,
11118,0.7761809537028921,
11119,0.6256172561087258,
11120,0.8067025821347292,
11121,0.6576975258548792,
11122,0.7364185955114797,
11123,0.688646520680945,
11124,0.9744803405367982,
11125,0.8766947923785197,
11126,0.7948945659790747,
11127,0.911063456161118,
11128,0.9864179338004658,
11129,1.0334111914356654,
11130,0.935853545688505,
11131,0.9464176818618666,
11132,0.8514717627149699,
11133,0.9220680025490082,
11134,0.9164420770744837,
11135,0.9688713372200376,
11136,0.9587089175702245,
11137,0.8722655737144287,
11138,1.0707185901438392,
11139,1.0331876970196643,
11140,0.6151724931779206,
11141,0.9421200099200788,
11142,0.9902631202240985,
11143,1.0100226457646317,
11144,0.7826214668037635,
11145,0.9800375390474366,
11146,0.8755124883538765,
11147,0.7897176118827067,
11148,0.7721679190398233,
11149,0.9072803013024185,
11150,0.8077502217651154,
11151,1.014531132195594,
11152,0.8088878823601567,
11153,0.9953188111715852,
11154,0.8803748528843002,
11155,0.9389024085553179,
11156,0.7509716726964554,
11157,1.034155470050187,
11158,0.6847728181606931,
11159,0.7356489749518582,
11160,0.8814700065368215,
11161,0.8304537573806554,
11162,0.6389835615503903,
11163,0.7836843050858509,
11164,0.8814120844664807,
11165,0.8290744232338315,
11166,1.0331795086346616,
11167,0.917626599715173,
11168,0.9430362725827411,
11169,0.8087715574946333,
11170,0.8626823377852079,
11171,0.8200705748161483,
11172,0.8957800868940514,
11173,1.0675530767267751,
11174,0.932456967856437,
11175,0.9894386412167926,
11176,0.9382405894457806,
11177,1.073341103631227,
11178,0.9263064762473198,
11179,0.9738631546259234,
11180,0.8555862543566878,
11181,0.816541335569914,
11182,0.8531953769675078,
11183,0.862221518853241,
11184,0.7922238039615745,
11185,0.8599668557860819,
11186,1.0260002822575571,
11187,0.7421650042947253,
11188,0.966913912842509,
11189,0.7309234689817256,
11190,0.9459077169743039,
11191,0.9425476004750106,
11192,1.069658602761522,
11193,1.0209532042278286,
11194,0.8626682926108462,
11195,0.8328083908166809,
11196,0.9403268799825194,
11197,0.5958381922026255,
11198,0.9480643553054791,
11199,0.9932182601848859,
11200,0.8464645485732462,
11201,0.6344156860229627,
11202,0.7652873340753374,
11203,0.857487208725983,
11204,0.9736920315785337,
11205,0.9200668718025202,
11206,0.6157926700560907,
11207,0.8358376328215711,
11208,0.8465084610158711,
11209,0.9964134031528111,
11210,0.8533684899319719,
11211,0.8235036009259388,
11212,0.8835941317461979,
11213,0.7940765738420766,
11214,0.9180990791816289,
11215,0.7201973002874017,
11216,0.8409138889354719,
11217,0.8453337938319115,
11218,0.6661204132369005,
11219,0.7594573262384631,
11220,0.9011057984245987,
11221,1.100057940108045,
11222,0.8616160634448299,
11223,0.9655821016123678,
11224,0.899004076722061,
11225,0.7551657068057123,
11226,0.8508978487939085,
11227,0.8529621808559981,
11228,0.6693384823111768,
11229,0.7072561581820589,
11230,0.8571516006176888,
11231,0.7806290099477433,
11232,0.876520190834576,
11233,0.695119128810481,
11234,0.9534172552780747,
11235,0.888682426741901,
11236,0.8609789583616112,
11237,0.8321854655289582,
11238,0.903119616273506,
11239,0.7926807067967445,
11240,0.8171514305302634,
11241,0.799799539688142,
11242,0.8433543251442355,
11243,0.8549259335559818,
11244,0.7306485964193075,
11245,1.23859911812585,
11246,0.9410423088564521,
11247,0.5278274891367575,
11248,0.6813427580677615,
11249,0.668993728514,
11250,0.7036030694741287,
11251,0.734463340999112,
11252,0.6348695023131784,
11253,0.977658718016641,
11254,0.9918834197536355,
11255,0.8070701788625606,
11256,0.9035397391712089,
11257,0.9495076569627454,
11258,0.8232032149826547,
11259,0.805398822095529,
11260,0.5963637477337272,
11261,0.8928565404174887,
11262,0.6502298355203241,
11263,0.8382812552596804,
11264,0.6625712167248609,
11265,0.940075253780307,
11266,0.6943657755504536,
11267,0.814333200274324,
11268,0.8447750876474447,
11269,1.0513999331028072,
11270,0.7350558366435542,
11271,0.8465080845659138,
11272,0.7537266003748748,
11273,0.6937924894553387,
11274,0.9230517353048963,
11275,0.7345981827518558,
11276,0.5104641369735903,
11277,0.7988728413246494,
11278,0.7558095890644804,
11279,0.9229522177830345,
11280,0.981497581965006,
11281,1.0002611194825461,
11282,1.0081130129195834,
11283,0.8386316058840835,
11284,0.8506147383681851,
11285,0.9673675531675524,
11286,0.7748969978961651,
11287,1.0626687797831393,
11288,0.7521964071076684,
11289,0.7415548368413137,
11290,0.7241763310780466,
11291,0.8269762884799204,
11292,0.9431905420989894,
11293,0.7521629004284156,
11294,0.8683966605188442,
11295,0.7385549842341298,
11296,0.7952764504186522,
11297,0.798994775400525,
11298,0.7872679644872307,
11299,0.9130507853697643,
11300,0.9223327404653229,
11301,0.6406731816271463,
11302,0.714725968085342,
11303,0.6355676542800673,
11304,0.883623202112118,
11305,1.089486717579353,
11306,0.9355985455139778,
11307,0.8442266352085929,
11308,0.5987154712120981,
11309,0.9205833444438013,
11310,0.7330667866957498,
11311,0.7857463223042987,
11312,0.9317527299625299,
11313,0.9644145674303142,
11314,0.6412806752227841,
11315,1.0087578123615677,
11316,0.9052124122925583,
11317,0.6873645971011826,
11318,1.067002496971393,
11319,0.8675866364792295,
11320,0.893529757321925,
11321,1.0251045761531088,
11322,0.657424783930967,
11323,0.9605883139972342,
11324,1.035875223548464,
11325,0.9445980931173221,
11326,1.0079767494305913,
11327,0.48890002687228706,
11328,0.9651237103661333,
11329,0.6782819166612656,
11330,0.7581268265291471,
11331,0.9120355497142544,
11332,0.9405295102410671,
11333,0.8089484134046813,
11334,0.6204571739751166,
11335,0.889285786253396,
11336,1.0028710698457417,
11337,0.7943767766935421,
11338,0.8767270734663349,
11339,0.8780086842486866,
11340,0.9499651809504059,
11341,0.6520787175448735,
11342,0.8189603272484062,
11343,1.0204266559660817,
11344,0.745991754708318,
11345,0.9457803923224337,
11346,0.7608021923924936,
11347,0.8691866040213044,
11348,1.003532630902076,
11349,0.9685714512595026,
11350,0.8492591439735218,
11351,0.8800464162899277,
11352,0.697625668862767,
11353,1.0332941171953771,
11354,0.7024367998036298,
11355,0.9791368330386914,
11356,1.0312582252927136,
11357,0.8139261065445278,
11358,0.8743224314814955,
11359,0.6825137026115996,
11360,0.8420672187053987,
11361,0.7722174229366989,
11362,0.8961018785537189,
11363,0.6124015039982688,
11364,0.979481529607938,
11365,0.7617854269744668,
11366,0.7466347387594937,
11367,0.7573579922622329,
11368,0.7694779632028158,
11369,0.8123881605604646,
11370,0.9478965530348102,
11371,1.0094022619256822,
11372,0.8813929838385713,
11373,0.8373585612926895,
11374,0.98638766098225,
11375,0.8881869005135494,
11376,1.050120562019256,
11377,0.682692571563645,
11378,0.7803901276359297,
11379,0.7366091586272867,
11380,0.8948260365042647,
11381,0.8661456019588678,
11382,0.6441930244437761,
11383,0.8628763389504787,
11384,1.0068051050294904,
11385,0.9939055668522713,
11386,0.9922865260797721,
11387,0.8246024432904095,
11388,0.8400351046535719,
11389,0.8380048055493899,
11390,0.9157431567018843,
11391,0.8594634756002024,
11392,0.9441400647897717,
11393,0.7052580753916436,
11394,0.6071859532542164,
11395,0.9271733067147668,
11396,0.9754792164173847,
11397,0.6831640694810355,
11398,0.8436245659418566,
11399,0.8747627653559992,
11400,0.7406140347533954,
11401,0.9985981698144281,
11402,0.6626954947945026,
11403,1.0759583115580882,
11404,0.6591575040781306,
11405,0.7297837345390009,
11406,0.8544030130472562,
11407,0.910152765386066,
11408,0.8676012298184159,
11409,0.8946039927615876,
11410,1.0219996005277616,
11411,0.6666651691067409,
11412,0.9127140409332296,
11413,0.9920305215577511,
11414,0.9336592132483164,
11415,0.8147249909005745,
11416,1.1210285247808724,
11417,0.7124506859946921,
11418,0.7569483904047379,
11419,0.7119126614207132,
11420,0.9124326645326822,
11421,0.7472935532899064,
11422,1.0030766611663096,
11423,1.078704754515991,
11424,1.0359837255677073,0.8731134722126116
11425,0.9422460072965946,
11426,0.9236164814818164,
11427,0.6386616648791567,
11428,1.1213290119606112,
11429,0.8169420899669342,
11430,0.8634854644788196,
11431,0.7088368322252324,
11432,0.9166351439230793,
11433,0.6373015747729712,
11434,0.7999916265421759,
11435,0.7575377910859715,
11436,0.777897754470393,
11437,1.087421069978592,
11438,0.9477477265668699,
11439,0.6584502708368047,
11440,0.7321306795935175,
11441,0.8392401554902406,
11442,0.9038319012369932,
11443,0.8040083301852043,
11444,0.8449494794466466,
11445,0.8020124058291482,
11446,0.8397998331690893,
11447,0.7874903023083659,
11448,0.8912009250678646,
11449,0.8999924845917104,
11450,0.8019812712673752,
11451,0.9231718824506044,
11452,0.5984800606525023,
11453,0.8349664794564258,
11454,0.6866921735794392,
11455,0.8694425375806606,
11456,1.1268584991439965,
11457,0.7152868282070266,
11458,0.6435702477462396,
11459,0.5763681457129142,
11460,0.6945757503652062,
11461,0.7925337216673747,
11462,0.5031620346600738,
11463,0.7599130600588574,
11464,0.907553696506657,
11465,0.9157231758281553,
11466,0.7149269054566382,
11467,0.6577559277422872,
11468,0.8033906560279425,
11469,0.8623211227775305,
11470,0.7642633159052872,
11471,1.0510339160618518,
11472,0.794982751635006,
11473,0.7369918311626047,
11474,0.9034694386371939,
11475,0.9923758378225908,
11476,0.8578392825401572,
11477,0.9188399200878237,
11478,0.8403151167732609,
11479,0.7869254408668174,
11480,0.9499962596375192,
11481,0.9416141092601629,
11482,0.8243226906194618,
11483,0.9511631755926603,
11484,0.6405696328825424,
11485,0.8085337000135737,
11486,0.5310237467071063,
11487,0.8764217670199371,
11488,0.9099027669708557,
11489,1.007136144643918,
11490,0.8717166528153837,
11491,0.7270037302456163,
11492,0.8137440853365053,
11493,0.7238100804617325,
11494,0.78110120129002,
11495,0.725262459436007,
11496,0.8208231295630121,
11497,0.8422025973272046,
11498,0.9766730503889213,
11499,0.840293573674379,
11500,0.6342057358929317,
11501,0.9156762778386,
11502,0.8136971077532041,
11503,0.8629354136847573,
11504,0.7007239447218923,
11505,0.6661238505254979,
11506,0.9227770465424115,
11507,0.9628944121638574,
11508,0.7865847817339814,
11509,0.9376670063462897,
11510,1.0473499744399961,
11511,0.8487051312291619,
11512,0.7662773652842529,
11513,0.9983631781060148,
11514,0.8791277791463737,
11515,1.0776557837230794,
11516,0.7248094756640241,
11517,0.5148252788620373,
11518,0.664521267106994,
11519,0.8264591471913848,
11520,0.7162699073063803,
11521,0.5523124629318283,
11522,1.0270997082060145,
11523,0.7389969432596013,
11524,0.6511642837117125,
11525,0.7791120741061335,
11526,0.7779123698512492,
11527,0.9553729768677509,
11528,0.5792643542602566,
11529,0.9114913923385171,
11530,0.8120422429334301,
11531,0.6590641104367517,
11532,1.0184961575075018,
11533,0.8541953045494008,
11534,0.9324813346290934,
11535,0.9377581637202265,
11536,0.848967935436318,
11537,0.8947021304943736,
11538,0.8350735717914299,
11539,0.8665750921787683,
11540,0.7705918949115892,
11541,0.840509791878705,
11542,0.9065940281580159,
11543,0.8205270251881047,
11544,0.9334553973449433,
11545,0.8591209956194936,
11546,0.8460360660714934,
11547,0.9727587709173368,
11548,0.7287765176186644,
11549,0.981656231265046,
11550,0.8931909768658467,
11551,0.7651202828274343,
11552,0.657664923107987,
11553,0.7472517563434362,
11554,0.8331122130367243,
11555,0.5069210639935325,
11556,0.9582734455773047,
11557,0.8482414237724665,
11558,0.9501458632843452,
11559,0.9608748644417763,
11560,0.7850291365956034,
11561,0.6310029913145684,
11562,0.8103554146180731,
11563,0.7799493004229092,
11564,0.846495165371902,
11565,0.8264810195752679,
11566,0.7368511273486493,
11567,0.5346932281125556,
11568,0.8022589804027238,
11569,0.9905011987258379,
11570,0.6638275124094184,
11571,0.7032238919222508,
11572,0.7117249548176154,
11573,0.8867862678926858,
11574,1.0025319035069848,
11575,0.9285978803723697,
11576,0.8426130330427097,
11577,0.8928727224582347,
11578,0.6929219245738548,
11579,0.7283048092646653,
11580,0.6473758631375658,
11581,1.006379040453944,
11582,0.9714953455762955,
11583,0.735837781471575,
11584,0.8571852272812841,
11585,0.7820219955630683,
11586,0.6593693374219358,
11587,0.6784569314264404,
11588,0.8219874185092058,
11589,0.7944220840034365,
11590,0.875481159817101,
11591,0.8965269552535279,
11592,0.8592038700021751,
11593,0.9043265744766211,
11594,0.8263182646100947,
11595,0.9616773799989111,
11596,0.9734670227875778,
11597,0.9297084723017779,
11598,0.7180888659346127,
11599,0.8072807225926767,
11600,0.8955649057300932,
11601,0.9487652031296736,
11602,0.8755199146923793,
11603,0.8422432016284176,
11604,1.188084938543207,
11605,0.8325072358516374,
11606,1.0701126671504648,
11607,0.8131574679587695,
11608,0.8120346781572417,
11609,0.8791216771465936,
11610,0.7959648905447232,
11611,0.8197595427291069,
11612,0.9200004991713695,
11613,0.8877837845835741,
11614,0.7831965455547781,
11615,0.8493001364601337,
11616,0.9099037055710275,
11617,0.90773300125041,
11618,0.8813023862829145,
11619,0.6695471506928977,
11620,0.838567392392662,
11621,1.0327054111371858,
11622,0.960476215431169,
11623,0.6903227040193173,
11624,0.7323726257562452,
11625,0.7957773166491376,
11626,0.8632208193868632,
11627,0.7697159493470713,
11628,0.8875003137557888,
11629,0.9382492839988585,
11630,0.819163179772535,
11631,0.8066003483293867,
11632,0.7582678765580267,
11633,0.8579494339872077,
11634,0.718589328003073,
11635,1.0329683082295937,
11636,0.8321336601120715,
11637,0.7369701725232439,
11638,0.8984929969533765,
11639,0.9565296950166096,
11640,0.9485079481397444,
11641,0.6921614706246414,
11642,0.7773031456896402,
11643,0.913857882444451,
11644,1.0689977905418881,
11645,0.7559571013744985,
11646,0.7715325271794121,
11647,0.8194975556780189,
11648,1.0160520990097943,
11649,0.8392794715264958,
11650,0.7988494919006525,
11651,0.6180030790877968,
11652,0.763946553000791,
11653,0.7381221580248373,
11654,0.8906295030715737,
11655,1.0394881730478664,
11656,0.9616469891436938,
11657,0.6230726581963529,
11658,0.7882687315848038,
11659,0.9386946062214586,
11660,0.909374054519886,
11661,1.0636527281422616,
11662,0.8902291490367755,
11663,1.0409113082031272,
11664,0.9002055774651222,
11665,0.7163921391273248,
11666,0.8302729723590655,
11667,0.9111678303125372,
11668,0.7920050898667372,
11669,0.9508763907843948,
11670,0.6570914364244941,
11671,1.1128627186241065,
11672,0.9823978399281842,
11673,0.9363674153291281,
11674,0.8976056720176602,
11675,0.9957286364054212,
11676,0.8875516834294593,
11677,0.7825633971179996,
11678,0.9417384170975882,
11679,0.7983265319974236,
11680,0.8015671272043084,
11681,0.6525092486704535,
11682,0.9257000128989247,
11683,0.9287270545820873,
11684,0.8893409771912597,
11685,1.033460500505329,
11686,0.868399014442034,
11687,0.9231263622657702,
11688,0.7233138159488092,
11689,0.953661360467511,
11690,0.7312383810435329,
11691,0.7135674568793807,
11692,0.8937369285199606,
11693,0.8265621837533158,
11694,0.9578636848111746,
11695,0.7954959479429273,
11696,0.8928638332133876,
11697,0.9886247321008915,
11698,0.7848752916691758,
11699,0.8621489738118819,
11700,0.8205590428828012,
11701,1.1563289927820455,
11702,0.7474607483789864,
11703,0.9389111192160474,
11704,0.8597033311874989,
11705,0.7366665945725069,
11706,0.8688891517588343,
11707,0.8487493790132908,
11708,0.6215479644346074,
11709,0.8702582607022351,
11710,0.8632607277298143,
11711,0.8863640390275789,
11712,0.6164790948017825,
11713,0.9831475721117173,
11714,0.9185072701392119,
11715,0.7224945946143453,
11716,1.1146010708628233,
11717,0.7742738707924112,
11718,0.7482165053761185,
11719,1.0662970478137177,
11720,0.7600151033380407,
11721,0.7990178585445888,
11722,0.7037564054470227,
11723,0.8770374218967814,
11724,0.8967332017960977,
11725,0.9797787059072932,
11726,0.898985027393576,
11727,0.7851267731440228,
11728,1.0667581358303821,
11729,0.9563086290519592,
11730,0.9518194059995033,
11731,0.8768995530790232,
11732,0.8405730422059219,
11733,0.7476023475957355,
11734,0.7354002535427191,
11735,0.721467363670091,
11736,0.9042040600896624,
11737,0.5060960914168875,
11738,0.798024615720891,
11739,0.6126939075336106,
11740,0.8499295803294643,
11741,1.1014526596588148,
11742,0.6871395548722924,
11743,0.920552381481903,
11744,0.7765996043735701,
11745,0.8903930379223737,
11746,0.8125118393829913,
11747,0.789560275669704,
11748,0.8823872374721188,
11749,0.8983868917848885,
11750,0.7430649428274754,
11751,0.7672232104971417,
11752,1.037189436625557,
11753,0.8875593045252427,
11754,0.8905389098007072,
11755,0.9257489788857467,
11756,0.7516734435705361,
11757,0.8111228217791011,
11758,0.896837469133366,
11759,0.981647195968477,
11760,1.036352499804798,
11761,0.7763477414839864,
11762,1.1080231360204649,
11763,0.7130844639022802,
11764,0.8449657447193745,
11765,0.8599609950102367,
11766,0.8335617985042438,
11767,0.9307425721459736,
11768,0.8100937359205203,
11769,0.7688747969718516,
11770,1.0102167938856608,
11771,0.9188175158828772,
11772,0.9683969764290618,
11773,0.8040401449949343,
11774,0.715273780922181,
11775,0.4887247824879965,
11776,0.8469524422289553,
11777,0.7462272401983683,
11778,0.7601181400520827,
11779,0.8663159249694758,
11780,0.9021254873676492,
11781,0.8495814641366335,
11782,0.8082629775545974,
11783,0.639760828465206,
11784,0.8026751594808578,
11785,0.9831985817831407,
11786,0.9145000826427524,
11787,0.7604922988417323,
11788,0.7749429033760268,
11789,0.8543090768788031,
11790,0.8321704017247431,
11791,0.9112978366738071,
11792,0.8798186594927334,
11793,0.5908050406434615,
11794,0.7161242258329346,
11795,0.9097535397740517,
11796,0.9218916167660252,
11797,0.8450565326717747,
11798,0.37287370379646856,
11799,0.7997311448846492,
11800,0.9157555887987705,
11801,1.1338277905807446,
11802,0.7800103736523466,
11803,0.8574257927800208,
11804,0.8395153099763452,
11805,0.6618707173509748,
11806,0.8815032530863398,
11807,0.9339828097241941,
11808,0.9162556219334727,
11809,0.7789209541617818,
11810,0.6149452077942588,
11811,0.7970879011491823,
11812,0.9322368872447776,
11813,0.9734438166541085,
11814,0.6830431836288315,
11815,0.7311570547119545,
11816,0.8071074373340162,
11817,0.9151948089121769,
11818,0.7585592828034192,
11819,0.6169007000380111,
11820,1.0110056148478455,
11821,0.9567302087131762,
11822,0.7678189298997826,
11823,0.9450891513149375,
11824,0.6766468604090992,
11825,0.8519906309776156,
11826,1.0102276696552315,
11827,0.7229657655466217,
11828,0.8928116559417595,
11829,0.5644034954964593,
11830,0.9017725746890994,
11831,0.7386086191554153,
11832,0.9450588819637246,
11833,0.6640352353592914,
11834,0.8015518214420011,
11835,0.5260942367560248,
11836,1.004186954686566,
11837,0.5881568660937145,
11838,0.8603328658193415,
11839,0.9257451357245593,
11840,0.8310690646953196,
11841,0.8454290942446443,
11842,0.7097580086220676,
11843,0.8901736510247299,
11844,0.9396307554977107,
11845,0.8440960305330123,
11846,0.9831243534797993,
11847,0.7012318473154164,
11848,0.7812237064986323,
11849,0.8552249104440698,
11850,0.7320429244627467,
11851,0.9865528585575857,
11852,0.8232944081206135,
11853,0.8283162291367553,
11854,1.0389991911353584,
11855,0.9696594685183689,
11856,0.8932317939080249,
11857,0.8375650159522202,
11858,0.7672634745743084,
11859,1.0265739088344117,
11860,0.8505055986148409,
11861,0.9033402752377576,
11862,0.8318151661858993,
11863,0.8469476696583503,
11864,1.007016650868133,
11865,0.8506497856061674,
11866,0.8985888920224805,
11867,0.9082496666590832,
11868,1.0222787332769778,
11869,1.0825559848955981,
11870,0.9165346564382671,
11871,0.9888058960514066,
11872,0.7570977547383129,
11873,0.7132772248492046,
11874,0.890167696458411,
11875,0.8504065800362711,
11876,0.8685090447476307,
11877,0.6836118122351491,
11878,0.8013118932396067,
11879,0.8626966915533502,
11880,0.9713433764800311,
11881,0.8358857677841213,
11882,0.7750542773140024,
11883,0.7792938135693126,
11884,0.8177085679315169,
11885,0.9191135828153556,
11886,0.9526560961942155,
11887,0.7304649705612769,
11888,0.8720277258240634,
11889,0.7842264780305103,
11890,0.9128586941618381,
11891,0.840062413801828,
11892,1.003655857216061,
11893,0.6850592356054017,
11894,0.7854198866938523,
11895,0.7783138136227653,
11896,0.9338382699054298,
11897,1.2129754708675273,
11898,0.7097953109852585,
11899,0.9376004622037408,
11900,0.659184284518934,
11901,0.727032491501671,
11902,0.7631887513814238,
11903,0.7515287420797596,
11904,1.0304117811682916,
11905,1.0310649948929531,
11906,0.6002127833354989,
11907,0.7673564893603629,
11908,0.980543267810709,
11909,0.9070203652265927,
11910,0.9780745222745437,
11911,0.9204462479126444,
11912,0.787985110972002,
11913,0.8222776505238121,
11914,0.7343762727693147,
11915,0.6088085336491195,
11916,0.9694139937709477,
11917,0.8093115523036595,
11918,1.0986884287925813,
11919,0.9217068166891724,
11920,1.1648062748943508,
11921,0.6604276739380964,
11922,0.8477214418485212,
11923,0.9647797375779573,
11924,0.8457066804858673,
11925,0.968812668095838,
11926,0.8223359218987607,
11927,0.767695961847257,
11928,0.8120847268704118,
11929,0.9240799928721344,
11930,0.6353575049527276,
11931,0.8635376670455606,
11932,0.8209203107158988,
11933,0.7653606071201207,
11934,0.8871866787709615,
11935,0.8067664133120623,
11936,0.8205383191968986,
11937,0.9873725845650625,
11938,0.9888353175795952,
11939,0.8775179704686156,
11940,0.6459516379277668,
11941,0.7080602366304938,
11942,0.7999547616634194,
11943,0.7578925914259937,
11944,0.7904975155412292,
11945,0.8967051622075776,
11946,0.8771532302788962,
11947,0.7045756752151943,
11948,0.860173399093746,
11949,0.8887985181769354,
11950,0.9611139504611719,
11951,0.9372185998470225,
11952,1.095569847248125,
11953,0.8309219827569594,
11954,1.004804196732329,
11955,0.679782524121863,
11956,0.5848934541968599,
11957,0.6838394111612562,
11958,0.7959524754368806,
11959,1.054593456113704,
11960,0.7652267318307712,
11961,0.7305343035599104,
11962,0.8366665858528648,
11963,0.6652726433034343,
11964,0.7958250481565026,
11965,0.8762897898597766,
11966,0.8135734728139433,
11967,0.917558007918051,
11968,1.113145801119012,
11969,0.9602043882173064,
11970,0.8967540837374234,
11971,0.896905978845533,
11972,1.0165278807432048,
11973,0.8003739550459587,
11974,0.720224533049208,
11975,0.8258852353576369,
11976,0.8076969698122538,
11977,0.793558423086833,
11978,0.7408800352664185,
11979,0.8013841597342509,
11980,0.721348677702702,
11981,0.8506461617036011,
11982,0.6488798865995914,
11983,0.6983303147758577,
11984,0.9082195153855118,
11985,1.0484974711900903,
11986,0.7951419172080156,
11987,0.7899273141342084,
11988,1.0964835166993856,
11989,0.7439289646579044,
11990,0.7316884790344893,
11991,1.1202163114227592,
11992,0.7722072446306875,
11993,0.9414941307819141,
11994,1.027568126712409,
11995,0.9354915522857616,
11996,0.877038428170861,
11997,0.9290026417578529,
11998,0.9322907940409941,
11999,0.8069836407713588,
12000,0.7111700304269448,
12001,0.6090505795310804,
12002,0.9951760430831074,
12003,0.9596785864790202,
12004,0.7610692382405766,
12005,1.0299842122606555,
12006,1.0476779935955651,
12007,1.0550823447101412,
12008,0.8587468454333036,
12009,0.6770725662547357,
12010,1.0568615929476868,
12011,0.6168086166215314,
12012,0.7969193221597843,
12013,0.7383862576903807,
12014,0.6391091226884822,
12015,0.8324354058024233,
12016,0.8120970400393185,
12017,0.9164726539669235,
12018,0.9454202549243458,
12019,0.8845467030443269,
12020,0.6740311198700552,
12021,0.7296267276220539,
12022,0.8867227625563023,
12023,1.2425459630804132,
12024,0.8783582127594093,
12025,0.8702933862860077,
12026,0.9261686206606089,
12027,0.8856333724920182,
12028,0.7429091958300117,
12029,0.9772051407892905,
12030,0.8349007439995166,
12031,0.8610251903937524,
12032,0.9168057370495641,
12033,0.958775117518361,
12034,0.8785127989483482,
12035,0.8978618094187739,
12036,1.0286910898335078,
12037,0.8866379783105606,
12038,0.4854213990308447,
12039,0.6584071305018767,
12040,0.9311387413245761,
12041,0.6449843687652042,
12042,0.8821024915916393,
12043,0.935018934630892,
12044,0.8227494248507212,
12045,0.8846297067883682,
12046,1.0153515773187065,
12047,0.9340506215413029,
12048,0.858708941746486,
12049,0.9841243171253659,
12050,0.6218118064025568,
12051,0.8248260626134696,
12052,0.6794844521209356,
12053,0.7960960373744888,
12054,0.947058566408999,
12055,0.8165629589698089,
12056,0.9501517506110836,
12057,0.9392841416637955,
12058,0.6753171652370561,
12059,0.68647820472339,
12060,0.9795431668227207,
12061,0.9230327016577133,
12062,0.6774697161387728,
12063,1.0843762343073924,
12064,0.731829228963995,
12065,0.784471693326508,
12066,-0.14090844356752424,
12067,0.9355312729694518,
12068,0.9788240079280954,
12069,0.6266142765553372,
12070,0.8592683242754977,
12071,1.103795413225243,
12072,1.0021693771073015,
12073,0.921739253483937,
12074,0.6076043265869022,
12075,0.9819893681793189,
12076,1.0278047033784026,
12077,0.6784741043424894,
12078,0.7596778681556539,
12079,0.652609705353468,
12080,0.9286779772303267,
12081,0.692115791298277,
12082,0.868935798390339,
12083,0.9263322165178559,
12084,1.0828815356753598,
12085,0.903424509093767,
12086,0.8096799388239595,
12087,0.8582022820215768,
12088,1.0319683246576297,
12089,0.7671686851151358,
12090,0.8684659202082521,
12091,0.7912680338902928,
12092,0.8970000151997022,
12093,1.0644833892860355,
12094,0.8319178159517348,
12095,0.916909091041166,
12096,0.8331147729080932,
12097,1.0094452187139364,
12098,0.8468179815735589,
12099,0.7548575978344635,
12100,0.8910878874021383,
12101,0.9609550503470072,
12102,1.0131381434193616,
12103,0.9371880452462574,
12104,0.7694609129910756,
12105,0.8385947361099924,
12106,0.906422676236335,
12107,0.9957769293152233,
12108,0.6834011006072503,
12109,0.6434795387709914,
12110,0.8878555765808955,
12111,0.9142360993463197,
12112,0.723143638268021,
12113,0.968130594889735,
12114,0.9004939579981105,
12115,0.8955453977356735,
12116,0.7332408865475077,
12117,0.7986188260875873,
12118,0.7496694951171038,
12119,0.9867830552316487,
12120,1.0339671741509335,
12121,0.7502226669946164,
12122,0.8096530626098449,
12123,0.7867918688037212,
12124,0.7517971021982537,
12125,0.806465644124948,
12126,0.7422490658394829,
12127,0.6828251701954038,
12128,0.8322363435153729,
12129,0.8772087070064656,
12130,0.9677085318681263,
12131,0.6500304439784264,
12132,0.7290411556362044,
12133,1.0118601452872626,
12134,0.8799529934741149,
12135,1.0355889708720314,
12136,0.7187793063701652,
12137,0.837148245669645,
12138,0.8255698533156157,
12139,0.7868943300394449,
12140,0.9765479219113693,
12141,1.1082302675820288,
12142,0.8087137851677545,
12143,0.727872073462082,
12144,0.7579831557115109,
12145,0.6744670887140055,
12146,1.0216071321192037,
12147,0.9402627310914004,
12148,0.9447822347432095,
12149,0.8364376612550458,
12150,0.8487528862955108,
12151,0.7378399441546856,
12152,0.5529414678440217,
12153,0.8777633395231721,
12154,0.7666475384897139,
12155,0.8365011100229165,
12156,1.0135947656900002,
12157,1.1084716345287102,
12158,1.02941594564327,
12159,0.8258333817878675,
12160,0.7493673023552372,
12161,1.2200462720061391,
12162,0.7825113017867937,
12163,0.9466345022973178,
12164,0.7911265290964322,
12165,0.9395114112103218,
12166,1.0272500572318046,
12167,0.8692331683780783,
12168,1.0015515668687986,
12169,0.48671353464975947,
12170,0.5610156011470243,
12171,0.8169813448787443,
12172,0.7917979935437225,
12173,0.8775305330706927,
12174,0.6765170649302943,
12175,0.9634727976995348,
12176,0.9682004717469701,
12177,0.5836528871425328,
12178,0.9370900470919074,
12179,0.9111112687061673,
12180,0.8506100531605734,
12181,0.9322946149118551,
12182,0.9206575177964721,
12183,1.0242814654253722,
12184,0.7648032059182501,
12185,0.7846402389027988,
12186,0.8650454824251511,
12187,0.7831130501581945,
12188,0.8276086683152003,
12189,0.9704938009562174,
12190,0.804911477570606,
12191,0.958766710916881,
12192,0.900115638501246,
12193,0.8404858408524031,
12194,0.6869687029805095,
12195,0.7690970124376565,
12196,0.49714544942366534,
12197,0.6960639672900604,
12198,0.5965141090427721,
12199,1.0256619387796362,
12200,0.6170088570102503,
12201,0.7025890540376842,
12202,1.0020218057662766,
12203,0.8605039772885532,
12204,0.9203386950172988,
12205,0.5482752968282524,
12206,0.705174925864517,
12207,0.966280519135988,
12208,0.9208123755597276,
12209,1.0268624283166363,
12210,0.9271798786670993,
12211,0.7205657411410517,
12212,0.8254402909948025,
12213,0.8334813782470866,
12214,0.6933674456016947,
12215,0.851398615484206,
12216,0.623473832737748,
12217,0.8968415353328908,
12218,0.7216055640628194,
12219,0.70587099937265,
12220,0.4511571974171242,
12221,0.8222055712451208,
12222,0.8707351102582345,
12223,0.5638855870924548,
12224,0.6887659947569376,
12225,0.7345045963916249,
12226,0.6175764213850821,
12227,1.1065733295380575,
12228,0.973976840218294,
12229,0.8448555023462294,
12230,0.8450032213241184,
12231,0.8579449040100317,
12232,0.9042442577344575,
12233,0.7612211667313872,
12234,0.47214649985425716,
12235,0.9510399761137863,
12236,1.0731078994435763,
12237,0.8691114684772849,
12238,0.764248560661335,
12239,0.9064949094576037,
12240,0.8852150906589409,0.5994214719602106
12241,0.7059296140600643,
12242,0.8565598271295051,
12243,0.5352087603888056,
12244,0.7073309763264922,
12245,0.9876994267637774,
12246,0.7863163460413483,
12247,0.9896249885137252,
12248,0.7208134739219683,
12249,0.8514044212435088,
12250,0.6821575593686966,
12251,0.8276470072314625,
12252,0.9095191368183542,
12253,0.610743433376621,
12254,1.0197664418344814,
12255,0.6670843803554424,
12256,0.9588275951777443,
12257,0.9491101371502555,
12258,0.6245424723413323,
12259,0.5333123538809882,
12260,0.8535691356851044,
12261,1.0911626801944412,
12262,0.7819838392777315,
12263,0.8504465118844835,
12264,0.8412691104553901,
12265,0.8490692438413835,
12266,0.8290896882396203,
12267,0.7813661224390474,
12268,0.8559532806798958,
12269,0.9784846825459318,
12270,0.6668242099225838,
12271,0.8104283961456333,
12272,0.8717102325700244,
12273,0.7956371059798172,
12274,0.8866599679952181,
12275,0.7386233406695654,
12276,0.7616258411170214,
12277,0.8294258318553857,
12278,0.9279875415667116,
12279,0.7563153882032964,
12280,0.7917473704684702,
12281,0.7458289142088588,
12282,0.9166506381176317,
12283,0.8976279688426643,
12284,0.9689401720138705,
12285,0.9192969234475684,
12286,0.881646909545,
12287,0.8082834805573847,
12288,1.0740461595687092,
12289,0.9313680429125784,
12290,1.02349631228467,
12291,1.0110037656447977,
12292,0.8212966868045575,
12293,0.7972871985824624,
12294,0.8120600822558656,
12295,1.2373279176541478,
12296,0.7325493416162026,
12297,0.9322706737486044,
12298,0.6327226703728902,
12299,0.9575453835502037,
12300,0.7473971726528102,
12301,0.9221444091500047,
12302,0.9637574771044094,
12303,0.7806298646047767,
12304,0.820614515262678,
12305,0.9991282376199813,
12306,0.9065426161725486,
12307,0.9804146904985489,
12308,0.7307048524949273,
12309,0.7933084100090446,
12310,0.8272756022116436,
12311,0.8989297164469446,
12312,0.8358410610536252,
12313,0.9643870712785729,
12314,0.867581281469923,
12315,0.857889881344256,
12316,0.9937687536357835,
12317,1.0032772397447012,
12318,0.9224570634610368,
12319,0.8227379944269239,
12320,0.8247838986889147,
12321,0.9349363212998362,
12322,0.7484979111089715,
12323,0.915468415185323,
12324,0.7354583242418232,
12325,0.786095495172751,
12326,1.069921866448377,
12327,0.8793541257968132,
12328,0.8169651646650106,
12329,0.9809769785175733,
12330,1.0697266297259802,
12331,0.9446874519522999,
12332,0.9187052449547184,
12333,0.811162484789056,
12334,0.7940699630832504,
12335,0.8052988115801716,
12336,0.7968175137387064,
12337,0.7670609463030711,
12338,1.1563995584881246,
12339,0.9093876000223686,
12340,0.8633719450792217,
12341,0.9246824793074394,
12342,0.7290433580505906,
12343,0.866721814198566,
12344,1.0614247330169944,
12345,1.2130526357646432,
12346,0.8339473461046366,
12347,0.8559131011944366,
12348,1.0909951864696226,
12349,0.8443660951166244,
12350,0.9532055487836655,
12351,0.9278080414245297,
12352,0.6654514160494951,
12353,0.9072727004320966,
12354,0.6982513182908539,
12355,0.7222401525934576,
12356,0.8772741522405042,
12357,0.8434692312411594,
12358,0.9220813024234858,
12359,1.1062213445733424,
12360,0.8487783707383921,
12361,0.6424317892211233,
12362,0.8240526866300482,
12363,0.775434595799349,
12364,0.7505443368860082,
12365,0.7785432686268066,
12366,0.8919159836427512,
12367,0.9255372135419705,
12368,0.6958136337515876,
12369,0.6579126023669277,
12370,1.0285527886663635,
12371,0.6391016681338604,
12372,1.1290258769488646,
12373,0.9558787773438603,
12374,0.9806927463646741,
12375,0.614778771816493,
12376,0.8892793517747097,
12377,0.8017082181478095,
12378,0.8306831071503137,
12379,0.97151976274455,
12380,1.087276359427969,
12381,0.6929370018148634,
12382,0.8297108738172081,
12383,0.7114018355933598,
12384,0.7808259394166405,
12385,1.086101341326495,
12386,1.0058728607227239,
12387,0.8420328371899096,
12388,0.8446613703730823,
12389,0.9647276235000327,
12390,0.8700896233905416,
12391,0.7874080053282057,
12392,0.9697475461696023,
12393,0.8114371846739187,
12394,1.066560137080049,
12395,0.8331077024270971,
12396,0.7870854104217644,
12397,0.7512900813557714,
12398,0.9576488108779643,
12399,1.005677837660789,
12400,0.9541308688405574,
12401,0.8914945993200063,
12402,0.7064046976508489,
12403,0.9357000608158975,
12404,0.8946984974889063,
12405,0.766835547285519,
12406,0.79972937342107,
12407,0.7392646839893703,
12408,0.7087902956139549,
12409,0.9655608631871075,
12410,0.7496030443723474,
12411,0.9748915227052839,
12412,0.8136848085937525,
12413,1.0536434229576426,
12414,0.9714903438746882,
12415,0.8927923494151437,
12416,0.8349481776199404,
12417,0.8825747134887404,
12418,0.7964093489130576,
12419,0.8401815707434959,
12420,0.8950794310606969,
12421,0.8775844534217613,
12422,0.6811985221095684,
12423,0.9393364957075003,
12424,0.858145516165561,
12425,0.8984001312645215,
12426,0.9763228076936313,
12427,0.7221786999403673,
12428,0.859146005898075,
12429,0.9815761954840798,
12430,0.8419431159082867,
12431,0.8502075503693464,
12432,0.590351233154004,
12433,0.5937980659700103,
12434,0.7803513774774351,
12435,0.9013589052661051,
12436,0.7893803588792943,
12437,0.8753691020117265,
12438,0.7955096741966688,
12439,1.0404070537624825,
12440,0.7105545277897481,
12441,0.9040337649030589,
12442,0.6734896093070738,
12443,0.79676523012642,
12444,0.6968357760707274,
12445,0.6787993952526136,
12446,0.8838276893762513,
12447,0.803018147993599,
12448,0.8520925034683752,
12449,0.8258460161266091,
12450,0.8626238875332816,
12451,0.6964398657470169,
12452,0.7781295766768169,
12453,0.9083604058142574,
12454,0.8592604450348342,
12455,0.7717678599865113,
12456,0.779125924382703,
12457,0.8512255079912343,
12458,0.8913119499920747,
12459,0.9697988052529346,
12460,1.0755014242038772,
12461,0.9846411676795174,
12462,0.8661729778323976,
12463,1.039496038891198,
12464,0.7971043572993397,
12465,0.9562825712844105,
12466,0.9956912849089886,
12467,0.7040630109712439,
12468,0.9155230551817481,
12469,0.9376649528426578,
12470,0.7644942836601831,
12471,1.0599568851205632,
12472,0.9261781673358517,
12473,1.0288276120606832,
12474,0.6769753793445695,
12475,0.931109200045194,
12476,0.9004474449923976,
12477,0.5639980708408817,
12478,0.770786908455524,
12479,0.6978490917977718,
12480,0.8343710895332506,
12481,0.8082176491741816,
12482,0.5865882188440534,
12483,0.9228249772989441,
12484,0.7866220788218359,
12485,0.7930645846813975,
12486,0.7097010788048335,
12487,0.670726852771298,
12488,0.934191454224811,
12489,0.8301551686404828,
12490,0.6829147327239996,
12491,0.8807267771543954,
12492,0.6258276388333378,
12493,0.9322772024862737,
12494,0.9922388558526304,
12495,0.8403158929253355,
12496,0.9235831007585352,
12497,0.8054221384621061,
12498,0.9963200366343128,
12499,0.7402492218754426,
12500,1.0676206628865341,
12501,0.796486337799779,
12502,0.7973262077550796,
12503,0.5705098765606551,
12504,1.0068638468739326,
12505,0.8430088507075941,
12506,0.925902456472597,
12507,0.5895461330382863,
12508,1.2183136543969726,
12509,1.0482037894948555,
12510,1.0526004140564857,
12511,0.8397126083358426,
12512,0.93763017125133,
12513,1.0137173776052375,
12514,0.9761724650219358,
12515,0.9436951020622895,
12516,0.931614740589877,
12517,0.7976424471163834,
12518,0.869908943593218,
12519,0.8501520119486937,
12520,1.0298697591908548,
12521,0.919032664494765,
12522,0.7421571583918858,
12523,0.7713950434984004,
12524,0.8313897638041371,
12525,0.7238681354649039,
12526,0.8952354091532793,
12527,0.6264054804158823,
12528,0.9282658127813685,
12529,0.9413627715303426,
12530,1.1119334970927912,
12531,0.8280535492130892,
12532,0.9197871877314129,
12533,0.8218940988570836,
12534,0.8783661122753345,
12535,0.78212651760419,
12536,0.8563769748283874,
12537,0.9766415107009281,
12538,0.9766899163396354,
12539,0.6513948697667065,
12540,0.8590752073060091,
12541,0.8200572955287492,
12542,0.8894874165747773,
12543,0.883889998608768,
12544,0.7744524178538873,
12545,1.0169482958348162,
12546,0.9167641871716928,
12547,1.0065880657082023,
12548,0.930979460223878,
12549,0.7885364888579861,
12550,0.8692277477429083,
12551,0.9003458876110619,
12552,0.896467230312896,
12553,0.9066064114483428,
12554,0.6824846331490133,
12555,0.9768463929548692,
12556,0.7828893876153342,
12557,0.9626952181864117,
12558,0.6172097686803506,
12559,0.888578983158455,
12560,1.1085898992536622,
12561,0.8905883516150137,
12562,0.9210882675274361,
12563,0.8979719254195239,
12564,0.7113637870466459,
12565,0.8011620090293692,
12566,0.753659467831427,
12567,0.9499384481745494,
12568,0.8686348187319124,
12569,0.8698833968414371,
12570,0.8104924539271258,
12571,0.8560459339428435,
12572,0.9304774749986284,
12573,0.660203217933946,
12574,0.9157666053050175,
12575,0.9371027268604448,
12576,0.7626839765617642,
12577,0.6488917141439283,
12578,0.8784284214861643,
12579,0.9262716762985752,
12580,0.6018213328189786,
12581,0.9976497018451637,
12582,0.9348487076587133,
12583,0.7535331116782609,
12584,0.7418477745054128,
12585,0.7464420007997705,
12586,0.8518654553759156,
12587,0.771622341909336,
12588,0.7879835638502231,
12589,0.764026602033793,
12590,0.8102382642301661,
12591,0.9600246098222481,
12592,0.7842653048075438,
12593,0.8173695194883083,
12594,0.6447763071482987,
12595,0.6124973511134224,
12596,0.8488248123939106,
12597,0.8493444135591971,
12598,1.0062320538847582,
12599,1.0430784870231693,
12600,0.8479928539367759,
12601,0.797669466695965,
12602,0.9434180312962857,
12603,0.7938399827274414,
12604,0.7229796707734989,
12605,0.9512159858792224,
12606,0.6976431782289991,
12607,0.8535416882650673,
12608,0.7994986125576297,
12609,0.9698557181973683,
12610,0.823808199393879,
12611,0.7665219858707654,
12612,0.6842580468210171,
12613,0.7814681817591518,
12614,1.0387492138401986,
12615,0.9192705537757603,
12616,0.864177647380714,
12617,0.8700088983013392,
12618,0.6334149013797761,
12619,1.1538364692037393,
12620,0.6562405356196213,
12621,0.630762019954392,
12622,0.6923285594959786,
12623,0.7899930578526518,
12624,0.955774217301984,
12625,0.7014516296639927,
12626,0.6183343025810266,
12627,0.9412505912511155,
12628,0.7929632938544542,
12629,0.9335783200632257,
12630,0.8032371725605114,
12631,0.690791499586832,
12632,0.7407715146700771,
12633,0.9266181231671735,
12634,0.8878628834384356,
12635,0.8029295329241594,
12636,1.1687499793699125,
12637,0.8795052083269008,
12638,0.8865633986098371,
12639,0.8959390273300654,
12640,0.8885903078697956,
12641,0.8558101666938842,
12642,0.9332932645590309,
12643,1.0574615146145492,
12644,0.769968109218944,
12645,0.8819145961854042,
12646,0.863227908835792,
12647,0.9064121629426339,
12648,0.897626768596981,
12649,0.8374589276180875,
12650,0.9186560794093198,
12651,0.9066119061600061,
12652,1.0354013868532526,
12653,0.7411878494757543,
12654,0.9246534260082822,
12655,0.8035056918770608,
12656,1.074401382389581,
12657,0.9736715962771737,
12658,0.9047457527617753,
12659,1.0856106765783056,
12660,1.136632310233598,
12661,0.9281110649631876,
12662,0.8199568114928862,
12663,1.0259538518482954,
12664,0.8997966051736631,
12665,0.8550818072107116,
12666,0.7100399546502263,
12667,0.7514693138987948,
12668,0.8608741432110857,
12669,1.1337605154272354,
12670,1.0010084058024251,
12671,0.9607834047275096,
12672,0.9193945482377174,
12673,1.028061740373418,
12674,0.774523180165294,
12675,1.035183767547815,
12676,0.9800306445421259,
12677,0.8467626204782657,
12678,1.046754786172706,
12679,0.6599790189027277,
12680,0.9280640133566934,
12681,0.7578181012921836,
12682,1.037236587941451,
12683,1.0141719195049024,
12684,0.9313447623524055,
12685,0.7082784273898688,
12686,0.7600009001606908,
12687,0.9421223401609745,
12688,0.9103573946495348,
12689,0.83286224674268,
12690,0.9954571902948528,
12691,0.8294520369971226,
12692,0.9133453479171093,
12693,0.9994144958359477,
12694,1.0819374661067418,
12695,1.1116415183997652,
12696,0.8886009575051651,
12697,0.8295440026671549,
12698,0.9051971661789252,
12699,0.7601035545811848,
12700,0.8223414374998917,
12701,1.0148723680499732,
12702,0.8208400451861063,
12703,0.8495086214450265,
12704,0.8034009616109815,
12705,1.0148857856903186,
12706,0.8907509246457693,
12707,0.9438962685332333,
12708,0.9489404458117352,
12709,0.7438074268904292,
12710,0.8206111433980777,
12711,1.2980279775118113,
12712,0.9701693142616717,
12713,0.7230439655103224,
12714,0.7571099823877688,
12715,1.0415847792599275,
12716,0.635049073396543,
12717,0.9883047840574282,
12718,0.7819200797297062,
12719,0.8948389159058208,
12720,1.0702994717108276,
12721,0.7986392798136945,
12722,1.0960374528057297,
12723,1.0390196513201326,
12724,0.8782407934644968,
12725,0.8303610885692441,
12726,0.9466537405670523,
12727,0.9369552920900589,
12728,0.6917440991907002,
12729,0.8911384311847833,
12730,0.3718813830534981,
12731,0.8259637857085159,
12732,0.6652813449886805,
12733,0.9138300211331726,
12734,1.0246164685793846,
12735,0.9661474556804462,
12736,0.8742460073118586,
12737,1.0308372798874794,
12738,0.8627343392657532,
12739,0.869845656784088,
12740,0.9691850545505017,
12741,0.7438862699214185,
12742,0.9856169097329395,
12743,0.6690429037781112,
12744,0.9779670355828362,
12745,0.698449717055966,
12746,0.7426378471517496,
12747,0.8120354076317965,
12748,1.0427222419148097,
12749,0.7061255840349041,
12750,1.01534230765027,
12751,0.9106639526459682,
12752,0.9743095775260533,
12753,0.8444437678239677,
12754,0.9017586415046376,
12755,0.8740389829889598,
12756,1.0329156731681775,
12757,0.8179013987009903,
12758,0.7949942180162644,
12759,1.0111738285710792,
12760,0.9441498691394853,
12761,0.9390544212185924,
12762,0.7576637923826953,
12763,0.708016299222229,
12764,0.8343390544057325,
12765,0.9039974133564822,
12766,0.8552815690983107,
12767,0.8284845261896859,
12768,0.7589145516231283,
12769,0.8498601773565249,
12770,0.8848589191776455,
12771,0.5682128610401755,
12772,0.9155869752258415,
12773,0.5802602189026108,
12774,0.8400302988155717,
12775,0.7275239926740991,
12776,0.9044258818587756,
12777,0.8109646143787491,
12778,1.092278300456882,
12779,0.9345753292929405,
12780,0.8201546937805565,
12781,0.8738756591130449,
12782,0.9796732771205741,
12783,0.9084037240353846,
12784,0.9411353709082377,
12785,0.7957311836844069,
12786,0.9454267234313966,
12787,1.0189184331169585,
12788,0.8149368459499221,
12789,0.8348272636855446,
12790,0.8776786198688867,
12791,0.757224057712056,
12792,0.9555004770097943,
12793,0.7899683412575851,
12794,1.0139902500514142,
12795,0.8648979447098577,
12796,0.9726085361737519,
12797,0.6993494104125291,
12798,0.8327915911025093,
12799,0.9494421997400643,
12800,0.7773415540623103,
12801,0.9215263425539161,
12802,0.9400434705972355,
12803,0.9139809485176945,
12804,0.5086713110119104,
12805,0.8161450317910951,
12806,0.864411082222872,
12807,0.9555771164954628,
12808,0.7727054751457214,
12809,0.7403777552109675,
12810,0.812334644531085,
12811,0.7630201704648139,
12812,0.8126978503177347,
12813,0.9378534332796695,
12814,0.8554241257327402,
12815,0.532650376577334,
12816,0.6250135577027545,
12817,1.027178270960236,
12818,0.7138617824727457,
12819,0.9068032998361032,
12820,0.9406824993960068,
12821,0.9660318551634313,
12822,0.9867003392846855,
12823,1.0452732649445657,
12824,1.0965153402732066,
12825,0.8114970588442618,
12826,0.8151568372632414,
12827,0.7361242645232242,
12828,0.8142400911489358,
12829,1.0206255229543861,
12830,0.979083273968336,
12831,0.9283545974342362,
12832,0.8824540833291822,
12833,0.8404429953089193,
12834,0.6833971805166538,
12835,0.7987345697749827,
12836,1.003430020452307,
12837,0.8778723293933713,
12838,0.6900927574971842,
12839,0.898579122750567,
12840,0.7097275130007075,
12841,0.938192142145388,
12842,0.9269222417166948,
12843,0.917586229863513,
12844,0.8282194390211405,
12845,0.975472528606934,
12846,0.9807349184022817,
12847,1.0233624075620125,
12848,0.7953041668926497,
12849,1.0396107835910642,
12850,0.9013093557663187,
12851,0.6630667995916129,
12852,0.7974466678304997,
12853,0.7931966268490998,
12854,0.8771232640225061,
12855,0.8730805513386419,
12856,0.7672108508664843,
12857,0.88267785999381,
12858,0.9216140717547182,
12859,0.9264558130812512,
12860,0.8665097838797867,
12861,0.8197226182061684,
12862,0.7340324133560557,
12863,1.0802168192802437,
12864,0.9762022744767559,
12865,0.7944013060692471,
12866,0.7326617038089808,
12867,0.978613173864701,
12868,0.8893320005851285,
12869,0.8072697010713615,
12870,0.925422705402268,
12871,0.8632558878156464,
12872,0.7404089018231316,
12873,0.8861009799091023,
12874,1.1512147613433188,
12875,0.9244379613780919,
12876,1.0381965638538204,
12877,0.9718140202512734,
12878,0.7551657965943719,
12879,0.7599625127715105,
12880,0.7355937168120271,
12881,0.8436302677714892,
12882,1.020449648283522,
12883,0.6187918409230673,
12884,0.9995643512889151,
12885,0.6872431315698514,
12886,0.8677917455853879,
12887,1.168578380150499,
12888,0.9423233985661911,
12889,0.9197700219527518,
12890,0.790450581290456,
12891,0.8029542832589892,
12892,0.7047043832411821,
12893,0.8611888081883292,
12894,0.9580579002916014,
12895,1.2357094553558696,
12896,0.5955945489254129,
12897,0.8397881120523473,
12898,0.8199119521011461,
12899,0.8784728937350091,
12900,0.8362022308422341,
12901,0.881987305181164,
12902,0.917252912371182,
12903,1.1657629545954624,
12904,0.8851580451109503,
12905,1.1275225192310463,
12906,0.7769031977967541,
12907,0.6884859900358616,
12908,0.8830208637393426,
12909,0.9154690445628633,
12910,0.7262594519347771,
12911,0.8106900195494472,
12912,1.0220558946709868,
12913,0.9056402802319959,
12914,0.9789085861183373,
12915,0.7457800236644366,
12916,0.6989461160590562,
12917,0.9691758108848731,
12918,0.849552860559776,
12919,0.6779440545280682,
12920,0.7917803426091594,
12921,0.8824867616663123,
12922,0.7369001668340659,
12923,0.6451007861276441,
12924,0.8330677396292201,
12925,0.8215762464706231,
12926,0.780612892759754,
12927,0.8378068703189835,
12928,0.8447102532697168,
12929,0.7898521941080331,
12930,0.8883142782733928,
12931,0.9737599131670872,
12932,0.9591493354183747,
12933,0.969968650077051,
12934,0.6963204801389459,
12935,0.8658780003055929,
12936,0.9003661436945035,
12937,1.0738991508362183,
12938,0.6185410732767728,
12939,0.767733118200713,
12940,0.8647875608790814,
12941,0.9087138958749319,
12942,0.9400419959958388,
12943,0.6431703137644547,
12944,0.5856453197392902,
12945,0.7510000559681231,
12946,0.8921646416433323,
12947,0.8130992601916812,
12948,0.8330803858445291,
12949,0.8120293972113373,
12950,0.9056425303442424,
12951,0.70189288543356,
12952,0.8382822839671885,
12953,0.8167498992111141,
12954,1.134368726872115,
12955,0.8213330468402018,
12956,0.8143817152247196,
12957,0.7801413092363486,
12958,0.9694115413772697,
12959,0.8422114129035815,
12960,0.9920221858849367,
12961,1.0099861399314605,
12962,0.8539543669254487,
12963,0.8116772727584654,
12964,0.7870652652142823,
12965,0.7489033899789909,
12966,0.7287983691800242,
12967,0.7630300031116483,
12968,1.0501049618333884,
12969,0.6430841600941879,
12970,1.1397415581400063,
12971,0.9302872538117813,
12972,0.9965658432789759,
12973,0.8055217133081954,
12974,0.9882143087358075,
12975,0.9550693914795153,
12976,0.948015810014818,
12977,0.8412970840789306,
12978,0.9070097310520996,
12979,0.8720033853616291,
12980,0.9136828377739645,
12981,0.6563781863542911,
12982,1.0553912850289016,
12983,0.7724242293895711,
12984,1.0311757167001263,
12985,0.6708448982206835,
12986,0.9965214352103139,
12987,0.807392637274072,
12988,0.8797206074863394,
12989,0.8329985297859416,
12990,0.8100939539670569,
12991,1.0275989559687815,
12992,0.9563191094779565,
12993,0.7649452167590614,
12994,0.9504778793271342,
12995,0.8647334455214689,
12996,0.8806584491784033,
12997,1.0766282452659097,
12998,0.9979351737663245,
12999,0.9969152795449843,
13000,0.9070735317439658,
13001,0.9240412008434457,
13002,0.9915881434898965,
13003,0.9211185030243354,
13004,1.077749753075112,
13005,0.7496245845780586,
13006,0.877065766413528,
13007,0.9677248650402147,
13008,0.7967528351667356,
13009,0.9516475822489845,
13010,1.1225838108577637,
13011,0.7547230251847988,
13012,0.7281680978433199,
13013,0.8473692121200536,
13014,0.7798017792300608,
13015,1.0159567251386228,
13016,0.7835669750409511,
13017,0.7149242261386785,
13018,0.7145942446683703,
13019,0.9362494043816059,
13020,0.8019007090767835,
13021,0.7356815126418534,
13022,1.1359786195540487,
13023,0.8025847610077642,
13024,0.929603718700851,
13025,0.8643051631345029,
13026,0.9078911616855685,
13027,0.90102699948367,
13028,0.9608842986016999,
13029,0.9816964158397529,
13030,0.7865461633321277,
13031,0.7728651583571566,
13032,0.8497885572853039,
13033,0.8946056102049209,
13034,0.9906596155267084,
13035,1.0232851451111624,
13036,0.7272893188308059,
13037,0.8276762078452077,
13038,1.0657734620318637,
13039,0.9006559545600653,
13040,1.017668506520228,
13041,0.8737611223309926,
13042,0.8645076977291537,
13043,0.84802877736944,
13044,0.8636234702099994,
13045,0.5869837821815371,
13046,0.7607441842599613,
13047,0.8293808152734959,
13048,0.9002873756107741,
13049,0.8548198748054912,
13050,1.0027648597848646,
13051,0.8727909717431808,
13052,0.9443144279914261,
13053,0.6497486037684471,
13054,0.7895536573296035,
13055,0.9468401404155105,
13056,0.7973147715363532,0.9391063807607394
13057,1.038762975688213,
13058,0.8570392886523068,
13059,0.8846235743775129,
13060,0.8758159272598616,
13061,0.9744308764332986,
13062,1.0421378715975045,
13063,0.8253659357811626,
13064,0.8188623292683819,
13065,0.8577162478861301,
13066,1.0681018954356627,
13067,0.9614280578919457,
13068,0.6418257166183932,
13069,0.834173656638447,
13070,0.8721556170466145,
13071,1.062923622440464,
13072,0.9509893405750415,
13073,1.0322596963969817,
13074,0.9164196816395354,
13075,1.0346746638540998,
13076,1.0176676335196548,
13077,0.8284034896040268,
13078,1.031390211272376,
13079,1.0129028412814665,
13080,0.9677317364426058,
13081,0.9347721917176507,
13082,0.7700771322029677,
13083,0.6719795846073546,
13084,0.9584082361682577,
13085,0.9496820487210745,
13086,0.8497775157800396,
13087,0.9760748943977356,
13088,1.0020573938141688,
13089,0.9073606465775588,
13090,1.0213323936443897,
13091,0.8505127886597296,
13092,0.7170730933003115,
13093,0.8237313719872394,
13094,0.9271169066162795,
13095,0.8060765331796903,
13096,0.8639090076648206,
13097,0.6484156461685224,
13098,0.6470091829267083,
13099,0.7783270129952002,
13100,1.0535611853824625,
13101,0.7634733302681371,
13102,0.7731502181716722,
13103,0.863717776881012,
13104,0.7907788971006838,
13105,0.8843352768553968,
13106,0.9609919452316421,
13107,0.7566249955120619,
13108,1.173370683695603,
13109,0.8854614435265238,
13110,0.9655830002276282,
13111,0.9492210678564097,
13112,0.8966939652960908,
13113,0.8001303328101926,
13114,0.7666294412137845,
13115,0.9108362304421326,
13116,0.953477976983075,
13117,0.7899895085176841,
13118,0.9928247294003153,
13119,0.9591642251508898,
13120,0.8233498345343646,
13121,0.7678108415670554,
13122,0.6196465844850454,
13123,0.8018497506701021,
13124,0.8088035139724256,
13125,0.9672333083763924,
13126,0.7673896009105765,
13127,0.9154823615499375,
13128,0.7809928918026896,
13129,0.747302959474517,
13130,0.6789110931729824,
13131,0.7919310184882479,
13132,1.1654411798113653,
13133,0.8061056104226447,
13134,0.7240985962678926,
13135,0.897485613924265,
13136,0.914067557025091,
13137,0.8145865390477921,
13138,1.0027481796265918,
13139,1.0376045094367623,
13140,0.9767464645044953,
13141,0.8716070951749233,
13142,0.7955496379610728,
13143,0.8046132271247802,
13144,0.8641877921524167,
13145,1.120299764621091,
13146,0.8980204193239376,
13147,0.8400435319782434,
13148,0.7089148223773326,
13149,1.2195484167289987,
13150,1.00075858885334,
13151,0.89127512192317,
13152,0.9988816999696855,
13153,0.6815053076575828,
13154,0.8518782283376922,
13155,0.7415610193316025,
13156,0.96808911593747,
13157,0.8298323845921455,
13158,0.9027681365335793,
13159,0.8816024475068082,
13160,1.0365680613851649,
13161,0.8892998487276517,
13162,0.8146806825110384,
13163,0.8219375683173586,
13164,1.0696435339066144,
13165,1.1810287048301076,
13166,1.0310332451864406,
13167,0.7732261551782228,
13168,0.7955031775473896,
13169,0.8311526278308828,
13170,0.8584494313331439,
13171,0.8284684768863187,
13172,0.7607823657819356,
13173,0.870237877936702,
13174,0.8744775819440631,
13175,1.0777614715285022,
13176,0.8096840284597558,
13177,0.7219401869414483,
13178,0.71614196013094,
13179,0.8815792502793959,
13180,0.6696900480273669,
13181,0.9621208309875794,
13182,0.946770735520086,
13183,0.8055942957603058,
13184,0.9205509041203734,
13185,1.0006153778062448,
13186,0.794291297333174,
13187,0.9929510529961301,
13188,0.931634829551284,
13189,0.9192116589429403,
13190,1.0859383124432793,
13191,0.7166123337875655,
13192,0.6977840532745743,
13193,0.7863763833194881,
13194,0.9346853382412941,
13195,0.9035020205735435,
13196,0.9420726463962067,
13197,0.8731754124806826,
13198,0.9616940454867519,
13199,0.7817435413033107,
13200,0.9018433539158281,
13201,0.8500968081218188,
13202,1.0265289594252158,
13203,0.9426228260864717,
13204,0.8740092185299918,
13205,0.9995953030104163,
13206,1.0067496474804583,
13207,0.9127527608853427,
13208,0.8209231287227758,
13209,0.7119086423269579,
13210,0.9392897644712104,
13211,0.9817933943630096,
13212,1.0055323491712869,
13213,0.6906325863292901,
13214,1.0025228789972087,
13215,0.938689967458847,
13216,0.9922379578611357,
13217,0.5695007891858042,
13218,0.8568270000487341,
13219,0.853193051935401,
13220,0.7726348137686623,
13221,0.8842289718847753,
13222,0.728308692325763,
13223,0.8131315546272416,
13224,0.6687016045791712,
13225,0.9606178572332155,
13226,0.7392626040900856,
13227,0.9724495819071255,
13228,0.8964985970574916,
13229,1.0740939318109581,
13230,0.9579990181613788,
13231,0.6884002434214552,
13232,0.7429679644096315,
13233,1.0198328059476023,
13234,0.8876880953628686,
13235,0.780228249849317,
13236,1.0189769740645798,
13237,0.805863317903824,
13238,0.9360532538794682,
13239,0.7782589511250808,
13240,1.0691035126475945,
13241,0.9711247695618999,
13242,0.7839878946471531,
13243,0.9354572804930028,
13244,1.0715816844370971,
13245,0.8622914856515101,
13246,0.7436052137440045,
13247,1.164439881652257,
13248,0.74824546189777,
13249,0.8921084866529505,
13250,1.0940361900545585,
13251,0.8580038580886644,
13252,0.7127199108751174,
13253,0.8063661539413215,
13254,0.8666012793941452,
13255,0.9038026507850914,
13256,0.9585084909657462,
13257,0.6152128652976468,
13258,0.9247639282181835,
13259,0.7585820096123929,
13260,0.9076523044632979,
13261,0.8115758215948972,
13262,0.8922356744191888,
13263,0.9804440620655605,
13264,0.8613015057547256,
13265,0.7734792017689195,
13266,0.9498464140360411,
13267,0.9595756857627608,
13268,0.9827082036215746,
13269,0.9163218648759054,
13270,0.8118767158034396,
13271,0.7580730975330651,
13272,0.8348674636226376,
13273,1.1813405775587287,
13274,0.6224556901130288,
13275,0.7510296380442945,
13276,0.9769410973041571,
13277,0.8496870978512863,
13278,0.9194915797649957,
13279,0.968613379484208,
13280,0.6783502027806767,
13281,0.9387065544840971,
13282,0.7525909786006884,
13283,0.9694982350769746,
13284,0.522148824187346,
13285,0.8522646193355067,
13286,0.9249202308704197,
13287,0.919770411236324,
13288,0.8626159140959373,
13289,0.8124316184315349,
13290,0.9675217957404412,
13291,0.5774540562565932,
13292,0.6313013072456317,
13293,0.898946735640271,
13294,0.760740146258159,
13295,0.7481898781890182,
13296,0.7727160710976609,
13297,0.8978916093246453,
13298,0.8119950891920874,
13299,0.8662180306878783,
13300,0.8654776664610218,
13301,0.8108707625922101,
13302,0.763152687279075,
13303,0.9398641073471159,
13304,1.0948995500629226,
13305,0.8694234377949502,
13306,0.9466786630954782,
13307,0.6347135334676826,
13308,1.0704089225356184,
13309,0.7978515339511545,
13310,0.8613659681537601,
13311,0.8199036769958711,
13312,0.8410928666525892,
13313,0.7600618757959399,
13314,0.9292592107086116,
13315,1.2096752524581937,
13316,0.9184987059845173,
13317,0.8317516441591015,
13318,0.9322666577777502,
13319,0.8020222623090053,
13320,0.6932938451093358,
13321,0.7670231227510508,
13322,0.7717158962636004,
13323,0.8484525496162973,
13324,0.8234370950933884,
13325,0.9932204719403246,
13326,0.8664557218019211,
13327,0.8299345966991675,
13328,0.749138845365677,
13329,1.1605006062976087,
13330,1.0004890670487956,
13331,1.1128217459664071,
13332,1.0140235112657356,
13333,0.8945435441802756,
13334,0.796500115838601,
13335,1.207440621331179,
13336,1.0747524596933726,
13337,0.704526303211012,
13338,0.8681750120630088,
13339,1.023646343429627,
13340,1.0153130986615322,
13341,0.8509076550563361,
13342,0.5145310776500098,
13343,0.8151542851179439,
13344,0.7114003806732756,
13345,0.7089954735628362,
13346,0.7826636978362049,
13347,0.9195098150644797,
13348,1.0289579737282428,
13349,1.0915759478092184,
13350,0.8784092026761601,
13351,0.8078766081048784,
13352,0.847345378956178,
13353,0.7853484494187031,
13354,1.019351652333595,
13355,0.7222489500439625,
13356,0.979202871457571,
13357,0.8847120739153918,
13358,1.0184574400894777,
13359,0.7443987102174763,
13360,0.7705043790728612,
13361,1.2770459007513013,
13362,0.8009492164937325,
13363,0.8174930571349177,
13364,0.8075848142443436,
13365,0.9040873898019126,
13366,0.9943825230115766,
13367,0.8702020484263469,
13368,0.9188170277787117,
13369,1.0368940961671684,
13370,0.816524144440117,
13371,0.9346471822069564,
13372,0.9152946391346897,
13373,0.8959453470500868,
13374,0.8283604912696683,
13375,1.0157063813803011,
13376,0.8442509549097872,
13377,0.6554401033222786,
13378,0.7943610763396246,
13379,0.8104269542712891,
13380,0.7557481233657193,
13381,0.9159405051470646,
13382,0.9154968020072443,
13383,0.7887843239727865,
13384,0.8475331101640937,
13385,0.7782836615737634,
13386,1.0557502499719287,
13387,1.0404147161338901,
13388,1.0800893517021863,
13389,0.7795847367951568,
13390,0.7778171313144607,
13391,0.956851557509659,
13392,0.9181836500547866,
13393,0.8659773339121446,
13394,0.6911559746049999,
13395,0.9332925687223435,
13396,1.1144311893764878,
13397,0.8545299792469174,
13398,0.8158267779061075,
13399,1.0211434339187249,
13400,0.8608098083616512,
13401,1.3756876482442362,
13402,0.9191232995278926,
13403,0.6801379900299174,
13404,0.9941063010628598,
13405,0.76938010286639,
13406,1.0479472028969776,
13407,1.0919959270182735,
13408,1.0540329554242718,
13409,0.800125838988614,
13410,0.9197170314271075,
13411,0.9416197837154995,
13412,0.9057209939927506,
13413,1.0207468663353123,
13414,0.9699339330576114,
13415,0.9344145803565626,
13416,1.073360193974123,
13417,1.1306291616362134,
13418,0.8334551413787298,
13419,1.0052163302035713,
13420,0.8362942034341975,
13421,0.9674642266426754,
13422,0.8653880854113237,
13423,0.9089828500199532,
13424,0.9960346682332567,
13425,0.8957150322869554,
13426,0.8084815234762373,
13427,0.8922130202052563,
13428,0.8160264167941477,
13429,0.9102576001706462,
13430,0.8570312217856838,
13431,0.760092323008614,
13432,0.9660509066387408,
13433,0.8131423907038486,
13434,0.9784172385004839,
13435,0.8069887528117858,
13436,0.9171233210951814,
13437,0.7263163282830437,
13438,0.7637943490196567,
13439,1.038283070975679,
13440,0.8614989129287658,
13441,0.6934336874855512,
13442,0.9511683180859263,
13443,0.8131915153043671,
13444,0.7923724089236681,
13445,0.9043903793333382,
13446,0.9420226454476353,
13447,0.910864994276932,
13448,0.7029572265198758,
13449,0.8931529177783653,
13450,0.7432947069542506,
13451,0.8991114248180301,
13452,0.6321829832195089,
13453,1.0563837923269537,
13454,1.020448817938386,
13455,0.8868158501806346,
13456,1.1008669474773725,
13457,0.7551374817832531,
13458,1.0493329604598098,
13459,0.8520719487448859,
13460,0.9332869166073017,
13461,0.5911380001263492,
13462,0.7697915783834732,
13463,0.7642255743997307,
13464,1.000994204007614,
13465,0.8227311570294644,
13466,0.7554092105379304,
13467,0.8016773518231094,
13468,0.5840910664329366,
13469,1.063301365267689,
13470,0.7484590204806952,
13471,0.9828350439999666,
13472,0.6944945876994264,
13473,1.1305686550167489,
13474,0.9695482748290972,
13475,0.7557390409733771,
13476,0.8876927592925304,
13477,1.0332829632779363,
13478,0.9528248618683869,
13479,1.0381039747840841,
13480,1.328458946448474,
13481,0.7220713286630981,
13482,0.9306960321557415,
13483,0.7930481759746607,
13484,0.8963838521057592,
13485,0.9763432599515844,
13486,0.9138015180684227,
13487,0.8131537322269015,
13488,0.8640047208805842,
13489,0.7965734649991529,
13490,0.682015658930648,
13491,0.9635835964565953,
13492,0.7640524614482797,
13493,0.9069361803664956,
13494,0.9916329880615253,
13495,0.8567178199948453,
13496,0.912731871647519,
13497,0.9517555634296835,
13498,1.2193685594359651,
13499,0.8897919775510561,
13500,0.7038706645638361,
13501,0.9269226965183028,
13502,0.8168562127086779,
13503,1.0196333667245647,
13504,0.8133617160883324,
13505,0.9549254292671031,
13506,0.9770082904646133,
13507,0.8224106476678392,
13508,1.11567117325559,
13509,1.068426503605561,
13510,0.97458250100213,
13511,0.8599875821577254,
13512,0.9054387553390898,
13513,0.8358170984907332,
13514,0.7256987548416188,
13515,0.7715270029763349,
13516,0.8480217929000411,
13517,0.9329812272801191,
13518,0.9190078862375137,
13519,0.9039563078335059,
13520,0.8752330813203768,
13521,0.9334354095403121,
13522,1.0124921563825224,
13523,0.9576369579444911,
13524,0.8902739401516312,
13525,0.8882413312065198,
13526,0.91690330693109,
13527,0.7672781071087895,
13528,0.8642508533924059,
13529,0.8026638949056446,
13530,0.6174791244187262,
13531,0.797509407634943,
13532,0.9240478253289065,
13533,0.8058262222598312,
13534,0.8983014021558229,
13535,0.5627648346227341,
13536,0.52712554708179,
13537,0.7455585135765648,
13538,1.0708042957372403,
13539,0.8481376470143824,
13540,0.6114341932976736,
13541,0.9777865194746265,
13542,0.9012451456955669,
13543,0.9683358877220342,
13544,0.955472486256462,
13545,1.2651138300101947,
13546,0.9343201695059554,
13547,0.6469524700676202,
13548,1.1682319011932218,
13549,0.9758556316683396,
13550,0.9501428885786232,
13551,0.8079486807209025,
13552,0.925188164620042,
13553,0.9312775887237185,
13554,0.9535192388089672,
13555,0.9019683946869766,
13556,0.8150116485891475,
13557,0.8338838951634664,
13558,0.7729157100763777,
13559,0.9728010574211642,
13560,0.5479259415376284,
13561,0.7865199777093854,
13562,0.9197561821385809,
13563,1.0077429057756573,
13564,0.9309047575437132,
13565,1.1180522320951969,
13566,0.764101608468123,
13567,0.8348004492154474,
13568,0.8233383616005056,
13569,0.8560221620795898,
13570,0.9308496781639202,
13571,0.9276387963157422,
13572,0.8307367454253458,
13573,0.9903605013859617,
13574,0.8529514533858495,
13575,0.7008547996534966,
13576,1.0696912830391279,
13577,0.8095511846618243,
13578,0.7522406173115087,
13579,0.6504493299418518,
13580,0.8208545909406321,
13581,0.9700529758139709,
13582,0.8143792704351988,
13583,0.9605463078061568,
13584,0.8105810121141688,
13585,0.885300347889159,
13586,0.5588007838225593,
13587,0.9695598151107863,
13588,0.5248401044340228,
13589,0.7639078617240934,
13590,0.9357342459781808,
13591,0.9334950877182862,
13592,0.6820505722877552,
13593,0.9970298718911865,
13594,0.5623197059434364,
13595,0.8971999464671705,
13596,0.7157142285109949,
13597,0.8553490141092606,
13598,1.094382155910499,
13599,0.9588472767725742,
13600,0.8906166457447148,
13601,0.8851869444965924,
13602,0.655414022606149,
13603,0.8674366660167234,
13604,0.7932208191008926,
13605,0.7348864941121689,
13606,0.834120671249637,
13607,0.9207458290845577,
13608,0.7827308260980852,
13609,0.9137522439153891,
13610,0.803994093973583,
13611,0.8051144450030929,
13612,0.7606904272485067,
13613,0.7747179081024518,
13614,0.7940136099036625,
13615,0.9084205144611119,
13616,0.6080259231643542,
13617,0.9911498507039521,
13618,0.802964258945931,
13619,0.8250722211780422,
13620,0.9150353730621414,
13621,0.8148176500214795,
13622,0.9649916616920609,
13623,0.6149331701098681,
13624,0.9946692452561212,
13625,0.7234594636203222,
13626,1.176801653585591,
13627,0.6194896576686116,
13628,1.0595105838945185,
13629,0.801364151402232,
13630,0.8572521035096762,
13631,0.8017814352269513,
13632,0.9603389752179355,
13633,0.8976092091719775,
13634,0.8594669195788849,
13635,0.8173832466406621,
13636,0.7280730114027821,
13637,0.9830906280831089,
13638,1.0762705759571705,
13639,0.9461474798724345,
13640,0.6799340889009281,
13641,1.0830393492387391,
13642,0.9938821007023214,
13643,0.6414508344846475,
13644,1.0886864655147896,
13645,0.7291455385442215,
13646,0.7267311555765393,
13647,0.8764712543048925,
13648,0.9423341588216437,
13649,1.0431054908089914,
13650,0.9173807651803284,
13651,0.8624840050819641,
13652,0.8748952769451827,
13653,0.9317035807463321,
13654,0.9306097856116082,
13655,0.6683605761849176,
13656,0.5527027815541729,
13657,0.8376300927208538,
13658,0.9129188192740036,
13659,0.7538997182529434,
13660,0.7856446373483261,
13661,1.031154600340613,
13662,0.6425580780566236,
13663,0.7114304509559878,
13664,0.664098201435458,
13665,0.9245118043468094,
13666,0.8579907992020204,
13667,0.8531277193548401,
13668,0.7333475894525152,
13669,0.7540994142847212,
13670,0.8765740878437739,
13671,0.9165093103533191,
13672,0.9214779843006815,
13673,0.7928997783921741,
13674,0.8496950938097668,
13675,0.9767792504004271,
13676,0.7527517459413302,
13677,0.728135446849938,
13678,0.8857559915746128,
13679,0.8902074464627205,
13680,1.0567480005704488,
13681,0.9973386885397278,
13682,1.020357133971366,
13683,0.6831794178940059,
13684,0.6091395286353105,
13685,0.8234637703861932,
13686,0.6979604567753263,
13687,0.743978064016173,
13688,0.8426004074796992,
13689,0.9655348140612638,
13690,0.6576861386553283,
13691,0.9664091492501188,
13692,0.8741616651378848,
13693,1.0622335760918968,
13694,0.5559267977685085,
13695,0.8136292720006842,
13696,0.602498238471228,
13697,0.5947081201831902,
13698,0.832870943147995,
13699,0.7288345387012437,
13700,1.0465771045015826,
13701,0.8029890807430641,
13702,0.7214472335519979,
13703,0.9391475835962665,
13704,0.7500571758214507,
13705,0.7811618117031078,
13706,0.9503298254397408,
13707,0.7436900957847672,
13708,1.0080392123597457,
13709,0.779854643597271,
13710,0.7686735467382202,
13711,0.9759051897338582,
13712,0.7929620221777828,
13713,0.7438981461960755,
13714,0.8621189461300346,
13715,0.7970518978274872,
13716,0.6638241410169126,
13717,0.9515258674195661,
13718,0.9411516237166053,
13719,0.9854912046308301,
13720,1.1753051419040408,
13721,0.8884112194917061,
13722,0.7902803199553579,
13723,0.8323524323090276,
13724,0.7016406532128685,
13725,0.8758402529492655,
13726,0.6998690608929787,
13727,0.7035502407508614,
13728,0.7192516986347396,
13729,0.8173067766692044,
13730,0.7920482593663036,
13731,0.8083185410971111,
13732,0.8159682790682992,
13733,0.878265170611887,
13734,1.0036058107187706,
13735,0.9053624510809913,
13736,1.1140854202887933,
13737,0.8333234418666541,
13738,0.8244558549962208,
13739,0.85477461980454,
13740,1.0677466766066233,
13741,0.6424891667932311,
13742,0.7857059197820591,
13743,0.9688594866778076,
13744,0.6124486148001643,
13745,0.9806956703945967,
13746,0.8671627546548466,
13747,0.8463613253622269,
13748,0.8164712090550548,
13749,0.7864996792658794,
13750,0.7612770583261877,
13751,0.9622797787292104,
13752,0.7819603915013922,
13753,1.0403266732282614,
13754,0.7740745742544741,
13755,1.0870165401990224,
13756,1.0477350598947033,
13757,0.9681511070407383,
13758,0.7765814358712791,
13759,0.8915241128807663,
13760,0.9980110131846651,
13761,1.0054068928763817,
13762,0.8049327089878325,
13763,0.8424004595734472,
13764,0.8514297573877079,
13765,1.0484610098227545,
13766,0.8145161035797571,
13767,1.0228531199808975,
13768,1.0713874420776388,
13769,1.0201039895325084,
13770,0.941649842697899,
13771,0.81480115183399,
13772,0.7013550077628645,
13773,0.5556029600380803,
13774,0.5849385114681807,
13775,1.0510392681280019,
13776,0.8358614669624885,
13777,0.877297774655622,
13778,0.7045785123128694,
13779,0.7522202338959798,
13780,0.8387328436496224,
13781,1.0611652331939092,
13782,0.810409436340633,
13783,0.7492602876992526,
13784,0.9534303152572898,
13785,1.0601739812825997,
13786,0.7945505718397016,
13787,0.7121819749599521,
13788,1.006399914635985,
13789,0.9415242789267575,
13790,1.0795821933858079,
13791,1.0174664906120698,
13792,0.8852021867929962,
13793,0.7944554715814154,
13794,0.821590186160619,
13795,0.7798828587605474,
13796,0.6905608051659426,
13797,0.8778381153023345,
13798,0.7859438361670373,
13799,0.930500197077308,
13800,0.7496499654097597,
13801,0.8897164833070846,
13802,0.9327055028003777,
13803,0.7485732542918723,
13804,0.9518465943428944,
13805,0.7306612515317281,
13806,0.8544490899899292,
13807,0.8328056506046653,
13808,0.7836510326364888,
13809,0.9112127989806099,
13810,0.8883985826282729,
13811,1.0276981254135276,
13812,0.8579194399119203,
13813,0.9946480261225497,
13814,0.8266696459160384,
13815,0.7760780567763188,
13816,0.9311356345302727,
13817,0.9008485130722913,
13818,1.0388274831766788,
13819,0.8705300669320375,
13820,1.1124727697608898,
13821,0.7130629290424888,
13822,0.5943579983153036,
13823,0.8652075375241317,
13824,0.9159688336965771,
13825,0.8652123564360684,
13826,1.0467497774503305,
13827,0.7699424887163979,
13828,1.0437570734406882,
13829,0.8279936598165009,
13830,0.7340492971583497,
13831,1.0041814508683833,
13832,1.0985911822141485,
13833,0.9862529907835256,
13834,0.9310873962863715,
13835,1.0278448424607252,
13836,1.0183487189915192,
13837,0.9139193195779935,
13838,0.8612716803594304,
13839,0.9005029932056315,
13840,1.0596847285010125,
13841,0.9260039709569996,
13842,0.7426958318126348,
13843,0.7257033451176242,
13844,0.9339034858921776,
13845,0.945870313201663,
13846,0.7910600822929587,
13847,0.8258177995380748,
13848,1.0533047161010822,
13849,0.818944265603498,
13850,1.0410966975864009,
13851,0.7193057681235739,
13852,0.7444082245463489,
13853,0.6701166308693849,
13854,0.7202299183312866,
13855,0.808908281070188,
13856,0.7874889772891984,
13857,0.8360621136017979,
13858,1.0135274921771038,
13859,0.7536441447264273,
13860,0.7532297392333039,
13861,1.006879963172014,
13862,0.6684989611744304,
13863,1.1131056278643718,
13864,0.6957071615241011,
13865,0.9217984778107087,
13866,0.7298605322012663,
13867,0.7671445908897554,
13868,0.9230298321148648,
13869,0.8748073784445078,
13870,0.793317665962522,
13871,0.8218731228908838,
13872,0.9269890018582116,0.8457755051045203
13873,0.9566092134225502,
13874,0.803581091090466,
13875,0.946903612704825,
13876,0.5619876177755796,
13877,0.909041388386627,
13878,1.1440449456239552,
13879,0.8457426342658969,
13880,0.7146752921839542,
13881,0.8104584997302899,
13882,0.8218942400773657,
13883,0.9079054317572116,
13884,0.8904232637890641,
13885,1.1243767325522163,
13886,0.9380728536841878,
13887,0.6941244179716234,
13888,0.7072299329021187,
13889,0.6356426947492299,
13890,0.7509754824069662,
13891,0.9518218405757858,
13892,0.682989339338712,
13893,0.8955994843255316,
13894,0.9399355442305652,
13895,0.7668456909589225,
13896,0.8106665277439059,
13897,0.7264223637881635,
13898,1.066285430581936,
13899,1.0837688590962677,
13900,0.958677877446008,
13901,0.818177776208617,
13902,1.0603261606661591,
13903,0.5921861113631428,
13904,0.8088283581025136,
13905,0.8438458072320373,
13906,0.8448150779050304,
13907,0.9923978232398877,
13908,0.8874251231194075,
13909,0.866902338112747,
13910,0.5590864609072816,
13911,1.0299634642583626,
13912,0.872421574111398,
13913,0.836957341519282,
13914,0.5864324074061087,
13915,1.050191146047312,
13916,1.0461152851875646,
13917,0.8533071499908944,
13918,0.9821703312917693,
13919,0.9138730252876462,
13920,0.7659990345436078,
13921,0.899932667058444,
13922,0.7392539779791041,
13923,0.6375088786245194,
13924,1.0737128795174904,
13925,0.7935376079825621,
13926,0.9394300779975513,
13927,0.803184690883045,
13928,0.872931757974626,
13929,0.8129228002124872,
13930,0.9632591220205727,
13931,1.0872259554255375,
13932,0.7588362014284211,
13933,0.9445595716504862,
13934,0.9440642914825892,
13935,0.8770760740081016,
13936,0.9580644508136665,
13937,0.9619463716344128,
13938,0.8512996640954781,
13939,0.8473276411661134,
13940,0.737767918889287,
13941,0.8149508177510033,
13942,0.7963694145169046,
13943,0.8088735170305565,
13944,0.7241985428598638,
13945,0.5414947432886318,
13946,0.7783071836322978,
13947,0.8241876082840055,
13948,0.8503182571202909,
13949,0.7536621323783536,
13950,0.9203276696011237,
13951,0.7546285536771487,
13952,0.9718363998332752,
13953,0.46247665432323,
13954,0.861318869603218,
13955,0.8655590326717048,
13956,0.7164673145727292,
13957,0.8443067775215354,
13958,0.8266554295522788,
13959,0.9083056156595883,
13960,0.6311967587324687,
13961,0.9560984901054214,
13962,0.8736845092240537,
13963,0.8153678612988526,
13964,0.7932785075583418,
13965,0.999744707213056,
13966,1.0460058808618322,
13967,0.9660745059799137,
13968,0.8907809272895627,
13969,1.1012000410143081,
13970,0.6969720316715439,
13971,1.0773331151416006,
13972,0.9188339798682768,
13973,0.9089729343706155,
13974,0.9377521367561815,
13975,0.8728192620514504,
13976,0.8025638871318759,
13977,0.8212071560403943,
13978,1.0095414989937745,
13979,0.8833268030094128,
13980,0.9177467006177932,
13981,0.7392892746235835,
13982,0.74766595960895,
13983,0.7227436847515651,
13984,0.8534309028054267,
13985,0.9342411702296668,
13986,0.8618616090198941,
13987,0.6390713480943795,
13988,0.9393354727063503,
13989,0.9096647516044443,
13990,0.9393302117296567,
13991,0.7300338948971966,
13992,0.6569216655204729,
13993,0.9015840858585504,
13994,0.8645516397084225,
13995,0.6753945844077229,
13996,0.8260200843324855,
13997,0.8757815832825409,
13998,0.9311717957844411,
13999,0.8764677373784122,
14000,0.823051101502625,
14001,0.7065407280653779,
14002,1.0033797114438294,
14003,0.8071154416318512,
14004,0.7344521692942633,
14005,0.8281008181207119,
14006,0.9121946252692367,
14007,0.5274170419535521,
14008,0.8994120919704626,
14009,0.9258073294619696,
14010,0.9589300618008166,
14011,0.9171565581911473,
14012,0.7524617684313251,
14013,0.7344340449890492,
14014,1.0583761601744945,
14015,0.8492767185014167,
14016,0.9388846098629574,
14017,0.9145046327047653,
14018,1.1497026823152932,
14019,1.047455465554026,
14020,0.8648192314189268,
14021,0.8144787196650846,
14022,0.7888520190572071,
14023,0.783751325123823,
14024,0.8046286251822551,
14025,0.8455693965497135,
14026,1.0895279075302078,
14027,0.9820820542787217,
14028,0.701596964689107,
14029,0.7071018237057567,
14030,0.8495342840192264,
14031,0.9030171375560276,
14032,0.945179185325912,
14033,0.7674439474352691,
14034,0.9058770871807614,
14035,0.8260711860380855,
14036,0.4117987600815119,
14037,1.0867261566793431,
14038,0.7174712562399927,
14039,0.9573532583039926,
14040,1.0004388903132342,
14041,0.7385083855981327,
14042,0.8683581221740436,
14043,0.8961613104141533,
14044,0.8241180831389888,
14045,0.8032735426245431,
14046,0.9780594132652672,
14047,0.9766646036946215,
14048,0.6303372370214068,
14049,0.5799967679271101,
14050,1.0952340369902658,
14051,0.8799187144092342,
14052,0.8836229186413516,
14053,0.8917919219335516,
14054,0.8470171273895482,
14055,0.7387517361449972,
14056,0.9589824708447859,
14057,0.9353846709747874,
14058,0.7841979859514335,
14059,0.8845518152707423,
14060,0.9144324618462528,
14061,1.1269375933144012,
14062,0.8786032051069836,
14063,0.8394018629664551,
14064,0.6012947879193524,
14065,0.8286552751212978,
14066,0.8961461225584283,
14067,0.766203297175578,
14068,0.8026047911845301,
14069,0.8954764203581396,
14070,0.7346063264567545,
14071,0.7253469216721578,
14072,0.5852729094277377,
14073,0.9215981101754634,
14074,0.9594076655405015,
14075,0.9923315288010504,
14076,0.986003754783273,
14077,1.005620017959234,
14078,0.7420955992219362,
14079,0.8875433681631776,
14080,0.8862415665027527,
14081,0.7214173033136388,
14082,1.0006027155410098,
14083,0.8698767238676923,
14084,0.6022716706058747,
14085,0.8298267078283088,
14086,0.9023873361480655,
14087,0.7665476032776088,
14088,0.8322425269658736,
14089,0.8199649204023808,
14090,0.7846780627086807,
14091,0.730379156504843,
14092,0.9439161844078967,
14093,0.8574899442768568,
14094,0.7251796754099877,
14095,0.8263625926212091,
14096,0.7356649355831414,
14097,0.9502549346054313,
14098,0.6802571205874504,
14099,1.030187662683198,
14100,0.8509816155617229,
14101,0.9189752530806933,
14102,0.725098178460457,
14103,0.8262421767135975,
14104,0.8821513028930565,
14105,0.8212948796603331,
14106,0.6663493279240121,
14107,0.7070572164953303,
14108,0.9082121688334182,
14109,0.9460152312724581,
14110,0.9689478005579454,
14111,0.6632274625551203,
14112,0.7125810590011077,
14113,0.5486389157169212,
14114,0.811580165583114,
14115,0.854124919417166,
14116,0.8320839484241055,
14117,0.71478259076354,
14118,0.7956566858434767,
14119,0.8284562296333883,
14120,0.9041608231368795,
14121,0.9169038130911679,
14122,0.8507512644802551,
14123,0.8361291012122287,
14124,0.9186724812053804,
14125,0.7902408374952256,
14126,0.6955033861271555,
14127,0.8733319674728784,
14128,0.9601895522163233,
14129,0.8904863163688911,
14130,0.9981439423131776,
14131,1.0677511355684766,
14132,0.7720676821531289,
14133,0.8997319230838139,
14134,1.0085638762025764,
14135,0.8334341781394954,
14136,0.6852229172552341,
14137,0.8778646581049901,
14138,0.9012061803558129,
14139,0.9620022924985642,
14140,0.8673699327750183,
14141,0.7799248980579144,
14142,0.9001329504362163,
14143,1.1702649300262224,
14144,0.8891457290788087,
14145,0.7141575243905874,
14146,0.7457428913359215,
14147,0.8513225790494489,
14148,0.9598457332376679,
14149,0.8185843427991645,
14150,0.8722841483821345,
14151,1.0096702627823688,
14152,0.8764055892993435,
14153,0.9168021911078154,
14154,0.6661116325867162,
14155,0.9041565280349987,
14156,0.6397614179601608,
14157,1.0057915504890993,
14158,0.7709799597724225,
14159,0.7351676950869732,
14160,1.1403103869167976,
14161,0.9083451862120534,
14162,0.7959011824719882,
14163,1.02174124915007,
14164,1.2138337335199523,
14165,0.9602751293716942,
14166,0.825075986460902,
14167,0.8474685044360074,
14168,0.7520577289840272,
14169,0.8195504363222048,
14170,0.5596616397675369,
14171,0.8887227517829357,
14172,0.7485320286063886,
14173,0.640074844354774,
14174,1.0546307783546935,
14175,0.6901791651696088,
14176,0.9786761522831778,
14177,0.9048278910558032,
14178,0.8880328673612959,
14179,0.8395047585791875,
14180,0.786325786072398,
14181,0.7344663754460093,
14182,0.9164987834040133,
14183,0.9565447179762202,
14184,0.9639888268669577,
14185,0.8402957077602278,
14186,0.8074338473234716,
14187,0.876622461480956,
14188,0.7092927254766278,
14189,0.6235179283550433,
14190,0.8193852096681354,
14191,0.660314334234299,
14192,0.7896685376041884,
14193,0.5992027318763009,
14194,0.9560959982217193,
14195,1.0377154599264335,
14196,0.9008641852081435,
14197,0.8077363902201777,
14198,0.9191133436688101,
14199,0.7322318937719007,
14200,0.9095205659214743,
14201,0.9390876654127387,
14202,0.8694580409186299,
14203,0.7552388510471001,
14204,0.7804082073449167,
14205,0.7471621604650257,
14206,0.8248523397970868,
14207,0.8809572362582451,
14208,0.8927057691176831,
14209,0.9054464475188935,
14210,0.6913044342441158,
14211,1.0270137407435747,
14212,0.8285741376794786,
14213,0.9856275959053086,
14214,1.0924642548491044,
14215,0.721584622192766,
14216,0.7748556469866702,
14217,1.105096355798671,
14218,0.7230092136757296,
14219,1.1163414353519998,
14220,1.0924396151255373,
14221,0.7755899203384103,
14222,1.388468213097561,
14223,0.8882874279957395,
14224,0.9892533069315175,
14225,0.7655684219361096,
14226,0.861440592389672,
14227,0.935560852053189,
14228,0.8938752354654211,
14229,1.006735148702477,
14230,0.716629679160996,
14231,1.0005412558498474,
14232,0.6590070588047519,
14233,0.7354840064759365,
14234,0.6039214022187207,
14235,1.0097150865681812,
14236,0.6430630318968787,
14237,1.0553982679439906,
14238,0.9371903436021191,
14239,0.7887575410841473,
14240,1.0629985205175194,
14241,0.6691060888979788,
14242,0.6938522337958428,
14243,0.8707168857354158,
14244,1.0126067468933897,
14245,0.8854939892177197,
14246,0.9297193411241106,
14247,0.7643306717986786,
14248,0.792069910806637,
14249,0.7643101785921239,
14250,0.6553328841299626,
14251,0.7731715398983388,
14252,1.0680083633666928,
14253,0.8672246731510619,
14254,0.8705629809548813,
14255,1.0484947847130817,
14256,0.7017899760606663,
14257,0.9104171464824001,
14258,0.9018302047131449,
14259,0.7581857740462833,
14260,0.8331582869731324,
14261,0.6475914776962188,
14262,0.8731956890207482,
14263,0.8476386554971161,
14264,1.0809621570511458,
14265,0.8239654785684716,
14266,0.7770554273649699,
14267,0.6897600485641292,
14268,1.0492530414271608,
14269,0.7293825767950013,
14270,0.8439359866592296,
14271,0.9288361591272186,
14272,0.8512352451152699,
14273,1.0122485243559285,
14274,0.8746163784966411,
14275,0.9042972398074574,
14276,0.8202829522800174,
14277,0.9738758758369677,
14278,0.5681211354694264,
14279,0.722671023083749,
14280,0.7261683373682084,
14281,0.698175656249432,
14282,0.8912742835889171,
14283,1.0387869943065768,
14284,0.7954235815309498,
14285,0.8335299811046112,
14286,0.9288200238600371,
14287,0.832367358583421,
14288,0.6977304232789536,
14289,0.7408528009676871,
14290,1.0954604793936522,
14291,0.776086398356062,
14292,0.949366979286331,
14293,0.6699933809951876,
14294,0.8155532022251718,
14295,1.1025981858855243,
14296,0.990897342120011,
14297,0.7654964946434234,
14298,0.9236499840285723,
14299,1.012980640872462,
14300,0.7726506713236552,
14301,0.8278034551113514,
14302,0.8678445046985444,
14303,0.8754236564333762,
14304,1.0214318533103997,
14305,0.9284621136065644,
14306,0.8923312141008184,
14307,0.7772895742083483,
14308,0.8906403657524964,
14309,0.8251202421929358,
14310,0.9346404414926436,
14311,0.7373310001625177,
14312,1.0159851083693674,
14313,1.0544641900514475,
14314,1.1643566331189905,
14315,0.6592897955636072,
14316,0.8706641851490874,
14317,0.8849933573165345,
14318,0.8529174768744933,
14319,0.8005522629862769,
14320,0.8302690573492705,
14321,0.48758383992848403,
14322,0.8596635815089496,
14323,0.9303805861333958,
14324,0.9017464224932115,
14325,0.8160841919836502,
14326,0.5084606469038556,
14327,0.6377134273699789,
14328,0.8173800509719349,
14329,0.9821213061889617,
14330,0.8997795765575558,
14331,0.8922501086928685,
14332,0.8617867574360368,
14333,0.8403233373750775,
14334,0.8929074944302856,
14335,0.8239537511872105,
14336,0.6911581640625106,
14337,0.9016231313196712,
14338,0.8444760619612468,
14339,0.8073905052139476,
14340,0.9199273611465839,
14341,0.9456973867236667,
14342,1.0593154375268705,
14343,0.6801507850246027,
14344,0.7278997638976896,
14345,0.9450198664517513,
14346,0.8682126643079539,
14347,0.8983550930311577,
14348,0.9851314621697018,
14349,0.8473306294205226,
14350,0.9243127627970007,
14351,1.0694697030722728,
14352,0.9338940422004341,
14353,0.8721081188419915,
14354,0.98950834782286,
14355,0.8271683013055149,
14356,0.8130381602801144,
14357,0.856861222603241,
14358,1.118224956830863,
14359,0.9026716825838272,
14360,0.9952686077470512,
14361,0.8644572706355115,
14362,1.0855418419700575,
14363,1.021754352144966,
14364,1.0250787686930771,
14365,1.0574524491878647,
14366,0.9837530506793857,
14367,0.9062277775690966,
14368,0.8607581688934728,
14369,0.79838500425978,
14370,1.0426732972590218,
14371,0.8763216722393253,
14372,0.9017601782057965,
14373,0.6461625805715494,
14374,1.065435314669707,
14375,0.7973310840293868,
14376,0.8443130588947659,
14377,0.9460820644981572,
14378,0.8483100347909874,
14379,0.8124861147942388,
14380,0.9465172694364542,
14381,0.7655585685838453,
14382,0.7888742294974659,
14383,0.7564709780944884,
14384,0.8037514796898954,
14385,0.860491729281854,
14386,1.0197651582315026,
14387,0.9469763945798012,
14388,0.9111385636109871,
14389,1.0338326769528072,
14390,0.983682938319301,
14391,0.8937919328303047,
14392,0.7853301465332,
14393,0.7646381816973131,
14394,1.035496760239919,
14395,1.0253215945062506,
14396,0.8357405469853744,
14397,0.8900405123817737,
14398,0.7011223833127631,
14399,0.8659678703667824,
14400,0.9823881965855907,
14401,0.7672218076820938,
14402,0.8760547743588893,
14403,0.9850067505153477,
14404,0.9764047251429101,
14405,0.8615630795541145,
14406,0.8244990567720271,
14407,0.9207553411379299,
14408,0.7138895538627924,
14409,0.9621222814527967,
14410,0.7718178392358247,
14411,0.8719607254896571,
14412,0.979657249755898,
14413,0.7333448390761473,
14414,1.073182267499234,
14415,1.0012449591365815,
14416,0.8460485173439858,
14417,0.7353006654531908,
14418,0.7701706398649895,
14419,0.9471794637659569,
14420,0.7015701651597335,
14421,1.0739711024569605,
14422,0.8652147700358376,
14423,0.8620990272197393,
14424,0.8393644665768389,
14425,0.5857301710797397,
14426,0.8668331351007684,
14427,0.9863812948911608,
14428,0.8261612770232538,
14429,0.8241162368781582,
14430,0.9068869970827121,
14431,0.944880186005749,
14432,0.9249529401865784,
14433,0.9437522357117117,
14434,1.0254056255614217,
14435,0.7842947764250926,
14436,0.8163568656291317,
14437,0.6604137877411449,
14438,0.8308456221973808,
14439,0.9607055948598477,
14440,0.8043561445450432,
14441,0.7357535035694752,
14442,0.8391094471626169,
14443,0.609707364795032,
14444,0.8945544435716627,
14445,0.7285042918385644,
14446,0.764833698255321,
14447,0.7739220465994094,
14448,0.836116362675477,
14449,0.9326766538347875,
14450,0.8498073092472903,
14451,0.6787798111281004,
14452,1.0132542227022863,
14453,0.878538023066806,
14454,1.0835709884511937,
14455,0.9881692442403923,
14456,0.825321860494898,
14457,0.820734436711158,
14458,0.7946759793122868,
14459,0.8258604818461998,
14460,0.8767941295076521,
14461,1.031671254969129,
14462,1.0483064178319748,
14463,1.007903688220451,
14464,1.0262885349522017,
14465,0.852251130458725,
14466,0.8268581815894589,
14467,0.9861528499284546,
14468,0.8552258162897208,
14469,0.8386990497735847,
14470,0.8290539889208278,
14471,0.9837324849385192,
14472,0.9789814976806983,
14473,0.6885737961004215,
14474,0.9234774881577994,
14475,0.8725991492321147,
14476,0.939266094691785,
14477,0.9338375530892569,
14478,1.1081372969274756,
14479,1.1307938462673648,
14480,0.8650766875206309,
14481,0.8311254503219697,
14482,0.5361520267470377,
14483,0.8833714372284218,
14484,1.0337760794378097,
14485,0.9328221506776863,
14486,0.7369476167949073,
14487,0.7498867451954766,
14488,0.8720026695862755,
14489,0.7869970637111225,
14490,0.9021862291272289,
14491,0.728192226894685,
14492,0.8862886389057516,
14493,0.9524217885409392,
14494,0.7854783818424929,
14495,0.8313502039433217,
14496,0.6455056172804449,
14497,0.7353479031783107,
14498,0.8288877242951931,
14499,0.9969516185901253,
14500,0.7844882860608875,
14501,0.7850050145503137,
14502,0.9362239394744515,
14503,0.9881083083243343,
14504,0.8726587969620284,
14505,0.9572347114457602,
14506,0.746359048943152,
14507,0.575536675885743,
14508,0.7028439871955585,
14509,0.695361811266451,
14510,1.0228275856337126,
14511,0.9956061053159382,
14512,0.8067679597391421,
14513,0.959110796354145,
14514,0.9905338061127107,
14515,0.901859117117021,
14516,0.9057333364165162,
14517,0.8230013762984976,
14518,0.8634338312551759,
14519,0.9424256587445237,
14520,0.8589762893258861,
14521,0.942672765947339,
14522,0.8192322847114873,
14523,0.7129033550717727,
14524,0.8968897879283034,
14525,1.0152015761398618,
14526,0.7670204142261193,
14527,0.9035916851080923,
14528,0.8052548380390535,
14529,0.8976421217366753,
14530,0.8932727829896956,
14531,1.019584530863672,
14532,0.7341175056895629,
14533,0.9295913632896174,
14534,0.8333317043755717,
14535,0.6249072297430984,
14536,1.0119447353339717,
14537,0.9860787267460785,
14538,0.6309045628092335,
14539,1.0018429230632655,
14540,0.7802641048796916,
14541,0.8569208715868373,
14542,0.8578068278493377,
14543,0.8996045743207234,
14544,0.9751536005527419,
14545,0.7398361343917832,
14546,0.584998263211602,
14547,0.9115356489624042,
14548,0.7155937980764727,
14549,0.9264669308217984,
14550,0.8555957368293146,
14551,0.8355848430601668,
14552,0.8423420979552309,
14553,1.0051208871638062,
14554,0.684238286870799,
14555,0.7849480043215792,
14556,0.9311617647169489,
14557,0.8750634086034437,
14558,0.6976566966797061,
14559,0.8441231741982714,
14560,1.1476497549884905,
14561,1.0910233306763912,
14562,0.8787970220145622,
14563,0.6993862511061821,
14564,0.7611311820691361,
14565,1.114313578386695,
14566,1.04814151395883,
14567,0.8432647222279163,
14568,0.882371365669667,
14569,0.8931975983878756,
14570,1.0753162418512765,
14571,0.9892478108000845,
14572,1.015442627032611,
14573,0.8948206786480595,
14574,0.8832036068876669,
14575,1.0634544613109933,
14576,0.7751634809858033,
14577,1.0803580278882607,
14578,1.0878153118857194,
14579,0.8113190334268141,
14580,0.8936010597709118,
14581,0.9668175452425801,
14582,0.7109463862220843,
14583,1.174680778049748,
14584,0.9936919206160318,
14585,0.8779052530732838,
14586,0.6384426385087085,
14587,0.8994789889564124,
14588,0.690061599449489,
14589,0.7939398749003603,
14590,0.8236803391430295,
14591,0.9487044930351046,
14592,0.7005760109740186,
14593,0.9277174580837788,
14594,0.9347941318833364,
14595,0.90610550889216,
14596,1.0505220362636365,
14597,0.6214280114099116,
14598,0.9993890677120756,
14599,1.0080712270480396,
14600,1.0933153311281998,
14601,0.7942723389543391,
14602,0.8585998991900008,
14603,0.9687665042689446,
14604,0.7271937031100086,
14605,0.9232294904214907,
14606,0.9676287597092219,
14607,0.9385897698833027,
14608,0.9387449252055341,
14609,0.7474533430242638,
14610,0.9351531713468212,
14611,0.7090124959820264,
14612,0.7005412885990948,
14613,0.7032346468167998,
14614,0.7995778410701925,
14615,0.9216622437739943,
14616,0.8834389231324518,
14617,0.99335471641535,
14618,1.1128858429543456,
14619,1.0125416552416833,
14620,0.8245059839940135,
14621,0.8771279630722145,
14622,0.876022299645647,
14623,0.9896991175934422,
14624,0.9608087588558513,
14625,0.8321399148062183,
14626,0.891162432203425,
14627,0.9896074002327617,
14628,0.9375382250326577,
14629,0.9591891932008496,
14630,0.8570648755860178,
14631,0.9764206252303147,
14632,0.9649049922370349,
14633,0.9736372004399245,
14634,0.7223651514308361,
14635,0.8045127443452441,
14636,0.8474215384084569,
14637,1.1447630396359072,
14638,0.7568424328813087,
14639,1.014639011131002,
14640,0.9141322182568424,
14641,1.0997018237290472,
14642,0.9423966554202137,
14643,0.9046590274802324,
14644,1.0599641185741966,
14645,0.7256911111162602,
14646,0.9293112697887341,
14647,0.7060666241931831,
14648,1.1699257669435619,
14649,0.7604316151716902,
14650,0.9570056775393225,
14651,0.9738585099756804,
14652,1.0092190523811806,
14653,1.177260246826906,
14654,0.941300490661606,
14655,0.8802916328219583,
14656,0.8157266886259447,
14657,0.9223595163840884,
14658,0.666434076095496,
14659,0.8983706477948555,
14660,0.860238279798442,
14661,1.114069236821605,
14662,0.8694486830755482,
14663,0.8871723014602076,
14664,0.8954718113654776,
14665,0.7255617342533082,
14666,0.9425246279283744,
14667,1.0580477535977475,
14668,0.9628583369073104,
14669,1.0932678291606748,
14670,0.7869837358480786,
14671,0.8641173687165423,
14672,0.9716160756565084,
14673,1.0294302160884534,
14674,1.095545976932896,
14675,0.8812489398975826,
14676,0.7943737883896881,
14677,1.0019801085275784,
14678,0.556536006368927,
14679,0.8402620820916606,
14680,0.9475901496323261,
14681,0.7341770500749856,
14682,0.8342888908883048,
14683,0.9208249604792247,
14684,1.0268366433022045,
14685,0.7422433196764501,
14686,1.0672516599398707,
14687,0.866044765648877,
14688,0.8698146284664573,0.6903727083244687
14689,0.9174983905247757,
14690,0.7764553719584478,
14691,0.8077032464500937,
14692,0.7648502751909849,
14693,1.1005866935443864,
14694,0.8766671591048293,
14695,0.656918464383931,
14696,0.7876910011760064,
14697,0.7362124974912734,
14698,0.7532539174315134,
14699,0.7830108078972476,
14700,0.728050882138655,
14701,0.7564742564975879,
14702,0.8464118040534564,
14703,0.9031822665917533,
14704,0.844237881686153,
14705,0.6472031500411733,
14706,1.1416618440010557,
14707,1.1917001319101725,
14708,0.8216148083851594,
14709,0.9557095480957261,
14710,0.7077606874627946,
14711,0.964376300971543,
14712,0.871177920281778,
14713,0.8370664869320203,
14714,0.9302748469586377,
14715,0.9904205396121039,
14716,0.7999183379501154,
14717,0.8579021829694978,
14718,0.8413918173451088,
14719,1.1415867426825397,
14720,0.9552738654466136,
14721,0.75660164590253,
14722,0.9393806264512001,
14723,0.9467242162059547,
14724,0.942696539912235,
14725,1.011077025803089,
14726,1.0311438110716595,
14727,0.9507406867294294,
14728,0.9175403570084266,
14729,1.1376116576425779,
14730,0.7478922522490146,
14731,0.7067643236971085,
14732,1.0520688888114846,
14733,0.8132300593356778,
14734,0.9144796960278111,
14735,0.8077465786036983,
14736,0.6566633430266877,
14737,1.066382027860222,
14738,0.818828851645558,
14739,0.9166104298323157,
14740,1.0543764882472753,
14741,0.8876913937761676,
14742,0.6113726054833684,
14743,0.9037198899264579,
14744,0.9626622638992142,
14745,0.9521852244473259,
14746,0.941174302809002,
14747,0.6674723809469592,
14748,0.5344574859821942,
14749,0.8354343431413461,
14750,0.8403496967293886,
14751,0.7810886889767905,
14752,0.6366045479469971,
14753,1.10731765395484,
14754,0.9476026850073579,
14755,0.9674501180280644,
14756,0.8886363321054084,
14757,0.8018871393513124,
14758,0.9277541609241395,
14759,1.0063049281017256,
14760,0.7749761436226988,
14761,1.1717277325199824,
14762,1.0264475270798705,
14763,0.5697623308899562,
14764,0.9323184588777323,
14765,0.7322684746013928,
14766,1.0765242220164983,
14767,0.7510602500890527,
14768,0.8048163667232294,
14769,0.8729240506521535,
14770,0.9907585009229639,
14771,1.0023807626169627,
14772,1.0384917521127761,
14773,0.8596059904829949,
14774,0.7880051909267394,
14775,0.7320590185237646,
14776,0.8769690586260015,
14777,0.815319152975014,
14778,0.9238361568157111,
14779,1.0658783074692189,
14780,0.8850254581829727,
14781,0.9013895723694623,
14782,1.0482068141084673,
14783,0.7864224688122196,
14784,0.9279065444515523,
14785,0.8059374765430666,
14786,0.7529813029080747,
14787,0.9936113428190085,
14788,0.799101038122933,
14789,0.9067262707044852,
14790,0.7378332635646284,
14791,1.0673364118121607,
14792,0.7171193929534793,
14793,0.8135698266357619,
14794,0.8184529150227099,
14795,0.7456106685045379,
14796,1.0267937106340037,
14797,0.722514700466214,
14798,0.7937615652301354,
14799,0.8832524983167273,
14800,0.928806782601891,
14801,0.8413699440358214,
14802,0.8460209897153153,
14803,0.7633870162177788,
14804,0.6370570100549908,
14805,0.7455194603359075,
14806,1.0243836873320984,
14807,0.8120573606865573,
14808,0.9407739489077819,
14809,0.8887401326673112,
14810,1.0157502173459714,
14811,0.8006964782894679,
14812,0.9102168268473945,
14813,0.9896685674951259,
14814,0.7758326611482075,
14815,0.8162022965043629,
14816,0.6802013059340722,
14817,0.6769977904113873,
14818,0.8208530339089699,
14819,0.966025838579987,
14820,0.7785820796081955,
14821,0.91357944463108,
14822,0.8223082197954114,
14823,1.1300911625221202,
14824,0.9492024583379614,
14825,0.9444651230991151,
14826,1.061972536807113,
14827,0.8362165323608957,
14828,0.925584303573655,
14829,0.7567330760895126,
14830,0.8848950547346447,
14831,1.011479211956412,
14832,0.7099689667670059,
14833,0.8284890985968582,
14834,1.0126372172099765,
14835,0.962080214478769,
14836,0.9332340772547024,
14837,0.9839731248739133,
14838,1.1018539143813442,
14839,0.9569986243120168,
14840,0.8828056728387415,
14841,1.031019477693576,
14842,0.8515302798526155,
14843,1.2450466880706408,
14844,0.9135064766432209,
14845,0.8705065621652609,
14846,0.7109976289774125,
14847,0.7875885165950411,
14848,0.8650581104960072,
14849,0.6299683307836575,
14850,0.8491034681805883,
14851,0.7583479698757973,
14852,0.9579742319777542,
14853,0.818644676674814,
14854,0.8114449283849571,
14855,0.9721802772645831,
14856,0.8283217917782554,
14857,1.1063081287974241,
14858,1.0608735136135814,
14859,0.8613711746684546,
14860,0.7766734981412566,
14861,0.6771606959720814,
14862,0.7767555898379697,
14863,0.7651725401676818,
14864,0.9106198657496445,
14865,0.7585305542359879,
14866,0.7452023443826347,
14867,0.9359994109300146,
14868,1.0424313433995764,
14869,1.0508661821535243,
14870,0.9591559507253989,
14871,1.0297986935024803,
14872,0.9976041097665959,
14873,0.8480365902179847,
14874,0.8513032794754618,
14875,1.1191641465604172,
14876,0.8991864926308927,
14877,0.9711315447222141,
14878,0.9152417440841656,
14879,0.9239998953662382,
14880,0.791085099624777,
14881,0.7876270099806155,
14882,1.0755001955990688,
14883,0.973682088891767,
14884,0.9444642753066455,
14885,0.8667203361546455,
14886,0.9434077777855336,
14887,0.9078398840652628,
14888,0.7404634935888968,
14889,0.6546011771214576,
14890,1.0133989898088847,
14891,1.1485135481438,
14892,0.7475633900599443,
14893,0.8289760064508364,
14894,0.9723329133705131,
14895,0.8242661457265367,
14896,0.8949062290466903,
14897,0.8203636600096634,
14898,1.0089746104254222,
14899,1.1644797852535849,
14900,1.0617903830442026,
14901,0.8261789433739214,
14902,0.83979752621807,
14903,0.954774689217089,
14904,0.8908974307434694,
14905,0.9795178950215017,
14906,0.8835757661980365,
14907,0.9610865970650709,
14908,0.6828435313464211,
14909,0.8736330524762184,
14910,0.9646261570184197,
14911,1.1559546025836962,
14912,0.7804658766901296,
14913,1.026542208504394,
14914,1.1538912014725364,
14915,0.8330587615297511,
14916,0.8580725595144273,
14917,0.8937524279336929,
14918,0.9530778326264787,
14919,0.847722414849426,
14920,0.6221831985147152,
14921,0.9136114381351377,
14922,1.03041550217815,
14923,0.9400639066018073,
14924,0.8169824962848803,
14925,0.8351761838188988,
14926,0.796218838625819,
14927,0.9173389646436664,
14928,0.8743283215678076,
14929,0.9743703510108238,
14930,0.8042043950710688,
14931,0.9830533813175321,
14932,1.013128188619566,
14933,0.7124728847211234,
14934,1.1053304106421105,
14935,0.7728522430267311,
14936,0.8030079388377215,
14937,0.7680708130044984,
14938,0.5840784378765276,
14939,1.0674434490942066,
14940,0.8500138885400129,
14941,1.087164105641309,
14942,0.7291104149056469,
14943,0.880336687240474,
14944,0.9224148092598822,
14945,0.8931444692382006,
14946,1.008205484922421,
14947,0.7645709271456309,
14948,0.7838350242824456,
14949,1.1646561239223825,
14950,0.8896535529806804,
14951,1.1258185358413828,
14952,1.2429717800485582,
14953,0.9000273088572506,
14954,0.8072528307435519,
14955,0.6672995689656672,
14956,1.127518769224705,
14957,1.0314521142353734,
14958,0.8388614247634616,
14959,0.8336710907000056,
14960,0.5880167257345438,
14961,0.9201637094480641,
14962,0.7386839137230056,
14963,0.9524478028352799,
14964,0.8806178064209598,
14965,0.8078166009957908,
14966,1.2511084106436652,
14967,0.9176496357234528,
14968,0.9616994205694164,
14969,0.9305287436090692,
14970,0.9054920099809269,
14971,0.980938113590328,
14972,1.0586630301532276,
14973,0.8662019780453124,
14974,0.9837809286032309,
14975,0.6697691536600205,
14976,1.0927737412047753,
14977,0.9699775173217515,
14978,0.6208757768111826,
14979,0.7853053530392999,
14980,0.712688303231757,
14981,0.7986156744131379,
14982,0.9142398322313977,
14983,0.7055644807563204,
14984,1.2067582953504663,
14985,0.909986519044678,
14986,0.7349529450977518,
14987,0.9902572010959041,
14988,0.8269513457678911,
14989,0.9814090710462765,
14990,0.822272133473574,
14991,0.8434304345836796,
14992,0.8974322474715727,
14993,0.5777553128940597,
14994,0.7835073220689313,
14995,0.9715496755671149,
14996,1.0511000493434863,
14997,0.9467034684189429,
14998,0.6905137629492459,
14999,1.0633839468994977,
15000,0.9436830440082203,
15001,0.99241088367375,
15002,1.1874941808035422,
15003,0.935709360032549,
15004,1.0000927357193832,
15005,0.8016316116539374,
15006,0.8756735834870668,
15007,0.7678549979604368,
15008,1.0180793420090044,
15009,1.1089070642368188,
15010,0.8705251993967826,
15011,0.8419036537805565,
15012,0.8082884360350506,
15013,1.042112793060778,
15014,0.6827338206364876,
15015,1.0062530156621003,
15016,0.9276667694413487,
15017,1.0393168055655855,
15018,0.6937511019695787,
15019,0.6884976209820729,
15020,1.0180830608360685,
15021,0.7517005358072237,
15022,1.0384343409844383,
15023,1.0272475825312226,
15024,0.9139586003296567,
15025,0.929022783430782,
15026,0.9016258584966877,
15027,0.9451008215118786,
15028,1.0976313846654553,
15029,0.7472626220984919,
15030,0.8653723584674016,
15031,0.8195732860703886,
15032,1.1763668240295415,
15033,0.7753472541896961,
15034,0.9994606534632423,
15035,0.8791384051951183,
15036,0.8291492154094243,
15037,1.0332063408251522,
15038,1.0810349338661298,
15039,0.8586877136820908,
15040,1.1520454748824644,
15041,1.0738934578762593,
15042,0.8966938239574286,
15043,1.067756540879914,
15044,0.8154619337281318,
15045,0.7305563065499026,
15046,1.0363447177955323,
15047,0.6613084086421318,
15048,0.7983709741048712,
15049,1.029344116338586,
15050,0.7824909456543632,
15051,0.7358841710656345,
15052,0.609781170020046,
15053,0.8980088782729437,
15054,0.9755247803847966,
15055,1.0227645156082852,
15056,0.8603148292143621,
15057,0.8583058441132471,
15058,1.139434049551322,
15059,0.6549163192980922,
15060,1.1317047566235114,
15061,0.8223057903771962,
15062,1.1451179329308958,
15063,0.8388682805588714,
15064,0.8309888442425538,
15065,0.9184598345168944,
15066,0.9732530520858556,
15067,0.9803411766503005,
15068,0.47966096565495825,
15069,0.5343339233363081,
15070,0.9389615212610459,
15071,1.0314619555949922,
15072,1.0081817626748095,
15073,0.7015566112383755,
15074,0.8521135928695576,
15075,0.8381640153016674,
15076,0.7223276727111584,
15077,0.9009990165735822,
15078,1.0835099260762386,
15079,0.7250168467234107,
15080,0.9312633612387603,
15081,0.7606993547429503,
15082,0.7273312035875895,
15083,0.9055912016261818,
15084,0.7456085006504198,
15085,0.8424648977328717,
15086,0.8163493000246747,
15087,1.0511435505031013,
15088,0.934939092987281,
15089,0.9087962745017749,
15090,1.0453800536351827,
15091,0.862728831346562,
15092,0.7379923287259674,
15093,0.9434980221665612,
15094,0.9582034267972899,
15095,0.8081649293849228,
15096,0.8080334661547245,
15097,1.0687837677398915,
15098,0.6565959159329743,
15099,0.8234857800305544,
15100,0.8234791595254713,
15101,0.8585926978110028,
15102,1.0697069041848604,
15103,0.9578635237340996,
15104,1.033310407961591,
15105,0.787313440856225,
15106,0.8290076389365421,
15107,0.7543852008442562,
15108,0.9327781559285775,
15109,0.9657547936607945,
15110,0.6774981606723179,
15111,0.8249517641346921,
15112,0.7735809865570079,
15113,0.6724481402870777,
15114,0.8782620687008641,
15115,0.8605731250423743,
15116,1.0122005510242835,
15117,0.7227785839996035,
15118,0.9525431993353238,
15119,0.8062329081372719,
15120,1.0333733081199423,
15121,0.8527183872462165,
15122,0.9556975493322654,
15123,0.895500146538293,
15124,0.8920216656052842,
15125,0.7553928673427026,
15126,0.8624732226528612,
15127,0.8446639315561927,
15128,0.724150001760285,
15129,0.8694912824628779,
15130,0.7055069801804602,
15131,1.1016682625819774,
15132,0.7756616946144327,
15133,0.9330998532663449,
15134,0.9789240651877006,
15135,0.8626981688055771,
15136,0.8342671507277691,
15137,1.0357513509492244,
15138,0.9249132302329779,
15139,0.8762964360596008,
15140,0.8629870024342647,
15141,0.9775125024121472,
15142,0.7249338800993521,
15143,0.9258655484824597,
15144,0.8861620926776911,
15145,0.7891959863690858,
15146,0.860525194219428,
15147,0.580717216868629,
15148,0.8685838088962404,
15149,0.7315155676696413,
15150,0.7116672611022107,
15151,0.895369145036718,
15152,0.788582169188581,
15153,0.8767167428501118,
15154,0.8780773509619598,
15155,1.0042128690831411,
15156,1.0967785023107763,
15157,0.7118061172508665,
15158,0.9830438003896588,
15159,0.758703659713023,
15160,0.9799985383235676,
15161,1.08903408472413,
15162,1.025301869022277,
15163,1.053250814460418,
15164,0.7393317229410565,
15165,0.8694048739391158,
15166,0.7299183816556559,
15167,0.9532608904693358,
15168,0.888397624212879,
15169,0.8932680608643015,
15170,0.6935669242610634,
15171,0.8692685492068241,
15172,1.1010234666679495,
15173,0.8778235349613315,
15174,0.9328132425137151,
15175,0.9484961096829898,
15176,0.8844460943907423,
15177,0.6750499249338355,
15178,0.7833693279040262,
15179,0.7094112604937707,
15180,0.863098142252868,
15181,0.89161780097599,
15182,1.1627704468668294,
15183,1.098971619255595,
15184,0.6381264688245298,
15185,0.48597907872016044,
15186,0.8937298093644699,
15187,0.7359945522350889,
15188,1.1930909350383168,
15189,0.816981707683303,
15190,0.7095116609980248,
15191,0.6527699884063854,
15192,0.971649915186089,
15193,1.1162495358790694,
15194,1.0816012708162284,
15195,0.9698899252325108,
15196,0.8778993797416732,
15197,1.019701302687354,
15198,0.9646752483532883,
15199,1.1012359421481575,
15200,1.009378533075509,
15201,1.0384929771431128,
15202,0.9504342830829022,
15203,0.8320222436861169,
15204,0.8826044269188792,
15205,0.7682194566012047,
15206,0.7308788958022915,
15207,0.9902665485511127,
15208,0.9716171370451955,
15209,1.1594352479835033,
15210,0.7340473459297593,
15211,0.8448149120591624,
15212,1.1282032868870988,
15213,0.9599741801264483,
15214,0.6804579292367113,
15215,0.7711450153035978,
15216,1.116629218670928,
15217,1.1682693252319405,
15218,0.808750980962309,
15219,1.0231726550333449,
15220,0.8933650805927741,
15221,0.8627240339372925,
15222,0.8298498273571142,
15223,0.5732035109826956,
15224,1.1140297418035379,
15225,0.9526916427663854,
15226,0.7595971892778537,
15227,0.9236015572051551,
15228,0.6805627060501381,
15229,1.1455187606380632,
15230,0.980415551330638,
15231,0.9355550956219887,
15232,1.0454641880989295,
15233,1.0855917665217225,
15234,0.7115970046334938,
15235,0.91981727960413,
15236,0.5019937017030036,
15237,0.806237641689041,
15238,0.8803764156225882,
15239,0.7321355779972833,
15240,0.7574443688991502,
15241,0.8038214768998128,
15242,1.0293317013972851,
15243,1.0052035080887585,
15244,0.7292326421380352,
15245,0.9845796883230334,
15246,0.8611169219874694,
15247,1.0598305214988073,
15248,0.7042496790129666,
15249,0.9824852484861955,
15250,0.7727469039639185,
15251,0.8925581268844389,
15252,0.9112219732999716,
15253,0.9070012903113079,
15254,0.9685496451567956,
15255,0.6472193175761806,
15256,0.7170567695925701,
15257,0.9035914804800504,
15258,0.8986155795623638,
15259,0.8815796772374553,
15260,0.8909054034346154,
15261,0.7716384384607495,
15262,1.0449888097007582,
15263,0.7603709658637372,
15264,0.8053684928117552,
15265,0.9273369639596327,
15266,0.6266942943420206,
15267,0.7351137767357463,
15268,0.9130524315947152,
15269,1.0801418839142547,
15270,0.5174519488958524,
15271,0.9670253140276153,
15272,0.74078638252128,
15273,0.8947076479370859,
15274,0.7360713997024172,
15275,0.7597539561756939,
15276,0.9513414580056118,
15277,0.8581793006701478,
15278,0.744695285978913,
15279,0.8141127552056927,
15280,0.7647103362266536,
15281,0.47061384983783483,
15282,0.8910073502727064,
15283,0.8740570811808702,
15284,0.8611966508193694,
15285,0.836879667790342,
15286,0.892647316814201,
15287,0.7728810186031626,
15288,0.9079275663989821,
15289,0.7675727417330088,
15290,0.9992285592810133,
15291,0.9300304289421553,
15292,1.1054229470979613,
15293,1.1539855946265054,
15294,0.6647689461276951,
15295,0.8180864202667604,
15296,0.7774409626343717,
15297,0.9882735067120326,
15298,1.0171567483985757,
15299,0.771095513230756,
15300,0.8199696824230609,
15301,1.1297009056131333,
15302,0.6117277985961763,
15303,0.8514186195575207,
15304,0.86940416679343,
15305,0.999793146099556,
15306,0.8604973637941916,
15307,0.7018183980133158,
15308,0.9833635390257072,
15309,0.6420785269265303,
15310,1.0102132339249288,
15311,1.1178892916874075,
15312,0.9551995912005962,
15313,1.0610335747755335,
15314,0.6398221302477264,
15315,0.9702256621656705,
15316,0.9238496248049656,
15317,0.7925975886928709,
15318,0.6483267038442205,
15319,0.9981418765665867,
15320,0.9289349297805863,
15321,0.7413817106180466,
15322,0.7913398766767094,
15323,0.6527720965255461,
15324,0.9310051256870144,
15325,0.8523247737885811,
15326,1.0900661807404157,
15327,1.0916918882865438,
15328,0.9879686018857728,
15329,0.9611609618075685,
15330,0.667797506302786,
15331,1.0863121161297786,
15332,1.0617046378692792,
15333,0.9426460309395602,
15334,0.7580489853533176,
15335,0.9502296696736111,
15336,0.8121911964735887,
15337,1.2919240135395536,
15338,0.8595702191102742,
15339,0.7557231899067944,
15340,0.8085086755692771,
15341,0.9568866342420547,
15342,0.769665942447597,
15343,0.9694046016244838,
15344,0.8827767744978835,
15345,0.6866871145683863,
15346,0.820860768542595,
15347,0.8315222642525887,
15348,0.9511265911627318,
15349,0.9977320993303695,
15350,0.7891290188525023,
15351,0.8716642741123327,
15352,0.7601282944829449,
15353,0.8624191367889013,
15354,0.7693800580184454,
15355,0.8837592521746578,
15356,0.9490797710651148,
15357,0.695310508096601,
15358,0.9215601992761175,
15359,1.0612365916622901,
15360,0.9821278308840958,
15361,1.027922908138567,
15362,0.8753386846002436,
15363,0.9566117722218103,
15364,0.9971482784641182,
15365,0.8111362075844386,
15366,0.9756290900137473,
15367,0.8140430251570342,
15368,0.8460769757123203,
15369,0.7938129103962419,
15370,0.7062980817522095,
15371,1.0002253025383157,
15372,0.8067484842736036,
15373,1.0101678502927576,
15374,0.8297745554098007,
15375,1.0443947386257324,
15376,0.8784336636015015,
15377,0.8248407043703323,
15378,0.9677815468302253,
15379,0.8784731847195686,
15380,0.7593166070034226,
15381,0.9557537082935993,
15382,0.9047966766981633,
15383,1.1847209182556684,
15384,0.9494168562842679,
15385,0.907727704893678,
15386,0.9761202020430756,
15387,0.854220430772798,
15388,0.7215308554744135,
15389,0.8441819148560046,
15390,0.9128382828768288,
15391,1.0125039671180471,
15392,0.9834939872810928,
15393,1.0488494779251976,
15394,0.8878873106285893,
15395,0.8417204274518872,
15396,0.8681707422962265,
15397,0.8763668906628825,
15398,0.8639896255362485,
15399,1.0588337046175442,
15400,1.0147836189756643,
15401,0.9188953068550413,
15402,0.7706552849123333,
15403,0.8320566788165134,
15404,1.0857288781601255,
15405,1.0053008288994378,
15406,0.7450943958416745,
15407,1.131516457631383,
15408,0.754472821530143,
15409,1.1393024464970511,
15410,1.0434597950592694,
15411,0.6821883666111512,
15412,0.8654927585449307,
15413,0.8082259548127478,
15414,0.7957238360297488,
15415,1.0755519571844474,
15416,0.8043062842259754,
15417,0.9139547145197737,
15418,0.9028073484237129,
15419,1.105623760199328,
15420,0.7350909115132054,
15421,0.9218557516704168,
15422,1.0959490945221535,
15423,0.9493294485784126,
15424,0.9655915082649773,
15425,0.9356669662348783,
15426,0.7936035464610527,
15427,0.8483801837750321,
15428,0.8736426614025576,
15429,0.9284768548632688,
15430,0.7564402320182219,
15431,1.1178370398354263,
15432,1.062929415419433,
15433,0.7982559316948227,
15434,0.872199311619305,
15435,0.8160965936661967,
15436,1.1713850565422157,
15437,1.2087480101594297,
15438,1.076423192154119,
15439,0.9290395601762999,
15440,0.8020424158855844,
15441,1.1952973092244965,
15442,0.7849663597915417,
15443,1.072313031600554,
15444,0.6598509253033132,
15445,0.8341706073155275,
15446,1.0245894936349986,
15447,1.0221838243290122,
15448,0.8716979391320596,
15449,0.8880483735086601,
15450,0.9977606997744445,
15451,0.9293457538247177,
15452,1.0761837175735434,
15453,0.9478850351258684,
15454,0.9075690562648119,
15455,0.6591773463401098,
15456,0.8160145034528944,
15457,0.9006891739856089,
15458,1.0073411251390498,
15459,1.0189576565548482,
15460,0.7929227634797866,
15461,0.804267622326076,
15462,1.0095740771527357,
15463,0.6914629683700869,
15464,0.9643989534428891,
15465,0.7865169955685768,
15466,0.9314465192254572,
15467,0.8864817929726023,
15468,1.1959487083236633,
15469,0.8152773305210036,
15470,1.0584314611763364,
15471,0.7465713556136575,
15472,0.9101312105533572,
15473,1.0378216812861858,
15474,0.8060061750738441,
15475,0.7304144877012643,
15476,0.8715000822860968,
15477,0.8576721224889838,
15478,0.9618179124354735,
15479,0.9386683479838986,
15480,0.8069336721524278,
15481,0.9146348644715124,
15482,0.9620661378881079,
15483,1.0451343702238018,
15484,0.9218208161397242,
15485,0.6928799976975302,
15486,0.8929928008481134,
15487,0.9817797666587055,
15488,0.909419498263192,
15489,0.5835799335904417,
15490,0.963388611943327,
15491,0.9601363872998897,
15492,1.08454423083366,
15493,0.9265389669694571,
15494,0.6700537538112065,
15495,0.8584875783563582,
15496,0.8849582687757165,
15497,0.7272935023884325,
15498,0.8964905583848654,
15499,0.8391102629303497,
15500,0.8150260682051831,
15501,0.9943286363828095,
15502,0.9447837530905646,
15503,0.8971686415405982,
15504,0.6823166278224625,0.8215476055511217
15505,0.9285562335544085,
15506,0.8694002055554985,
15507,0.9650217063140938,
15508,0.7473567109948871,
15509,0.8192584990332049,
15510,1.0464635445087633,
15511,0.9346470717013897,
15512,0.9075328166996384,
15513,0.9483816405945106,
15514,0.8513491696747391,
15515,0.9866197439864631,
15516,0.7450185709361203,
15517,0.7937154447706576,
15518,1.0145235059801174,
15519,0.8440834147318135,
15520,0.7293201926946423,
15521,0.7820585348401647,
15522,0.9543257765122529,
15523,0.8230564744448129,
15524,1.0528378689649156,
15525,0.9738302965120668,
15526,0.8088896816438789,
15527,0.8981376260851099,
15528,0.8740374590082735,
15529,1.152123254498593,
15530,1.0155207385971199,
15531,0.7760488403029785,
15532,0.7879314983984075,
15533,0.9420695857511687,
15534,0.8584045153812683,
15535,0.8623985243358846,
15536,0.9221483930116905,
15537,0.8038011445702486,
15538,0.8119774225688187,
15539,0.8340505840480111,
15540,0.9532163815777983,
15541,1.1811728577236082,
15542,0.7657004124992677,
15543,1.1184045134380476,
15544,0.7992607494973121,
15545,0.8876067675660012,
15546,0.9774744177659432,
15547,0.7792360657672623,
15548,1.025670304587918,
15549,0.7084043010364962,
15550,0.7189643197273047,
15551,0.9645563314672752,
15552,0.7091996608195623,
15553,0.897977630306854,
15554,0.701837758839667,
15555,0.3806193529718217,
15556,0.8148369144344966,
15557,0.8055720143490922,
15558,0.9881668894415857,
15559,0.9100205310119726,
15560,0.6420339789834941,
15561,0.870272385891521,
15562,1.115937339387446,
15563,0.8878812479280164,
15564,0.8615372292168654,
15565,0.8096090153911268,
15566,0.7712980925701604,
15567,0.8857788800987587,
15568,0.9368741232488361,
15569,0.7586850538459805,
15570,0.9134592441717065,
15571,0.8239910037100215,
15572,1.1013850166022068,
15573,1.0300757192663104,
15574,0.8730528239420983,
15575,0.8565621845467254,
15576,0.7847498903871531,
15577,1.0587886543729308,
15578,0.7746056971730805,
15579,0.8625596655574775,
15580,0.952385768527333,
15581,0.9595944312072049,
15582,1.0589448597570774,
15583,0.9610011113247625,
15584,0.965597881202876,
15585,0.839462245236745,
15586,0.9880662861106843,
15587,1.01326773095703,
15588,0.766761666248353,
15589,0.8372728594123131,
15590,0.8829005806072449,
15591,0.7996076521762752,
15592,0.945770518175413,
15593,0.8598114960307878,
15594,1.0101121350909086,
15595,0.8015931354810006,
15596,0.8953051256082738,
15597,0.7625661752245984,
15598,0.8882328761556119,
15599,0.9168965689977359,
15600,0.6891111774214476,
15601,0.8115224945526948,
15602,0.9283396634371766,
15603,0.9311154330421789,
15604,0.8732285482885321,
15605,0.9834127749807872,
15606,0.765600167652728,
15607,0.8342838638657379,
15608,0.963171400979932,
15609,0.8534382699557306,
15610,0.8750245573783397,
15611,0.8772373536601004,
15612,0.9102584630533108,
15613,0.8294494176664295,
15614,0.989348709171347,
15615,0.962124596724871,
15616,0.8054591516505019,
15617,0.8626506226386882,
15618,1.0196590138500334,
15619,0.7665883183957315,
15620,0.9556634131955519,
15621,0.8118378603407499,
15622,0.9208231905664249,
15623,0.6354344266732802,
15624,0.8606436413831182,
15625,0.9091112595877457,
15626,0.8989951252132712,
15627,0.9934496569926471,
15628,0.8388068311493119,
15629,0.9713499372792207,
15630,0.613042540920927,
15631,0.8729620109200101,
15632,0.9720130831082346,
15633,0.9300892091516937,
15634,1.0583748676299605,
15635,0.9293508896312827,
15636,1.2859679592706132,
15637,0.9522189556815067,
15638,0.7749006061546363,
15639,1.0101764425551711,
15640,0.6610359806741344,
15641,1.059694269105635,
15642,0.8838794443091683,
15643,0.8973031445550782,
15644,0.9531472681704833,
15645,0.6904656312402299,
15646,0.8704564829910448,
15647,0.8002967190545309,
15648,0.9324163854708913,
15649,0.7048047536700048,
15650,1.0255604438662758,
15651,1.0187039892165626,
15652,0.9199212402573219,
15653,1.024432567104006,
15654,1.0621388097139473,
15655,1.130485005532343,
15656,0.9760480680808519,
15657,1.1626577697273157,
15658,0.86859233836406,
15659,1.0195310250363367,
15660,0.8714783859603776,
15661,0.8100325985847261,
15662,0.8793443472934611,
15663,0.9170706738443055,
15664,0.9757408176352053,
15665,0.9806458438904374,
15666,0.9041904328832218,
15667,0.7508880421001763,
15668,0.6240705116850112,
15669,0.7581989743529218,
15670,0.8791321597238099,
15671,1.0013722503399318,
15672,0.6774762972564874,
15673,0.9979393061260682,
15674,0.6673877352089908,
15675,1.024179869943531,
15676,1.119893752368927,
15677,0.8622455704751151,
15678,0.8910094663818047,
15679,0.803457236612953,
15680,0.8565493656630311,
15681,0.9886135243720736,
15682,1.011221080566837,
15683,0.8236493937407199,
15684,0.8924693554531639,
15685,0.9735720153482937,
15686,0.9733124458159436,
15687,0.9513077280208644,
15688,0.8367936577090807,
15689,0.9458609182590415,
15690,1.170694637916751,
15691,1.0836247068458815,
15692,0.8391788613828709,
15693,0.9049573167493731,
15694,0.8071707828325788,
15695,0.7959231376368007,
15696,0.8285233614210452,
15697,0.8956226930970697,
15698,0.8355674028819262,
15699,0.8574731434173034,
15700,0.9327037669429421,
15701,0.990623134778966,
15702,0.8186337103146175,
15703,0.9079759073342315,
15704,1.0627594602455532,
15705,0.7318893044333652,
15706,0.7562009823677375,
15707,0.799264780767363,
15708,0.8241124574050227,
15709,0.8361833200746395,
15710,0.7386135839889449,
15711,0.9879432561664011,
15712,0.8889794743451449,
15713,0.8610538549510781,
15714,1.0390191182974087,
15715,0.8427948742694449,
15716,0.7767147781889551,
15717,0.8537316388403765,
15718,0.7742708838599376,
15719,1.151042635007156,
15720,0.7343643155723145,
15721,0.8196475619823665,
15722,1.0340463801003246,
15723,0.8880384875973618,
15724,0.9556594276825873,
15725,0.9149962597487457,
15726,1.0787498998816063,
15727,1.105527583332631,
15728,0.7532985265240787,
15729,1.0706673600767094,
15730,1.1091861795191813,
15731,0.72246889965217,
15732,0.9562005927711266,
15733,0.7197902091860899,
15734,0.7527715439290373,
15735,0.6388993197241392,
15736,0.8205000039670916,
15737,0.9518229422819943,
15738,0.7872712555906719,
15739,0.6049159260455226,
15740,0.9998219043260114,
15741,0.8199965726015,
15742,0.9408920318354336,
15743,1.0378372760833576,
15744,0.8345428245871858,
15745,0.8324271911968112,
15746,0.930241334360537,
15747,0.7102691018515649,
15748,0.8124198266856558,
15749,0.7942889707910761,
15750,1.077706104522887,
15751,0.8938994210093135,
15752,0.8213591132470919,
15753,0.8131231138357757,
15754,0.9491034389684303,
15755,0.683702250222373,
15756,0.9758886179172941,
15757,0.7815223345777796,
15758,0.6002786057134492,
15759,0.8175719822281803,
15760,1.0335573532456233,
15761,0.9159015184911274,
15762,0.8730159466750699,
15763,0.8657458801932728,
15764,1.014858631381458,
15765,1.0063514518591037,
15766,0.9006204444507913,
15767,1.0277680185769578,
15768,0.7714822117580115,
15769,0.8029926488219994,
15770,0.9389173267016602,
15771,0.8755012322002251,
15772,0.9405589991882682,
15773,1.0189790354350798,
15774,0.8171690810203722,
15775,0.7987640431526372,
15776,0.7112930096628771,
15777,0.8208885782137276,
15778,1.0683613986739506,
15779,1.0871910233196904,
15780,1.0217579832119228,
15781,0.8055786822481122,
15782,0.8054672405425172,
15783,0.8619606338762096,
15784,0.9712305029594526,
15785,0.5679635851730841,
15786,0.7999289486949324,
15787,1.0727997019780648,
15788,0.849584362514044,
15789,0.8780747760620998,
15790,0.8626080868211841,
15791,0.9909653163709229,
15792,0.8911811023912356,
15793,0.6915079929499639,
15794,0.9993991750127016,
15795,0.7330771271278008,
15796,1.0867010959683907,
15797,1.0812346051486978,
15798,0.9585083730992128,
15799,0.8215643051585619,
15800,0.8230552269789512,
15801,1.0205636206506212,
15802,0.8356999271820764,
15803,0.9872722685073387,
15804,0.9760620015351501,
15805,0.5525061827744444,
15806,0.8587715541910793,
15807,0.9208569362962193,
15808,0.6551974700219653,
15809,1.0113288157219609,
15810,0.9308862447009656,
15811,0.686676822695773,
15812,0.8637094901855473,
15813,0.9359207268802557,
15814,0.7722517801608966,
15815,0.9147182173920744,
15816,0.8019538042710888,
15817,0.942545272382006,
15818,0.8454538047295694,
15819,0.9273466329442154,
15820,0.9873561863046145,
15821,0.7904063845409034,
15822,0.9432680123704924,
15823,1.0233618234158581,
15824,0.9526078046098182,
15825,0.6586052139230427,
15826,0.9856080939615851,
15827,1.0598080739437594,
15828,0.8551281170596058,
15829,0.9559749876556933,
15830,0.9829425539604737,
15831,1.0583645808325042,
15832,0.8028439865247476,
15833,1.0564555764956967,
15834,0.7837752336867083,
15835,0.9380715908170123,
15836,0.7798141523876487,
15837,1.014298422291899,
15838,1.0365310018505267,
15839,1.0245864674751348,
15840,0.8869673444688102,
15841,0.8359772244262635,
15842,0.8661231489325216,
15843,0.880595046250489,
15844,0.8501868548166813,
15845,0.9059960053858843,
15846,0.7808609165566076,
15847,1.0088258090101876,
15848,1.1547468219236907,
15849,0.8575377070741219,
15850,0.789009797659131,
15851,0.8457129313781157,
15852,0.9260762297092451,
15853,0.7277892890489791,
15854,0.884670913056705,
15855,0.968799777491608,
15856,0.7928432184338269,
15857,1.1032348507063658,
15858,1.0949406461312872,
15859,0.8887658459003109,
15860,0.7584133388040868,
15861,0.7166793577989803,
15862,0.9383767177627377,
15863,1.0547105228624505,
15864,0.8352150490949721,
15865,0.869991713633877,
15866,0.8141233601279119,
15867,0.7465336382487794,
15868,1.0527282863075598,
15869,0.8424638185254971,
15870,1.02387978013323,
15871,0.9324899500000963,
15872,0.9200911902010033,
15873,0.6814141917707984,
15874,0.8611488075088294,
15875,0.8444699371105551,
15876,0.8957444714865983,
15877,0.8656755961057977,
15878,0.7506375211104048,
15879,0.8695510986447318,
15880,1.1575490462456672,
15881,0.794363236126654,
15882,0.8209227365811671,
15883,0.7716824987035853,
15884,0.9117469917117016,
15885,0.9917713558044973,
15886,0.8943878632969425,
15887,0.8311683645631361,
15888,1.0661959738317033,
15889,1.1284952761376512,
15890,0.9661802407977828,
15891,0.8969037456049103,
15892,0.8677512507785349,
15893,0.9739615252325178,
15894,1.045472313969669,
15895,0.6362777860345876,
15896,1.0005287123244009,
15897,0.9152324392552756,
15898,0.9908902406036948,
15899,1.069826966623747,
15900,0.9841209979867739,
15901,1.107047599429979,
15902,0.914390640150784,
15903,0.8392722074980683,
15904,0.6477839781074429,
15905,0.8570522857694751,
15906,0.8821285063517487,
15907,0.8886886088971994,
15908,0.6244179215632036,
15909,0.9019485225860006,
15910,0.910058565548467,
15911,1.0923744320042024,
15912,0.8521117253173961,
15913,0.8467954225569196,
15914,0.8168718412306073,
15915,1.1600456604143847,
15916,0.889863198135465,
15917,1.0224957568336068,
15918,0.8898656752534407,
15919,0.9031634705753517,
15920,0.9637338916126944,
15921,0.8632759627860589,
15922,0.7910819237481831,
15923,0.8585797197291584,
15924,0.7967107218198545,
15925,0.9066205916050124,
15926,0.8124890957825933,
15927,0.8274397836503576,
15928,1.0360549081082802,
15929,0.9222335989979379,
15930,1.020600392257227,
15931,0.9652921778307949,
15932,0.9169597094061742,
15933,0.9797083643367449,
15934,0.9097615337736659,
15935,0.9802478471358186,
15936,0.89012171008895,
15937,0.8355872777033574,
15938,1.0276584149421741,
15939,0.753777788034346,
15940,0.8294432497179137,
15941,0.8493135190354186,
15942,0.9893010086223452,
15943,0.6892655210963553,
15944,1.087005495198048,
15945,0.8388017954413677,
15946,0.8456736794364633,
15947,1.0482218402428807,
15948,0.8768096170538053,
15949,0.8168240054167565,
15950,0.9205893611734611,
15951,0.5811724336303117,
15952,0.8852328204735577,
15953,0.98991021648002,
15954,0.9771096380026326,
15955,1.0963154787666796,
15956,0.8067948173389282,
15957,1.0711205207398284,
15958,1.101260997663407,
15959,0.9812004389019463,
15960,1.030865246845853,
15961,0.9371200547440967,
15962,0.8491593171658413,
15963,0.6884240276019534,
15964,1.1104552677497799,
15965,0.8274903305831122,
15966,1.0559220393012945,
15967,1.020200329887291,
15968,0.7573903151213942,
15969,0.7341791313614104,
15970,0.9423278972609187,
15971,1.0612136169941928,
15972,0.8765521252977989,
15973,0.9563013883987892,
15974,1.0862541200653815,
15975,0.799190969969869,
15976,0.8277477282109994,
15977,0.7868059403332964,
15978,0.8502067587657511,
15979,1.1498212796575102,
15980,0.8974525773976602,
15981,0.9468883767399183,
15982,0.5578437506518967,
15983,0.9618341398156357,
15984,0.652732155993102,
15985,0.9872565029422246,
15986,0.837832394258467,
15987,0.9683199856341663,
15988,0.9797371377625973,
15989,0.7566631695114028,
15990,1.0786209162596907,
15991,0.8117412615614618,
15992,0.8147143256073418,
15993,0.7911037777404896,
15994,0.9623076862431711,
15995,0.8887529128566757,
15996,0.9040840645388649,
15997,0.9499661375623515,
15998,0.8452721427372305,
15999,0.9782487817127739,
16000,0.9043698804775239,
16001,0.789334695575635,
16002,0.8341591404202393,
16003,0.8899258794252068,
16004,0.9053087475116648,
16005,0.8971552002583278,
16006,0.6507128141553807,
16007,0.7920408418984405,
16008,0.8875813766370606,
16009,0.7277146560930662,
16010,0.7301003733642473,
16011,0.8217985670984442,
16012,0.9940603098499443,
16013,0.9299151641435747,
16014,1.028810647978847,
16015,0.9479744348246434,
16016,0.998505328419393,
16017,0.7155681239046608,
16018,0.9965834141463481,
16019,0.6869741387727443,
16020,0.9618186712164924,
16021,0.7009916430252928,
16022,0.7709409539324793,
16023,0.9149381821690574,
16024,0.906017670287578,
16025,0.9636107119419706,
16026,0.9776726005104172,
16027,0.8729211785331834,
16028,1.1360797500557427,
16029,0.9412623775018204,
16030,0.9992344767755983,
16031,0.8789433532928708,
16032,0.6765098853258581,
16033,0.8652638304781878,
16034,0.9532203730606905,
16035,0.9006653598317197,
16036,0.7943432302437045,
16037,0.9617074025309835,
16038,0.8744363196090551,
16039,0.9324292328110041,
16040,0.8398517871834706,
16041,1.102427303043754,
16042,0.7270584871203967,
16043,0.9879419741596724,
16044,0.7618960044863786,
16045,0.9315278823535238,
16046,0.9192513261481371,
16047,0.9774834000999103,
16048,0.948826537702362,
16049,0.8849619610477616,
16050,1.077131142678433,
16051,0.7303955389811893,
16052,0.5851203773893937,
16053,0.9763735521896872,
16054,0.9398045741108357,
16055,0.8164861180018509,
16056,0.8617632111874542,
16057,0.844192338083536,
16058,1.0218278523177522,
16059,0.6383178146151208,
16060,0.6599928389616501,
16061,1.0256146154419408,
16062,0.9612494693153801,
16063,1.0611764152609822,
16064,0.8644924412408936,
16065,0.9631338821770989,
16066,1.1663039182651427,
16067,0.8570947497307527,
16068,0.8235477678205407,
16069,0.7726048176452394,
16070,0.7870567947322589,
16071,0.8846324201744318,
16072,1.0563812036412483,
16073,0.7323801084627823,
16074,0.9414374438734622,
16075,0.9327933408245631,
16076,0.9715240469067128,
16077,0.7955564902827343,
16078,0.8594287297330918,
16079,0.8540700446846285,
16080,0.9678154292678668,
16081,0.8642415244451181,
16082,0.6770600638572097,
16083,0.8081002482906092,
16084,0.9755824013424957,
16085,0.7945515653041555,
16086,0.6769322520817507,
16087,0.9845762723834335,
16088,1.1100282150338512,
16089,0.8957489248494808,
16090,0.8997464111811585,
16091,0.7613139309055978,
16092,0.6982360852797801,
16093,0.7877284244655696,
16094,0.9872925474406659,
16095,1.0806700350205856,
16096,0.9642502684114765,
16097,0.957159607024002,
16098,0.7793233070413972,
16099,0.9193458963940357,
16100,0.9452802663608013,
16101,0.8693139959665044,
16102,1.0101100960034706,
16103,0.8706013485721167,
16104,0.9758568485481396,
16105,0.7518412711600649,
16106,0.9685399221546889,
16107,0.8917656672764742,
16108,0.7741513328592218,
16109,0.7096614900058161,
16110,0.9286408087320142,
16111,0.8039791019958689,
16112,0.7659541025103972,
16113,0.7565398095650093,
16114,0.8652809077895759,
16115,0.8779036451389286,
16116,0.9669173242112973,
16117,0.8657617626242907,
16118,0.6390639346211282,
16119,0.8733197123870191,
16120,0.8002161989406181,
16121,0.6276370477944329,
16122,1.0084320797150765,
16123,1.2236869962951118,
16124,0.9800449771444536,
16125,0.9132245503703509,
16126,0.879256755072234,
16127,0.7364134438671446,
16128,0.7994288904992118,
16129,0.8826330871989242,
16130,1.1845516103729075,
16131,0.8025406955325401,
16132,1.0859422321521466,
16133,0.8433225992449804,
16134,0.861587567930002,
16135,0.9201623574190136,
16136,0.9958644401503034,
16137,1.0605064224497462,
16138,1.2141257558211562,
16139,0.6610926520076389,
16140,0.916135274001547,
16141,0.9261505194544941,
16142,0.7509256850633551,
16143,0.7920867917139742,
16144,1.2541812540931663,
16145,0.8930421347160726,
16146,1.0814135272435952,
16147,0.887325308930287,
16148,0.9970433729354521,
16149,1.0444587630404094,
16150,0.6339986751514076,
16151,0.8565694835921824,
16152,0.7815590328264019,
16153,1.0505847998902322,
16154,0.7736018311099008,
16155,1.0267238344078156,
16156,0.9405025013066995,
16157,0.9216602290865052,
16158,0.9844138056340039,
16159,0.8639962694908287,
16160,0.9750585787338811,
16161,0.9796366656502188,
16162,0.8841033998809322,
16163,0.9453653964978422,
16164,0.7633631037582936,
16165,1.028525111976382,
16166,0.8786392599903593,
16167,0.7762039549901211,
16168,1.0845421096692132,
16169,0.7328258191340722,
16170,0.7564751383435816,
16171,1.0087142493137788,
16172,0.8884623161933259,
16173,0.7762493643914221,
16174,0.9829512376524068,
16175,0.7311221530895234,
16176,0.9989998048610569,
16177,0.9393303378953302,
16178,0.7784504322462952,
16179,0.8006478703236577,
16180,0.8004293837388082,
16181,0.9631166881238286,
16182,0.7772284268496431,
16183,0.8931364014561014,
16184,0.9807466149824731,
16185,0.7346369948225113,
16186,0.7624803805083432,
16187,0.6510754875723949,
16188,0.9828349477877405,
16189,0.8941084577585469,
16190,0.8933927594933297,
16191,0.8430499012519681,
16192,0.9119893397150152,
16193,0.9411871920486654,
16194,0.8594641665034439,
16195,0.9191616241580377,
16196,0.7496866414228457,
16197,0.7575499598282296,
16198,0.8595425414942226,
16199,0.6378548754068006,
16200,0.8123731627343079,
16201,0.9033464101759694,
16202,0.8507488957274533,
16203,0.8407301213734029,
16204,0.9623720903396967,
16205,0.8299776620290757,
16206,0.7949980308904814,
16207,0.96776909780501,
16208,1.0027331772391204,
16209,0.8934624316258397,
16210,0.7609242525577786,
16211,1.0300075737916845,
16212,0.9017044608301225,
16213,0.8711748378349107,
16214,1.0399820651320362,
16215,0.9870301622759213,
16216,1.0413559494391893,
16217,0.9385638893295436,
16218,0.8993564186149007,
16219,0.9808254991386476,
16220,0.7118180584081809,
16221,0.7926363251736841,
16222,0.723429242838286,
16223,0.8617152621951518,
16224,0.9312714357041413,
16225,0.816187615373939,
16226,0.8808414135190737,
16227,0.5311482865257631,
16228,0.976700416120642,
16229,0.7357697963919305,
16230,0.8299856178948349,
16231,0.5747297607887506,
16232,0.97712675811863,
16233,0.8122842265879866,
16234,0.9731583068160256,
16235,0.720262315746828,
16236,1.0675672165796606,
16237,0.8029293101705993,
16238,0.92810042719121,
16239,0.7015166163918802,
16240,1.1244005704658109,
16241,1.0488288472126603,
16242,0.6823728059282146,
16243,0.894129389521233,
16244,0.7328220034171383,
16245,0.7050151590277396,
16246,0.8321322462968922,
16247,0.7618735973321088,
16248,0.429833951518815,
16249,0.910642870400937,
16250,0.752169354067324,
16251,0.8255992755432027,
16252,0.9912994596257495,
16253,0.9613092868010341,
16254,0.8088055157229933,
16255,0.7617644902553384,
16256,0.9954515227304584,
16257,0.7768763223557587,
16258,0.7793028879785523,
16259,1.0905087125055029,
16260,0.9070402503493491,
16261,0.7020395663538171,
16262,0.9841472945214557,
16263,0.9804676581137912,
16264,1.0701417744817223,
16265,0.8476137313616303,
16266,1.0458650528250628,
16267,0.8013708727685402,
16268,0.7543010063604998,
16269,0.8850132541188364,
16270,0.9335643315737472,
16271,0.8271085548725953,
16272,0.8870178303370523,
16273,1.1686196694125366,
16274,0.8084111957398036,
16275,0.9875599908279874,
16276,0.7000358779350127,
16277,0.9219690924783395,
16278,0.8450582773620483,
16279,0.7901827458514212,
16280,0.974613701457259,
16281,0.7608490759722488,
16282,0.8532112966557903,
16283,0.7329978160886755,
16284,0.7638653327898847,
16285,0.8780780892214956,
16286,0.8714504538979223,
16287,0.9436466718389286,
16288,0.9205553760606392,
16289,1.1100811262359516,
16290,0.8505168424503764,
16291,1.08795549295995,
16292,0.8030617377821089,
16293,0.8620527093808515,
16294,0.9290246140617093,
16295,0.9811599997813492,
16296,1.083083654139869,
16297,0.8637369946567383,
16298,0.9718910719301916,
16299,0.8199878414262287,
16300,0.7959688487161207,
16301,0.8442023651293896,
16302,0.8611181459639388,
16303,0.9456286589291132,
16304,0.8566100361553195,
16305,1.0060478476512944,
16306,0.932377637968402,
16307,0.5955984477551494,
16308,0.8528139891719821,
16309,0.8376821360247638,
16310,1.0422487470529815,
16311,0.932329608267249,
16312,0.8333030656509754,
16313,1.0928259331099617,
16314,0.9880842242341716,
16315,0.957906820907659,
16316,0.878725479780664,
16317,0.8924566661617457,
16318,0.9272416272569742,
16319,1.0056107403726275,
16320,0.74061796179248,0.7835253253470007
16321,0.9313676757671357,
16322,1.123855483870967,
16323,0.8979266189138028,
16324,0.9637878494343919,
16325,0.9915661274473107,
16326,0.7904770607540921,
16327,0.8730606919934162,
16328,1.0051558694826475,
16329,0.6426350739441066,
16330,0.5469388005487427,
16331,1.056308160921507,
16332,1.0133915212490139,
16333,1.0093763038087036,
16334,0.999207100196056,
16335,0.8489361184127122,
16336,1.029472777141065,
16337,0.8761832376608822,
16338,0.789274429279883,
16339,0.8065934711433872,
16340,0.7798668216319873,
16341,0.9653250989216952,
16342,0.9711115393559807,
16343,0.747659246801657,
16344,0.9767365540121321,
16345,1.1733686149893694,
16346,0.7505714328356621,
16347,0.9903446685342473,
16348,0.9779694320239323,
16349,1.03726624292151,
16350,1.1182936314725118,
16351,0.873932933803868,
16352,0.9268719510465117,
16353,0.9211267164481444,
16354,0.9764815306483804,
16355,0.969844729914052,
16356,0.995901007256773,
16357,0.707042375111373,
16358,0.7723974511665965,
16359,1.0666662805379112,
16360,0.960948323968422,
16361,1.026476133839869,
16362,0.763966370834477,
16363,0.7547140507193517,
16364,0.7812896500361965,
16365,1.0464168447959914,
16366,1.0176541696552264,
16367,0.5316231944169975,
16368,0.8230627271184974,
16369,0.9297139010726673,
16370,0.9858805749901096,
16371,0.8658245020824274,
16372,0.701342370331044,
16373,0.8611960727105159,
16374,0.822528892240315,
16375,0.937185030699416,
16376,1.0067824838461659,
16377,1.1650857618098411,
16378,0.8150860234231807,
16379,0.9340762693869277,
16380,0.8811998018954179,
16381,0.7673700971987946,
16382,1.0220068126788977,
16383,0.7551843526416159,
16384,1.0407710831811792,0.8951524735429298
